show_id,type,title,director,cast,country,date_added,release_year,rating,duration,listed_in,description,Added_Year,Added_Month,Added_Day,Primary_Country,Primary_Genre,Content_Type,Movie_Duration_Minutes,Season_Count
s52,Movie,Last Shadow,Noah Garcia,"Priya Johnson, Fatima Muller, Sofia Garcia, Priya Muller",Australia,2002-09-21,2001,TV-G,91 min,"Romantic Movies, Anime","An emotional story that explores family, ambition, and the human condition.",2002,9,21,Australia,Romantic Movies,Movie,91.0,
s523,Movie,Last Story,Fatima Diaz,"Lucas Costa, Priya Nguyen",Spain,2009-12-07,2009,TV-Y,172 min,Kids' TV,"An emotional story that explores family, ambition, and the human condition.",2009,12,7,Spain,Kids' TV,Movie,172.0,
s180,Movie,Broken Truth,Carlos Nguyen,"Amara Diaz, Omar Muller, Kenji Tanaka",Australia,2003-10-01,2001,PG,98 min,"Comedies, Sci-Fi & Fantasy, Horror Movies","An emotional story that explores family, ambition, and the human condition.",2003,10,1,Australia,Comedies,Movie,98.0,
s1174,TV Show,The Story,Unknown,"Priya Johnson, Priya Sharma",Brazil,2015-07-02,2014,TV-G,1 Seasons,"Kids' TV, Romantic Movies, Documentaries","An emotional story that explores family, ambition, and the human condition.",2015,7,2,Brazil,Kids' TV,TV Show,,1.0
s938,Movie,Midnight City,Amara Muller,"Sofia Johnson, Omar Nguyen, Kenji Rossi",Australia,2023-04-01,2022,PG,159 min,"Action & Adventure, Kids' TV, Stand-Up Comedy","An emotional story that explores family, ambition, and the human condition.",2023,4,1,Australia,Action & Adventure,Movie,159.0,
s1153,TV Show,Midnight Legacy,Carlos Nguyen,Lucas Diaz,France,2004-04-30,2002,TV-G,8 Seasons,"Romantic Movies, Reality TV","An emotional story that explores family, ambition, and the human condition.",2004,4,30,France,Romantic Movies,TV Show,,8.0
s206,TV Show,Silent Story,Priya Garcia,"Kenji Johnson, Aiko Kim, Amara Tanaka, Lucas Khan",Japan,2014-10-19,2014,PG,1 Seasons,Kids' TV,"An emotional story that explores family, ambition, and the human condition.",2014,10,19,Japan,Kids' TV,TV Show,,1.0
s657,Movie,Broken World,Sofia Khan,Aiko Kim,United Kingdom,2005-04-23,2005,TV-14,77 min,"International Movies, Documentaries, Romantic Movies","An emotional story that explores family, ambition, and the human condition.",2005,4,23,United Kingdom,International Movies,Movie,77.0,
s1115,TV Show,The Dream,Unknown,"Fatima Diaz, Sofia Rossi, Wei Smith",Egypt,2012-09-19,2011,PG-13,3 Seasons,Dramas,"An emotional story that explores family, ambition, and the human condition.",2012,9,19,Egypt,Dramas,TV Show,,3.0
s35,Movie,Hidden Story,Unknown,"Maria Kim, Aiko Costa, Carlos Johnson, Lucas Kim",Nigeria,2014-01-12,2012,TV-PG,147 min,Dramas,"An emotional story that explores family, ambition, and the human condition.",2014,1,12,Nigeria,Dramas,Movie,147.0,
s736,TV Show,Last Story,Kenji Diaz,"Kenji Kim, James Nguyen, Carlos Tanaka",Canada,2021-11-27,2020,TV-14,2 Seasons,"Stand-Up Comedy, Documentaries","An emotional story that explores family, ambition, and the human condition.",2021,11,27,Canada,Stand-Up Comedy,TV Show,,2.0
s64,Movie,A Shadow,Fatima Nguyen,"Maria Kim, Kenji Brown, Noah Khan, James Khan, Carlos Chen",Japan,2009-03-26,2008,TV-14,189 min,"Sci-Fi & Fantasy, Kids' TV, Stand-Up Comedy","An emotional story that explores family, ambition, and the human condition.",2009,3,26,Japan,Sci-Fi & Fantasy,Movie,189.0,
s762,Movie,Hidden Legacy,Noah Kim,Unknown,Japan,2010-12-29,2009,TV-G,68 min,Horror Movies,"An emotional story that explores family, ambition, and the human condition.",2010,12,29,Japan,Horror Movies,Movie,68.0,
s928,Movie,The Dream,Liam Muller,"Elena Costa, Fatima Chen, Carlos Smith, Liam Chen",United Kingdom,2021-02-20,2019,TV-Y,102 min,Action & Adventure,"An emotional story that explores family, ambition, and the human condition.",2021,2,20,United Kingdom,Action & Adventure,Movie,102.0,
s455,TV Show,Broken Shadow,Unknown,"Kenji Sharma, Kenji Rossi",Canada,2010-10-25,2009,R,7 Seasons,Anime,"An emotional story that explores family, ambition, and the human condition.",2010,10,25,Canada,Anime,TV Show,,7.0
s1074,Movie,Midnight City,Unknown,"Lucas Diaz, Carlos Diaz, James Chen, Omar Sharma",Mexico,2005-07-26,2004,TV-PG,180 min,"Crime TV Shows, Dramas","An emotional story that explores family, ambition, and the human condition.",2005,7,26,Mexico,Crime TV Shows,Movie,180.0,
s446,Movie,Midnight Journey,Liam Muller,"Amara Khan, Wei Diaz, Kenji Garcia, Fatima Brown",Germany,2017-10-23,2016,TV-MA,100 min,"Action & Adventure, Reality TV","An emotional story that explores family, ambition, and the human condition.",2017,10,23,Germany,Action & Adventure,Movie,100.0,
s351,Movie,Midnight Truth,Liam Sharma,"Wei Johnson, Wei Muller, Kenji Sharma, Lucas Sharma, Kenji Sharma",Brazil,2003-07-22,2001,PG,144 min,"Dramas, Anime, Thrillers","An emotional story that explores family, ambition, and the human condition.",2003,7,22,Brazil,Dramas,Movie,144.0,
s173,TV Show,The City,Priya Johnson,"Wei Rossi, Liam Johnson, Fatima Rossi, James Nguyen",Egypt,2006-07-28,2005,TV-14,8 Seasons,"Anime, Horror Movies","An emotional story that explores family, ambition, and the human condition.",2006,7,28,Egypt,Anime,TV Show,,8.0
s514,Movie,Hidden Shadow,Maria Garcia,"Wei Rossi, Priya Kim, Omar Johnson, Aiko Costa, Wei Costa",United Kingdom,2012-12-12,2011,TV-PG,142 min,Reality TV,"An emotional story that explores family, ambition, and the human condition.",2012,12,12,United Kingdom,Reality TV,Movie,142.0,
s221,Movie,Secret Legacy,Aiko Garcia,"Fatima Smith, Wei Johnson, Carlos Rossi, Maria Brown",United States,2020-02-24,2018,TV-14,184 min,Action & Adventure,"An emotional story that explores family, ambition, and the human condition.",2020,2,24,United States,Action & Adventure,Movie,184.0,
s791,TV Show,Midnight Journey,Unknown,"Priya Rossi, Omar Johnson, Kenji Sharma, Fatima Brown",France,2023-02-09,2021,TV-Y,3 Seasons,Documentaries,"An emotional story that explores family, ambition, and the human condition.",2023,2,9,France,Documentaries,TV Show,,3.0
s373,Movie,Golden Legacy,Priya Sharma,"Kenji Costa, Lucas Rossi, Kenji Smith, Aiko Tanaka",Spain,2004-05-15,2003,PG,74 min,"Kids' TV, Comedies","An emotional story that explores family, ambition, and the human condition.",2004,5,15,Spain,Kids' TV,Movie,74.0,
s254,TV Show,A Legacy,Unknown,"James Rossi, Lucas Silva, Kenji Costa",Canada,2021-04-09,2020,TV-PG,2 Seasons,"Comedies, Dramas","An emotional story that explores family, ambition, and the human condition.",2021,4,9,Canada,Comedies,TV Show,,2.0
s453,Movie,Last Kingdom,Unknown,"Elena Brown, Noah Tanaka, Kenji Costa, Carlos Chen",India,2008-05-10,2007,TV-G,125 min,"Kids' TV, Stand-Up Comedy","An emotional story that explores family, ambition, and the human condition.",2008,5,10,India,Kids' TV,Movie,125.0,
s545,Movie,Hidden Legacy,Sofia Costa,Unknown,Mexico,2010-03-13,2009,TV-14,166 min,Horror Movies,"An emotional story that explores family, ambition, and the human condition.",2010,3,13,Mexico,Horror Movies,Movie,166.0,
s526,Movie,Secret Journey,Unknown,Noah Brown,United States,2009-12-22,2009,TV-14,144 min,"Anime, Romantic Movies","An emotional story that explores family, ambition, and the human condition.",2009,12,22,United States,Anime,Movie,144.0,
s190,TV Show,Golden Heart,Noah Chen,"Sofia Nguyen, Carlos Tanaka",Mexico,2023-08-13,2022,TV-14,3 Seasons,"Comedies, Documentaries","An emotional story that explores family, ambition, and the human condition.",2023,8,13,Mexico,Comedies,TV Show,,3.0
s102,TV Show,Secret Truth,Priya Tanaka,"Carlos Costa, James Tanaka, Omar Tanaka",India,2021-04-17,2019,NR,1 Seasons,"Sci-Fi & Fantasy, International Movies","An emotional story that explores family, ambition, and the human condition.",2021,4,17,India,Sci-Fi & Fantasy,TV Show,,1.0
s735,Movie,Last Shadow,Amara Smith,"Liam Silva, Liam Johnson, Carlos Nguyen, Carlos Muller",Egypt,2019-09-13,2019,NR,187 min,"Action & Adventure, International Movies, Horror Movies","An emotional story that explores family, ambition, and the human condition.",2019,9,13,Egypt,Action & Adventure,Movie,187.0,
s335,Movie,Hidden Shadow,Unknown,Liam Garcia,Unknown,2000-03-01,1998,PG,149 min,"Anime, Stand-Up Comedy, Reality TV","An emotional story that explores family, ambition, and the human condition.",2000,3,1,Unknown,Anime,Movie,149.0,
s998,Movie,A Dream,Unknown,"Wei Smith, Omar Chen",Australia,1998-10-03,1998,TV-14,71 min,Romantic Movies,"An emotional story that explores family, ambition, and the human condition.",1998,10,3,Australia,Romantic Movies,Movie,71.0,
s447,TV Show,A Kingdom,Unknown,"Lucas Diaz, Wei Muller",Brazil,2000-09-08,1999,PG,6 Seasons,"Reality TV, Romantic Movies, Dramas","An emotional story that explores family, ambition, and the human condition.",2000,9,8,Brazil,Reality TV,TV Show,,6.0
s171,TV Show,A Kingdom,Priya Silva,Maria Nguyen,United States,2017-05-19,2015,TV-MA,7 Season,Reality TV,"An emotional story that explores family, ambition, and the human condition.",2017,5,19,United States,Reality TV,TV Show,,7.0
s633,TV Show,Broken Legacy,Unknown,"Sofia Diaz, Wei Sharma, Carlos Diaz, Kenji Rossi",United States,1999-11-21,1999,NR,8 Seasons,"Documentaries, Stand-Up Comedy, Comedies","An emotional story that explores family, ambition, and the human condition.",1999,11,21,United States,Documentaries,TV Show,,8.0
s370,TV Show,Last Legacy,Unknown,"Elena Silva, Omar Garcia",Unknown,2020-11-27,2019,R,6 Seasons,"Thrillers, Documentaries","An emotional story that explores family, ambition, and the human condition.",2020,11,27,Unknown,Thrillers,TV Show,,6.0
s286,Movie,Last Story,James Sharma,"Elena Diaz, Liam Chen",Japan,2019-12-22,2019,PG,179 min,"Dramas, International Movies, Romantic Movies","An emotional story that explores family, ambition, and the human condition.",2019,12,22,Japan,Dramas,Movie,179.0,
s1034,Movie,Midnight Heart,Kenji Muller,Maria Brown,France,2007-08-28,2005,R,92 min,"Sci-Fi & Fantasy, Dramas","An emotional story that explores family, ambition, and the human condition.",2007,8,28,France,Sci-Fi & Fantasy,Movie,92.0,
s573,Movie,Broken Shadow,Fatima Kim,"Aiko Johnson, Maria Johnson",France,2007-12-20,2006,R,118 min,"Anime, Action & Adventure, Horror Movies","An emotional story that explores family, ambition, and the human condition.",2007,12,20,France,Anime,Movie,118.0,
s28,Movie,Secret Kingdom,Kenji Rossi,"Lucas Smith, Fatima Muller, Liam Kim, Fatima Garcia, Noah Kim",Egypt,2008-10-20,2007,TV-Y,185 min,Stand-Up Comedy,"An emotional story that explores family, ambition, and the human condition.",2008,10,20,Egypt,Stand-Up Comedy,Movie,185.0,
s427,Movie,Golden Dream,Wei Smith,Unknown,Japan,2008-04-21,2006,TV-G,131 min,"Horror Movies, International Movies","An emotional story that explores family, ambition, and the human condition.",2008,4,21,Japan,Horror Movies,Movie,131.0,
s1200,Movie,Rising Kingdom,Omar Garcia,"Sofia Silva, Lucas Kim, Kenji Kim, Kenji Tanaka",Nigeria,2017-08-26,2017,R,168 min,"Horror Movies, Crime TV Shows, Dramas","An emotional story that explores family, ambition, and the human condition.",2017,8,26,Nigeria,Horror Movies,Movie,168.0,
s279,Movie,A Truth,Lucas Johnson,"Aiko Chen, Kenji Silva",South Korea,2022-04-27,2022,TV-14,170 min,"Reality TV, Sci-Fi & Fantasy, International Movies","An emotional story that explores family, ambition, and the human condition.",2022,4,27,South Korea,Reality TV,Movie,170.0,
s1111,Movie,Midnight Truth,Sofia Nguyen,Wei Nguyen,France,2007-02-14,2006,NR,95 min,Dramas,"An emotional story that explores family, ambition, and the human condition.",2007,2,14,France,Dramas,Movie,95.0,
s666,Movie,Last World,Priya Muller,Sofia Chen,Nigeria,2013-06-30,2012,TV-Y,149 min,Reality TV,"An emotional story that explores family, ambition, and the human condition.",2013,6,30,Nigeria,Reality TV,Movie,149.0,
s962,TV Show,Silent World,Maria Rossi,Unknown,Egypt,2022-12-18,2022,NR,6 Season,Romantic Movies,"An emotional story that explores family, ambition, and the human condition.",2022,12,18,Egypt,Romantic Movies,TV Show,,6.0
s651,Movie,Last Kingdom,Unknown,"Amara Costa, Fatima Garcia, Carlos Brown, Kenji Smith",United States,2007-01-29,2006,TV-MA,89 min,"Action & Adventure, Dramas","An emotional story that explores family, ambition, and the human condition.",2007,1,29,United States,Action & Adventure,Movie,89.0,
s681,Movie,The Dream,Unknown,"Aiko Nguyen, Sofia Nguyen",Nigeria,2013-10-11,2013,TV-MA,98 min,Romantic Movies,"An emotional story that explores family, ambition, and the human condition.",2013,10,11,Nigeria,Romantic Movies,Movie,98.0,
s499,Movie,Golden Journey,Unknown,"Amara Nguyen, Lucas Johnson, James Khan, Maria Brown, Sofia Diaz",India,2007-05-09,2006,NR,135 min,Anime,"An emotional story that explores family, ambition, and the human condition.",2007,5,9,India,Anime,Movie,135.0,
s114,Movie,Broken Legacy,Sofia Muller,"James Diaz, Priya Diaz, Aiko Sharma, Lucas Silva, Elena Diaz",Unknown,2013-12-15,2012,TV-PG,163 min,"Romantic Movies, Sci-Fi & Fantasy, Reality TV","An emotional story that explores family, ambition, and the human condition.",2013,12,15,Unknown,Romantic Movies,Movie,163.0,
s129,TV Show,Last Kingdom,Unknown,"Fatima Diaz, Aiko Kim, Amara Chen, Omar Brown",Spain,2006-06-27,2006,TV-Y,5 Seasons,"Sci-Fi & Fantasy, Action & Adventure","An emotional story that explores family, ambition, and the human condition.",2006,6,27,Spain,Sci-Fi & Fantasy,TV Show,,5.0
s653,TV Show,Silent Heart,Unknown,"Aiko Diaz, Priya Johnson",Unknown,2006-06-01,2004,TV-G,8 Seasons,Stand-Up Comedy,"An emotional story that explores family, ambition, and the human condition.",2006,6,1,Unknown,Stand-Up Comedy,TV Show,,8.0
s674,Movie,Hidden Legacy,Unknown,"Aiko Muller, Sofia Smith, Wei Garcia, Sofia Diaz",France,2011-10-14,2011,TV-PG,119 min,Documentaries,"An emotional story that explores family, ambition, and the human condition.",2011,10,14,France,Documentaries,Movie,119.0,
s47,Movie,Rising Legacy,Elena Chen,"Lucas Silva, Amara Nguyen, Fatima Johnson, Maria Sharma",United Kingdom,2016-03-20,2014,NR,121 min,"Comedies, Sci-Fi & Fantasy","An emotional story that explores family, ambition, and the human condition.",2016,3,20,United Kingdom,Comedies,Movie,121.0,
s1150,TV Show,A Heart,Carlos Muller,"James Chen, Wei Smith, Liam Garcia",United States,2004-12-26,2004,TV-G,8 Season,Crime TV Shows,"An emotional story that explores family, ambition, and the human condition.",2004,12,26,United States,Crime TV Shows,TV Show,,8.0
s1189,Movie,Rising Journey,Priya Kim,"Elena Khan, Wei Chen, Noah Costa, Kenji Rossi",Brazil,2022-01-18,2020,NR,142 min,Action & Adventure,"An emotional story that explores family, ambition, and the human condition.",2022,1,18,Brazil,Action & Adventure,Movie,142.0,
s397,Movie,A Kingdom,Liam Kim,"Wei Chen, Fatima Chen, Amara Chen, Aiko Sharma",India,2004-10-28,2004,R,182 min,"Reality TV, Romantic Movies","An emotional story that explores family, ambition, and the human condition.",2004,10,28,India,Reality TV,Movie,182.0,
s510,Movie,Secret Legacy,Kenji Brown,Unknown,France,2009-06-23,2008,PG,99 min,"International Movies, Crime TV Shows","An emotional story that explores family, ambition, and the human condition.",2009,6,23,France,International Movies,Movie,99.0,
s798,Movie,Hidden Truth,Carlos Kim,"Omar Costa, Liam Johnson, Sofia Muller, Priya Kim",India,2005-02-15,2004,PG-13,119 min,Romantic Movies,"An emotional story that explores family, ambition, and the human condition.",2005,2,15,India,Romantic Movies,Movie,119.0,
s456,Movie,The Legacy,Unknown,"Elena Nguyen, Maria Diaz, Priya Kim, Priya Brown, Liam Khan",Germany,2005-12-01,2005,TV-PG,160 min,"Romantic Movies, Reality TV, International Movies","An emotional story that explores family, ambition, and the human condition.",2005,12,1,Germany,Romantic Movies,Movie,160.0,
s1134,Movie,Golden Legacy,Lucas Kim,"Omar Garcia, James Chen, Kenji Khan",Brazil,2000-08-03,1998,PG,181 min,"Romantic Movies, Crime TV Shows","An emotional story that explores family, ambition, and the human condition.",2000,8,3,Brazil,Romantic Movies,Movie,181.0,
s644,Movie,Broken World,Fatima Brown,"Elena Johnson, James Kim, Carlos Khan, Sofia Johnson, Sofia Smith",United States,2010-04-27,2008,TV-14,131 min,"Action & Adventure, Stand-Up Comedy, Documentaries","An emotional story that explores family, ambition, and the human condition.",2010,4,27,United States,Action & Adventure,Movie,131.0,
s725,Movie,The Heart,Noah Sharma,"Maria Johnson, Amara Chen, Omar Smith, Aiko Diaz, Amara Muller",India,2019-03-07,2017,TV-PG,106 min,"Documentaries, Sci-Fi & Fantasy, Action & Adventure","An emotional story that explores family, ambition, and the human condition.",2019,3,7,India,Documentaries,Movie,106.0,
s621,Movie,Silent Truth,Unknown,"Omar Diaz, Aiko Kim, Priya Rossi, Carlos Khan",Mexico,2009-09-15,2008,TV-PG,78 min,"International Movies, Action & Adventure","An emotional story that explores family, ambition, and the human condition.",2009,9,15,Mexico,International Movies,Movie,78.0,
s409,TV Show,A World,Wei Kim,"James Garcia, Aiko Brown",Brazil,2005-04-09,2004,TV-Y,1 Seasons,"Anime, Reality TV","An emotional story that explores family, ambition, and the human condition.",2005,4,9,Brazil,Anime,TV Show,,1.0
s922,Movie,Silent Truth,Noah Smith,"Priya Silva, Kenji Kim, Priya Silva, Noah Khan, Kenji Rossi",France,2009-09-03,2009,TV-G,149 min,International Movies,"An emotional story that explores family, ambition, and the human condition.",2009,9,3,France,International Movies,Movie,149.0,
s285,TV Show,Rising Journey,Lucas Johnson,Priya Sharma,Germany,2014-02-13,2012,R,6 Seasons,"Comedies, Dramas, Thrillers","An emotional story that explores family, ambition, and the human condition.",2014,2,13,Germany,Comedies,TV Show,,6.0
s879,TV Show,Broken Journey,Sofia Khan,Omar Brown,Italy,2015-08-23,2014,PG-13,8 Seasons,"Anime, Sci-Fi & Fantasy","An emotional story that explores family, ambition, and the human condition.",2015,8,23,Italy,Anime,TV Show,,8.0
s368,Movie,Secret Heart,Kenji Sharma,"Sofia Diaz, Fatima Nguyen, Sofia Rossi, Fatima Rossi",Japan,2022-10-08,2022,R,180 min,"Crime TV Shows, Documentaries","An emotional story that explores family, ambition, and the human condition.",2022,10,8,Japan,Crime TV Shows,Movie,180.0,
s1175,Movie,Hidden Journey Hidden Journey,Wei Garcia,Unknown,Egypt,2019-03-02,2017,TV-MA,140 min,"Stand-Up Comedy, Anime","An emotional story that explores family, ambition, and the human condition.",2019,3,2,Egypt,Stand-Up Comedy,Movie,140.0,
s431,Movie,Hidden Shadow,Unknown,"Amara Smith, Omar Costa, Lucas Muller, Priya Muller, Amara Diaz",France,2023-02-21,2022,NR,126 min,International Movies,"An emotional story that explores family, ambition, and the human condition.",2023,2,21,France,International Movies,Movie,126.0,
s759,Movie,Silent Heart,Lucas Chen,Fatima Johnson,Unknown,2008-11-30,2008,PG,61 min,"Anime, Action & Adventure","An emotional story that explores family, ambition, and the human condition.",2008,11,30,Unknown,Anime,Movie,61.0,
s61,TV Show,Golden Legacy,Unknown,"Lucas Silva, Sofia Smith, Fatima Muller",Unknown,2013-09-22,2013,TV-14,1 Seasons,"Crime TV Shows, Kids' TV, Romantic Movies","An emotional story that explores family, ambition, and the human condition.",2013,9,22,Unknown,Crime TV Shows,TV Show,,1.0
s229,TV Show,Midnight Journey,Unknown,Lucas Nguyen,Egypt,2014-04-09,2012,TV-G,2 Seasons,"Action & Adventure, Reality TV","An emotional story that explores family, ambition, and the human condition.",2014,4,9,Egypt,Action & Adventure,TV Show,,2.0
s826,Movie,Midnight Legacy,Elena Sharma,"Kenji Chen, Carlos Brown, Aiko Smith, Lucas Garcia",Australia,2007-04-07,2006,NR,127 min,"Documentaries, Crime TV Shows, Thrillers","An emotional story that explores family, ambition, and the human condition.",2007,4,7,Australia,Documentaries,Movie,127.0,
s362,TV Show,Midnight Heart,Unknown,"Sofia Silva, Kenji Muller, Omar Sharma, James Brown, Kenji Kim",United States,2000-08-03,1999,NR,7 Seasons,Stand-Up Comedy,"An emotional story that explores family, ambition, and the human condition.",2000,8,3,United States,Stand-Up Comedy,TV Show,,7.0
s650,Movie,Silent Story,Unknown,"Maria Rossi, Maria Costa",Unknown,2019-03-12,2019,PG-13,148 min,"Romantic Movies, Stand-Up Comedy","An emotional story that explores family, ambition, and the human condition.",2019,3,12,Unknown,Romantic Movies,Movie,148.0,
s542,Movie,Golden Truth,Unknown,Aiko Kim,India,2002-03-08,2000,TV-PG,88 min,"Dramas, Romantic Movies","An emotional story that explores family, ambition, and the human condition.",2002,3,8,India,Dramas,Movie,88.0,
s1179,Movie,A Journey,Omar Chen,Noah Smith,Japan,2023-10-23,2021,TV-G,87 min,"Reality TV, Documentaries, Sci-Fi & Fantasy","An emotional story that explores family, ambition, and the human condition.",2023,10,23,Japan,Reality TV,Movie,87.0,
s1106,TV Show,Broken Heart,Omar Smith,"Wei Kim, Amara Tanaka",Australia,2009-04-30,2008,TV-G,4 Seasons,"Crime TV Shows, Stand-Up Comedy","An emotional story that explores family, ambition, and the human condition.",2009,4,30,Australia,Crime TV Shows,TV Show,,4.0
s529,Movie,The Dream,Priya Rossi,"Fatima Chen, Lucas Kim, Maria Garcia",Canada,2001-05-01,2000,TV-G,187 min,"Stand-Up Comedy, Crime TV Shows, Documentaries","An emotional story that explores family, ambition, and the human condition.",2001,5,1,Canada,Stand-Up Comedy,Movie,187.0,
s627,Movie,Last Story,Unknown,"Liam Sharma, Wei Johnson, James Rossi, Amara Nguyen",Spain,2022-04-04,2022,TV-14,119 min,"Comedies, Action & Adventure","An emotional story that explores family, ambition, and the human condition.",2022,4,4,Spain,Comedies,Movie,119.0,
s1170,Movie,Rising Heart,Unknown,Unknown,Brazil,2022-07-14,2021,NR,127 min,Crime TV Shows,"An emotional story that explores family, ambition, and the human condition.",2022,7,14,Brazil,Crime TV Shows,Movie,127.0,
s290,Movie,The Shadow,Omar Chen,"Priya Diaz, Kenji Smith, Carlos Tanaka, Maria Smith",Canada,2001-08-30,2000,PG,128 min,"Crime TV Shows, Anime","An emotional story that explores family, ambition, and the human condition.",2001,8,30,Canada,Crime TV Shows,Movie,128.0,
s10,Movie,Golden Kingdom,Unknown,"Wei Silva, Priya Tanaka, Elena Costa, Maria Sharma",Egypt,2022-07-28,2021,R,161 min,Romantic Movies,"An emotional story that explores family, ambition, and the human condition.",2022,7,28,Egypt,Romantic Movies,Movie,161.0,
s817,Movie,Broken City,Unknown,"Lucas Johnson, Priya Brown",Spain,2016-09-23,2015,TV-Y,77 min,Comedies,"An emotional story that explores family, ambition, and the human condition.",2016,9,23,Spain,Comedies,Movie,77.0,
s54,Movie,A Legacy,Fatima Chen,"Maria Garcia, Elena Garcia, Maria Brown, Maria Diaz",Nigeria,2015-08-17,2014,TV-Y,145 min,"Dramas, International Movies, Crime TV Shows","An emotional story that explores family, ambition, and the human condition.",2015,8,17,Nigeria,Dramas,Movie,145.0,
s768,Movie,Hidden Legacy,Carlos Nguyen,Aiko Silva,India,2008-05-09,2006,TV-G,63 min,Dramas,"An emotional story that explores family, ambition, and the human condition.",2008,5,9,India,Dramas,Movie,63.0,
s398,Movie,Hidden Kingdom,Unknown,"Maria Silva, Maria Khan, James Rossi, Aiko Sharma",Nigeria,2011-01-16,2011,NR,99 min,Romantic Movies,"An emotional story that explores family, ambition, and the human condition.",2011,1,16,Nigeria,Romantic Movies,Movie,99.0,
s1126,Movie,The Dream,Aiko Khan,James Garcia,India,2023-01-25,2022,PG-13,180 min,"Crime TV Shows, Dramas, Comedies","An emotional story that explores family, ambition, and the human condition.",2023,1,25,India,Crime TV Shows,Movie,180.0,
s263,Movie,Silent Dream,Unknown,"Priya Nguyen, Amara Tanaka, Amara Muller, Carlos Brown, Omar Muller",United States,2008-10-27,2007,TV-14,149 min,Stand-Up Comedy,"An emotional story that explores family, ambition, and the human condition.",2008,10,27,United States,Stand-Up Comedy,Movie,149.0,
s41,Movie,Golden Legacy,Priya Costa,"Amara Tanaka, Sofia Brown",Nigeria,2020-10-20,2019,TV-PG,110 min,"Dramas, Action & Adventure","An emotional story that explores family, ambition, and the human condition.",2020,10,20,Nigeria,Dramas,Movie,110.0,
s110,Movie,Broken Kingdom,Unknown,Maria Silva,Brazil,2011-04-26,2010,PG-13,84 min,"Horror Movies, Sci-Fi & Fantasy","An emotional story that explores family, ambition, and the human condition.",2011,4,26,Brazil,Horror Movies,Movie,84.0,
s610,Movie,Last World,Elena Kim,"Fatima Rossi, Wei Costa, Priya Diaz, Elena Costa, Lucas Chen",Egypt,2008-02-28,2008,PG-13,171 min,"Comedies, Horror Movies","An emotional story that explores family, ambition, and the human condition.",2008,2,28,Egypt,Comedies,Movie,171.0,
s846,TV Show,A City,Lucas Johnson,"Elena Smith, James Chen, Elena Brown",Brazil,2008-06-03,2008,PG,5 Seasons,"Anime, Reality TV, Crime TV Shows","An emotional story that explores family, ambition, and the human condition.",2008,6,3,Brazil,Anime,TV Show,,5.0
s1066,Movie,Last Shadow,Unknown,"Priya Rossi, Carlos Smith, Amara Brown",Brazil,2005-02-28,2003,PG,73 min,"Thrillers, Comedies, Crime TV Shows","An emotional story that explores family, ambition, and the human condition.",2005,2,28,Brazil,Thrillers,Movie,73.0,
s1084,TV Show,Broken Heart,Lucas Costa,"Noah Kim, Liam Smith",Nigeria,2002-06-08,2000,PG-13,7 Seasons,"Comedies, Documentaries, International Movies","An emotional story that explores family, ambition, and the human condition.",2002,6,8,Nigeria,Comedies,TV Show,,7.0
s84,Movie,Rising Dream,Unknown,"Lucas Sharma, Noah Sharma, Wei Rossi",United Kingdom,2014-03-26,2013,NR,138 min,"Kids' TV, Thrillers, Stand-Up Comedy","An emotional story that explores family, ambition, and the human condition.",2014,3,26,United Kingdom,Kids' TV,Movie,138.0,
s565,Movie,Rising Story,Unknown,"Lucas Nguyen, Sofia Johnson, Lucas Garcia",Japan,2004-02-08,2003,PG,113 min,"Stand-Up Comedy, Comedies, Thrillers","An emotional story that explores family, ambition, and the human condition.",2004,2,8,Japan,Stand-Up Comedy,Movie,113.0,
s408,Movie,Last Heart,Amara Kim,Unknown,Australia,2002-05-24,2001,TV-14,183 min,"Thrillers, Action & Adventure","An emotional story that explores family, ambition, and the human condition.",2002,5,24,Australia,Thrillers,Movie,183.0,
s99,Movie,Hidden Journey,Unknown,"Aiko Johnson, Elena Johnson, James Chen, Noah Silva, Aiko Nguyen",Australia,2007-09-13,2005,TV-PG,165 min,"Kids' TV, Documentaries, Romantic Movies","An emotional story that explores family, ambition, and the human condition.",2007,9,13,Australia,Kids' TV,Movie,165.0,
s634,TV Show,A Heart,Aiko Chen,"Carlos Rossi, Liam Muller, Kenji Silva, Aiko Brown, Carlos Nguyen",Canada,2010-08-06,2009,TV-14,2 Seasons,"Horror Movies, Stand-Up Comedy","An emotional story that explores family, ambition, and the human condition.",2010,8,6,Canada,Horror Movies,TV Show,,2.0
s1098,Movie,A World,Omar Diaz,"Amara Nguyen, Carlos Silva, James Silva",Germany,2017-12-18,2017,TV-14,136 min,Documentaries,"An emotional story that explores family, ambition, and the human condition.",2017,12,18,Germany,Documentaries,Movie,136.0,
s375,TV Show,Secret Kingdom,Noah Tanaka,"Carlos Silva, Amara Nguyen, Lucas Kim",Canada,2011-10-05,2010,PG-13,5 Seasons,"Sci-Fi & Fantasy, Romantic Movies","An emotional story that explores family, ambition, and the human condition.",2011,10,5,Canada,Sci-Fi & Fantasy,TV Show,,5.0
s271,Movie,A Story,Unknown,"Carlos Chen, Lucas Garcia, Carlos Johnson",Unknown,2016-09-10,2016,TV-14,102 min,"Documentaries, Crime TV Shows","An emotional story that explores family, ambition, and the human condition.",2016,9,10,Unknown,Documentaries,Movie,102.0,
s337,Movie,A City,Priya Sharma,"Sofia Tanaka, Aiko Silva, Sofia Nguyen, Elena Brown",Unknown,2001-10-10,2000,TV-G,119 min,"Crime TV Shows, Reality TV, Stand-Up Comedy","An emotional story that explores family, ambition, and the human condition.",2001,10,10,Unknown,Crime TV Shows,Movie,119.0,
s999,Movie,A Story,James Costa,Liam Costa,Italy,2008-07-03,2008,R,170 min,Romantic Movies,"An emotional story that explores family, ambition, and the human condition.",2008,7,3,Italy,Romantic Movies,Movie,170.0,
s152,Movie,Silent City,Unknown,Unknown,Mexico,2002-04-30,2002,TV-G,129 min,International Movies,"An emotional story that explores family, ambition, and the human condition.",2002,4,30,Mexico,International Movies,Movie,129.0,
s512,TV Show,A Kingdom,Sofia Muller,"Amara Brown, Noah Diaz, Maria Nguyen, Omar Muller, Lucas Smith",Mexico,2013-05-13,2012,PG,1 Seasons,Sci-Fi & Fantasy,"An emotional story that explores family, ambition, and the human condition.",2013,5,13,Mexico,Sci-Fi & Fantasy,TV Show,,1.0
s929,TV Show,Last Kingdom,Aiko Costa,"Priya Johnson, James Silva, Priya Silva",South Korea,2007-04-20,2006,PG,7 Seasons,Comedies,"An emotional story that explores family, ambition, and the human condition.",2007,4,20,South Korea,Comedies,TV Show,,7.0
s620,TV Show,Broken World,Wei Diaz,"James Chen, Omar Garcia, Kenji Tanaka",Unknown,2017-03-19,2017,TV-MA,5 Seasons,"Kids' TV, Comedies, Dramas","An emotional story that explores family, ambition, and the human condition.",2017,3,19,Unknown,Kids' TV,TV Show,,5.0
s1094,TV Show,Broken City,Noah Silva,"Liam Tanaka, Noah Smith, Elena Chen, James Kim",India,2012-09-09,2010,TV-MA,5 Seasons,"Reality TV, Horror Movies, Stand-Up Comedy","An emotional story that explores family, ambition, and the human condition.",2012,9,9,India,Reality TV,TV Show,,5.0
s319,Movie,Midnight Journey,James Nguyen,Amara Costa,Canada,2003-04-25,2001,TV-14,184 min,"Reality TV, Documentaries, Thrillers","An emotional story that explores family, ambition, and the human condition.",2003,4,25,Canada,Reality TV,Movie,184.0,
s232,Movie,Secret City,Liam Sharma,"Noah Garcia, Aiko Brown, Carlos Johnson, Liam Chen, Wei Khan",Australia,2012-06-07,2011,TV-PG,62 min,Thrillers,"An emotional story that explores family, ambition, and the human condition.",2012,6,7,Australia,Thrillers,Movie,62.0,
s858,Movie,Midnight Story,Amara Chen,"Amara Garcia, Maria Brown, Fatima Rossi, Sofia Diaz, Aiko Diaz",Unknown,2014-12-26,2013,R,163 min,International Movies,"An emotional story that explores family, ambition, and the human condition.",2014,12,26,Unknown,International Movies,Movie,163.0,
s1122,Movie,The Dream,Noah Chen,"Sofia Kim, Aiko Rossi, Sofia Johnson, Omar Johnson",Mexico,2017-09-29,2017,NR,133 min,"Documentaries, Stand-Up Comedy, Thrillers","An emotional story that explores family, ambition, and the human condition.",2017,9,29,Mexico,Documentaries,Movie,133.0,
s55,Movie,A Truth,Unknown,Fatima Nguyen,India,2010-12-21,2009,PG-13,171 min,Action & Adventure,"An emotional story that explores family, ambition, and the human condition.",2010,12,21,India,Action & Adventure,Movie,171.0,
s432,Movie,Last Shadow,Unknown,"Elena Tanaka, Noah Garcia",Unknown,2020-03-01,2018,NR,155 min,"Stand-Up Comedy, Action & Adventure","An emotional story that explores family, ambition, and the human condition.",2020,3,1,Unknown,Stand-Up Comedy,Movie,155.0,
s142,TV Show,Secret Story,Unknown,"Maria Smith, Priya Smith, Wei Costa",Egypt,2021-08-27,2020,TV-PG,8 Seasons,"International Movies, Thrillers","An emotional story that explores family, ambition, and the human condition.",2021,8,27,Egypt,International Movies,TV Show,,8.0
s811,Movie,A World,Unknown,"Kenji Smith, Noah Muller, Omar Diaz, James Nguyen, Liam Sharma",United Kingdom,2000-11-18,2000,PG,110 min,"Action & Adventure, Romantic Movies, Anime","An emotional story that explores family, ambition, and the human condition.",2000,11,18,United Kingdom,Action & Adventure,Movie,110.0,
s98,TV Show,Secret Journey,Priya Kim,"Noah Brown, Elena Tanaka, Aiko Sharma, Fatima Chen",Italy,2016-12-09,2015,TV-14,2 Seasons,Crime TV Shows,"An emotional story that explores family, ambition, and the human condition.",2016,12,9,Italy,Crime TV Shows,TV Show,,2.0
s757,Movie,Last Kingdom,Sofia Muller,Kenji Tanaka,Italy,2014-09-29,2013,TV-G,134 min,Sci-Fi & Fantasy,"An emotional story that explores family, ambition, and the human condition.",2014,9,29,Italy,Sci-Fi & Fantasy,Movie,134.0,
s985,TV Show,Last Heart,Wei Nguyen,"James Johnson, Liam Rossi, Kenji Johnson, Liam Muller, Fatima Nguyen",South Korea,2007-04-11,2006,TV-14,3 Seasons,Crime TV Shows,"An emotional story that explores family, ambition, and the human condition.",2007,4,11,South Korea,Crime TV Shows,TV Show,,3.0
s572,TV Show,The Shadow,Priya Kim,"Priya Muller, Carlos Kim, Carlos Silva, Elena Muller, Aiko Khan",Germany,2015-03-09,2014,PG,1 Seasons,"Thrillers, Reality TV, Action & Adventure","An emotional story that explores family, ambition, and the human condition.",2015,3,9,Germany,Thrillers,TV Show,,1.0
s433,Movie,Hidden Shadow,Unknown,"Aiko Diaz, Carlos Chen, Carlos Smith",Egypt,2012-10-29,2011,NR,175 min,Reality TV,"An emotional story that explores family, ambition, and the human condition.",2012,10,29,Egypt,Reality TV,Movie,175.0,
s524,TV Show,Midnight Legacy,Liam Brown,Carlos Sharma,Japan,2000-04-12,1999,TV-14,1 Seasons,"Crime TV Shows, Horror Movies, Action & Adventure","An emotional story that explores family, ambition, and the human condition.",2000,4,12,Japan,Crime TV Shows,TV Show,,1.0
s13,Movie,Midnight Heart,Carlos Brown,"Priya Khan, Omar Johnson, Omar Garcia",Unknown,2010-01-29,2009,TV-PG,118 min,"Comedies, Documentaries","An emotional story that explores family, ambition, and the human condition.",2010,1,29,Unknown,Comedies,Movie,118.0,
s686,Movie,Hidden Story,Fatima Smith,"Maria Costa, Priya Johnson, Priya Brown, Lucas Muller, James Kim",Brazil,1999-02-07,1998,TV-G,155 min,"Stand-Up Comedy, Anime, International Movies","An emotional story that explores family, ambition, and the human condition.",1999,2,7,Brazil,Stand-Up Comedy,Movie,155.0,
s818,Movie,Midnight Kingdom,Elena Muller,"Noah Johnson, Noah Kim, Liam Smith",Unknown,2019-12-20,2019,TV-G,134 min,"Action & Adventure, Documentaries, Comedies","An emotional story that explores family, ambition, and the human condition.",2019,12,20,Unknown,Action & Adventure,Movie,134.0,
s147,TV Show,Broken Truth,Wei Chen,"Lucas Kim, Priya Kim, Fatima Chen, Amara Muller",Italy,2020-04-19,2018,PG-13,8 Seasons,Action & Adventure,"An emotional story that explores family, ambition, and the human condition.",2020,4,19,Italy,Action & Adventure,TV Show,,8.0
s680,TV Show,Hidden Kingdom,Unknown,"Noah Garcia, Lucas Sharma",Japan,2011-09-25,2011,TV-PG,7 Season,"Kids' TV, Dramas","An emotional story that explores family, ambition, and the human condition.",2011,9,25,Japan,Kids' TV,TV Show,,7.0
s1136,Movie,Broken Legacy,James Sharma,Unknown,Unknown,2014-03-28,2012,TV-MA,70 min,"Kids' TV, Anime","An emotional story that explores family, ambition, and the human condition.",2014,3,28,Unknown,Kids' TV,Movie,70.0,
s14,Movie,Last Story,Sofia Johnson,Kenji Nguyen,Italy,2003-07-05,2003,R,71 min,"Horror Movies, Documentaries, Anime","An emotional story that explores family, ambition, and the human condition.",2003,7,5,Italy,Horror Movies,Movie,71.0,
s618,Movie,The Dream,Lucas Garcia,"Fatima Sharma, Amara Chen, Priya Rossi, Lucas Smith, Kenji Costa",Canada,2009-01-24,2008,PG-13,144 min,Horror Movies,"An emotional story that explores family, ambition, and the human condition.",2009,1,24,Canada,Horror Movies,Movie,144.0,
s552,Movie,The Shadow,Maria Rossi,"Noah Khan, Lucas Sharma, Amara Khan, Elena Muller",India,1999-08-14,1998,PG,172 min,"Crime TV Shows, International Movies, Documentaries","An emotional story that explores family, ambition, and the human condition.",1999,8,14,India,Crime TV Shows,Movie,172.0,
s889,TV Show,Hidden Dream,Unknown,"Carlos Khan, Lucas Silva",Italy,2016-12-29,2016,TV-Y,4 Seasons,"Crime TV Shows, Reality TV, Documentaries","An emotional story that explores family, ambition, and the human condition.",2016,12,29,Italy,Crime TV Shows,TV Show,,4.0
s699,Movie,The Story,Carlos Muller,"James Silva, Fatima Smith, Liam Rossi, Kenji Johnson",Unknown,2012-03-29,2010,R,75 min,"International Movies, Reality TV","An emotional story that explores family, ambition, and the human condition.",2012,3,29,Unknown,International Movies,Movie,75.0,
s21,Movie,Golden Story,Noah Sharma,"Kenji Garcia, Carlos Muller",Australia,2015-03-05,2014,TV-MA,161 min,Thrillers,"An emotional story that explores family, ambition, and the human condition.",2015,3,5,Australia,Thrillers,Movie,161.0,
s896,Movie,Golden City,Unknown,Wei Costa,India,2009-06-03,2008,TV-MA,120 min,"Documentaries, Horror Movies","An emotional story that explores family, ambition, and the human condition.",2009,6,3,India,Documentaries,Movie,120.0,
s352,TV Show,A City,Lucas Johnson,"Kenji Garcia, Kenji Muller, Maria Tanaka, Sofia Muller, Sofia Johnson",Unknown,2014-04-28,2013,NR,1 Seasons,Dramas,"An emotional story that explores family, ambition, and the human condition.",2014,4,28,Unknown,Dramas,TV Show,,1.0
s825,TV Show,Rising Kingdom,Lucas Costa,"Aiko Kim, Sofia Garcia, Wei Muller",Germany,2021-11-30,2020,NR,1 Seasons,"Sci-Fi & Fantasy, Action & Adventure, Stand-Up Comedy","An emotional story that explores family, ambition, and the human condition.",2021,11,30,Germany,Sci-Fi & Fantasy,TV Show,,1.0
s400,Movie,Rising Shadow,Aiko Khan,"Noah Brown, Kenji Tanaka, James Kim, Elena Khan",Unknown,2011-08-13,2011,R,150 min,"Thrillers, Romantic Movies, Stand-Up Comedy","An emotional story that explores family, ambition, and the human condition.",2011,8,13,Unknown,Thrillers,Movie,150.0,
s205,TV Show,Silent Dream,Unknown,Noah Garcia,Japan,2019-03-13,2017,TV-Y,7 Season,"Thrillers, Sci-Fi & Fantasy, Documentaries","An emotional story that explores family, ambition, and the human condition.",2019,3,13,Japan,Thrillers,TV Show,,7.0
s1172,Movie,Golden World,Liam Muller,"James Nguyen, Elena Johnson",United Kingdom,2008-11-15,2008,TV-Y,149 min,"Crime TV Shows, Kids' TV","An emotional story that explores family, ambition, and the human condition.",2008,11,15,United Kingdom,Crime TV Shows,Movie,149.0,
s678,Movie,Secret Shadow,Priya Chen,"Kenji Muller, Sofia Muller, Lucas Tanaka, Elena Smith, Liam Khan",Unknown,2016-09-12,2016,NR,165 min,"Thrillers, Action & Adventure","An emotional story that explores family, ambition, and the human condition.",2016,9,12,Unknown,Thrillers,Movie,165.0,
s1196,TV Show,Midnight World,Unknown,"Kenji Costa, Fatima Kim",South Korea,2016-12-14,2015,NR,5 Seasons,"Documentaries, Action & Adventure","An emotional story that explores family, ambition, and the human condition.",2016,12,14,South Korea,Documentaries,TV Show,,5.0
s18,TV Show,Secret Heart,Carlos Nguyen,"Aiko Smith, Kenji Tanaka",France,2015-02-27,2013,TV-14,2 Seasons,"Action & Adventure, Crime TV Shows","An emotional story that explores family, ambition, and the human condition.",2015,2,27,France,Action & Adventure,TV Show,,2.0
s390,Movie,The World,Elena Silva,"Elena Diaz, Fatima Khan",Germany,2001-06-23,2000,TV-PG,160 min,"Anime, Dramas","An emotional story that explores family, ambition, and the human condition.",2001,6,23,Germany,Anime,Movie,160.0,
s881,Movie,Hidden Story,Fatima Diaz,"James Khan, Fatima Silva, Sofia Garcia, Lucas Chen",Mexico,2022-11-15,2022,PG-13,118 min,Crime TV Shows,"An emotional story that explores family, ambition, and the human condition.",2022,11,15,Mexico,Crime TV Shows,Movie,118.0,
s504,TV Show,Secret Kingdom,Wei Smith,"Kenji Johnson, Priya Garcia, James Sharma, Elena Smith",Australia,2013-11-14,2013,TV-Y,6 Seasons,"Thrillers, Dramas","An emotional story that explores family, ambition, and the human condition.",2013,11,14,Australia,Thrillers,TV Show,,6.0
s535,Movie,Broken Legacy,Sofia Silva,"Kenji Costa, Priya Tanaka, Wei Smith, Lucas Tanaka, Aiko Garcia",Australia,2010-03-16,2010,TV-G,161 min,"Anime, Thrillers","An emotional story that explores family, ambition, and the human condition.",2010,3,16,Australia,Anime,Movie,161.0,
s273,Movie,Broken Truth Broken Truth,Lucas Sharma,"Elena Diaz, Lucas Johnson, Lucas Garcia, Noah Tanaka",Unknown,2004-05-03,2002,PG-13,149 min,"Dramas, Anime","An emotional story that explores family, ambition, and the human condition.",2004,5,3,Unknown,Dramas,Movie,149.0,
s116,Movie,A Shadow,Noah Rossi,"Priya Khan, Liam Sharma",Australia,2021-04-06,2021,TV-14,188 min,Reality TV,"An emotional story that explores family, ambition, and the human condition.",2021,4,6,Australia,Reality TV,Movie,188.0,
s208,Movie,Silent Truth Silent Truth,James Nguyen,"Fatima Sharma, Omar Costa, Omar Rossi, Elena Silva, Priya Chen",Italy,2011-02-18,2009,NR,90 min,Kids' TV,"An emotional story that explores family, ambition, and the human condition.",2011,2,18,Italy,Kids' TV,Movie,90.0,
s493,Movie,Last Truth,Kenji Muller,"Sofia Rossi, Fatima Rossi, Sofia Nguyen",United States,2007-07-31,2006,TV-G,122 min,"Sci-Fi & Fantasy, Documentaries","An emotional story that explores family, ambition, and the human condition.",2007,7,31,United States,Sci-Fi & Fantasy,Movie,122.0,
s717,TV Show,The Kingdom,Aiko Costa,"Lucas Kim, Omar Muller",Australia,2004-06-09,2002,TV-MA,5 Seasons,"Sci-Fi & Fantasy, Stand-Up Comedy","An emotional story that explores family, ambition, and the human condition.",2004,6,9,Australia,Sci-Fi & Fantasy,TV Show,,5.0
s993,TV Show,Last World,James Sharma,"Wei Smith, Priya Kim, Omar Brown",United Kingdom,2012-09-26,2012,TV-Y,8 Seasons,"Romantic Movies, Stand-Up Comedy","An emotional story that explores family, ambition, and the human condition.",2012,9,26,United Kingdom,Romantic Movies,TV Show,,8.0
s976,Movie,Golden Journey,Maria Johnson,"Sofia Sharma, Carlos Chen, Wei Tanaka, Fatima Nguyen, Carlos Johnson",United States,2023-08-15,2022,PG,63 min,"Romantic Movies, International Movies, Crime TV Shows","An emotional story that explores family, ambition, and the human condition.",2023,8,15,United States,Romantic Movies,Movie,63.0,
s141,Movie,Broken Story,Maria Sharma,"Maria Smith, James Nguyen",Canada,2002-04-18,2000,PG-13,139 min,Dramas,"An emotional story that explores family, ambition, and the human condition.",2002,4,18,Canada,Dramas,Movie,139.0,
s887,Movie,Broken Heart,Priya Tanaka,Unknown,France,2009-01-23,2007,PG,183 min,Crime TV Shows,"An emotional story that explores family, ambition, and the human condition.",2009,1,23,France,Crime TV Shows,Movie,183.0,
s264,TV Show,Midnight Story,Sofia Garcia,Kenji Kim,Australia,2014-07-12,2013,TV-G,2 Seasons,"Stand-Up Comedy, Horror Movies, Romantic Movies","An emotional story that explores family, ambition, and the human condition.",2014,7,12,Australia,Stand-Up Comedy,TV Show,,2.0
s1160,Movie,Golden Kingdom,Elena Brown,"Omar Brown, Amara Sharma, Wei Rossi, Aiko Diaz",United States,2017-06-02,2016,TV-14,138 min,Crime TV Shows,"An emotional story that explores family, ambition, and the human condition.",2017,6,2,United States,Crime TV Shows,Movie,138.0,
s419,Movie,Silent Journey,Noah Costa,"Priya Muller, Kenji Kim, Omar Muller, Amara Garcia",Australia,2011-02-09,2009,NR,121 min,"Crime TV Shows, Dramas, Reality TV","An emotional story that explores family, ambition, and the human condition.",2011,2,9,Australia,Crime TV Shows,Movie,121.0,
s566,TV Show,Silent Heart,Amara Sharma,"Amara Silva, Sofia Silva, Sofia Smith, Lucas Chen",France,2020-06-24,2019,TV-PG,5 Seasons,"Anime, International Movies, Thrillers","An emotional story that explores family, ambition, and the human condition.",2020,6,24,France,Anime,TV Show,,5.0
s485,TV Show,Midnight Heart,Aiko Johnson,"Liam Brown, Omar Garcia, Omar Silva, Omar Silva",United Kingdom,2006-06-26,2004,TV-Y,7 Seasons,"Documentaries, International Movies, Sci-Fi & Fantasy","An emotional story that explores family, ambition, and the human condition.",2006,6,26,United Kingdom,Documentaries,TV Show,,7.0
s1171,Movie,Golden Story,Aiko Khan,"Sofia Kim, Sofia Johnson",United Kingdom,2012-05-18,2010,TV-G,120 min,"Kids' TV, Dramas","An emotional story that explores family, ambition, and the human condition.",2012,5,18,United Kingdom,Kids' TV,Movie,120.0,
s557,Movie,Golden Kingdom,Unknown,Sofia Silva,Australia,2015-07-26,2013,NR,90 min,Horror Movies,"An emotional story that explores family, ambition, and the human condition.",2015,7,26,Australia,Horror Movies,Movie,90.0,
s748,Movie,Hidden Legacy,Noah Chen,"Lucas Smith, Elena Nguyen, Carlos Nguyen, James Costa, Fatima Brown",India,2002-09-04,2000,TV-PG,60 min,"Crime TV Shows, Sci-Fi & Fantasy","An emotional story that explores family, ambition, and the human condition.",2002,9,4,India,Crime TV Shows,Movie,60.0,
s359,Movie,Broken World,Lucas Brown,Noah Smith,Egypt,2006-10-31,2005,PG,145 min,"Action & Adventure, Sci-Fi & Fantasy","An emotional story that explores family, ambition, and the human condition.",2006,10,31,Egypt,Action & Adventure,Movie,145.0,
s109,TV Show,Last Kingdom,James Garcia,Fatima Rossi,Australia,2019-03-12,2017,PG,1 Seasons,"Romantic Movies, Reality TV, Action & Adventure","An emotional story that explores family, ambition, and the human condition.",2019,3,12,Australia,Romantic Movies,TV Show,,1.0
s672,Movie,Midnight World,Unknown,Unknown,Spain,2020-09-13,2019,PG,97 min,Dramas,"An emotional story that explores family, ambition, and the human condition.",2020,9,13,Spain,Dramas,Movie,97.0,
s1113,Movie,Silent Kingdom,Kenji Muller,"Wei Khan, Lucas Sharma, Elena Smith",Germany,2008-03-18,2007,TV-14,120 min,"International Movies, Action & Adventure","An emotional story that explores family, ambition, and the human condition.",2008,3,18,Germany,International Movies,Movie,120.0,
s100,Movie,The World,Omar Chen,"Noah Sharma, James Khan, Kenji Kim, Liam Johnson",Brazil,2013-03-30,2012,R,131 min,"Reality TV, Stand-Up Comedy","An emotional story that explores family, ambition, and the human condition.",2013,3,30,Brazil,Reality TV,Movie,131.0,
s217,Movie,Broken World,Unknown,"Elena Brown, Aiko Silva, Maria Brown, Kenji Tanaka",Nigeria,2005-09-26,2004,TV-14,119 min,Action & Adventure,"An emotional story that explores family, ambition, and the human condition.",2005,9,26,Nigeria,Action & Adventure,Movie,119.0,
s386,Movie,The Journey,Unknown,"Omar Garcia, Lucas Nguyen",United Kingdom,1999-06-22,1998,R,65 min,"Documentaries, Kids' TV, Romantic Movies","An emotional story that explores family, ambition, and the human condition.",1999,6,22,United Kingdom,Documentaries,Movie,65.0,
s421,Movie,Hidden Dream,Omar Kim,Omar Sharma,Egypt,2002-02-21,2000,TV-MA,134 min,"Stand-Up Comedy, Action & Adventure","An emotional story that explores family, ambition, and the human condition.",2002,2,21,Egypt,Stand-Up Comedy,Movie,134.0,
s413,Movie,Golden World,Sofia Muller,Kenji Nguyen,Unknown,2022-06-01,2022,NR,113 min,Crime TV Shows,"An emotional story that explores family, ambition, and the human condition.",2022,6,1,Unknown,Crime TV Shows,Movie,113.0,
s707,Movie,Broken Shadow,Unknown,"Amara Silva, Elena Brown",France,2014-12-28,2013,PG-13,83 min,"Dramas, Reality TV","An emotional story that explores family, ambition, and the human condition.",2014,12,28,France,Dramas,Movie,83.0,
s942,Movie,Last World,Sofia Tanaka,"Maria Kim, Elena Kim, Fatima Diaz",Nigeria,2004-12-27,2004,TV-Y,138 min,Stand-Up Comedy,"An emotional story that explores family, ambition, and the human condition.",2004,12,27,Nigeria,Stand-Up Comedy,Movie,138.0,
s558,Movie,Golden Story,Priya Tanaka,"Kenji Brown, Carlos Brown",Unknown,2021-07-10,2019,NR,117 min,"International Movies, Reality TV","An emotional story that explores family, ambition, and the human condition.",2021,7,10,Unknown,International Movies,Movie,117.0,
s794,Movie,Secret World,Aiko Smith,"Fatima Garcia, James Nguyen",Japan,2020-03-18,2019,R,156 min,Dramas,"An emotional story that explores family, ambition, and the human condition.",2020,3,18,Japan,Dramas,Movie,156.0,
s306,Movie,Silent Legacy,Priya Kim,"Noah Kim, Kenji Garcia, Maria Chen, Liam Brown",India,2011-03-10,2010,TV-Y,90 min,Documentaries,"An emotional story that explores family, ambition, and the human condition.",2011,3,10,India,Documentaries,Movie,90.0,
s914,TV Show,A Story,Elena Johnson,"Sofia Rossi, Carlos Rossi, Amara Muller, Maria Kim, Wei Muller",India,2022-08-14,2022,TV-PG,5 Seasons,"Dramas, Reality TV, Sci-Fi & Fantasy","An emotional story that explores family, ambition, and the human condition.",2022,8,14,India,Dramas,TV Show,,5.0
s663,Movie,Hidden Truth,Lucas Diaz,"Omar Diaz, Fatima Kim, Noah Garcia, Liam Sharma, James Silva",Brazil,2013-10-30,2013,NR,121 min,Action & Adventure,"An emotional story that explores family, ambition, and the human condition.",2013,10,30,Brazil,Action & Adventure,Movie,121.0,
s991,TV Show,Golden Shadow,Wei Smith,"Maria Smith, Priya Tanaka, James Nguyen, Noah Sharma",South Korea,2012-05-13,2010,TV-MA,2 Seasons,Comedies,"An emotional story that explores family, ambition, and the human condition.",2012,5,13,South Korea,Comedies,TV Show,,2.0
s364,Movie,Golden Journey,Aiko Garcia,"Priya Johnson, Maria Kim, Priya Rossi, Maria Garcia, James Costa",Unknown,2022-09-02,2022,TV-G,91 min,International Movies,"An emotional story that explores family, ambition, and the human condition.",2022,9,2,Unknown,International Movies,Movie,91.0,
s24,Movie,Rising Kingdom,Unknown,"Maria Brown, Liam Khan",South Korea,2012-03-02,2010,TV-Y,65 min,"Dramas, Horror Movies","An emotional story that explores family, ambition, and the human condition.",2012,3,2,South Korea,Dramas,Movie,65.0,
s1040,Movie,Midnight Journey,Unknown,"Noah Johnson, Maria Diaz, Noah Nguyen",Japan,1999-06-07,1999,PG-13,181 min,"Kids' TV, Action & Adventure, Comedies","An emotional story that explores family, ambition, and the human condition.",1999,6,7,Japan,Kids' TV,Movie,181.0,
s265,Movie,Midnight Shadow,Sofia Diaz,"Carlos Smith, Kenji Sharma, Sofia Chen, Sofia Smith, Kenji Silva",Australia,1999-12-10,1999,PG-13,78 min,"Reality TV, International Movies","An emotional story that explores family, ambition, and the human condition.",1999,12,10,Australia,Reality TV,Movie,78.0,
s756,Movie,Last Truth,Unknown,"James Nguyen, Maria Brown, Carlos Silva, James Tanaka, Priya Tanaka",Egypt,2005-12-06,2005,TV-G,105 min,"Kids' TV, Action & Adventure, Sci-Fi & Fantasy","An emotional story that explores family, ambition, and the human condition.",2005,12,6,Egypt,Kids' TV,Movie,105.0,
s1123,Movie,Secret Journey,Unknown,Priya Diaz,Egypt,2017-08-11,2016,TV-MA,158 min,"Action & Adventure, Romantic Movies, Stand-Up Comedy","An emotional story that explores family, ambition, and the human condition.",2017,8,11,Egypt,Action & Adventure,Movie,158.0,
s187,TV Show,Broken Kingdom,Omar Diaz,Amara Kim,Spain,2001-03-19,2001,R,4 Season,"Romantic Movies, Reality TV","An emotional story that explores family, ambition, and the human condition.",2001,3,19,Spain,Romantic Movies,TV Show,,4.0
s563,TV Show,Last Story,Fatima Chen,Aiko Rossi,Canada,2016-02-05,2015,PG,8 Seasons,Documentaries,"An emotional story that explores family, ambition, and the human condition.",2016,2,5,Canada,Documentaries,TV Show,,8.0
s863,Movie,Midnight Truth,Wei Nguyen,"Liam Costa, Elena Garcia",United Kingdom,2022-12-09,2022,NR,96 min,"Horror Movies, International Movies, Anime","An emotional story that explores family, ambition, and the human condition.",2022,12,9,United Kingdom,Horror Movies,Movie,96.0,
s948,Movie,A Shadow,Priya Garcia,"Aiko Rossi, Fatima Johnson, Aiko Costa, James Rossi, Liam Rossi",South Korea,2016-03-28,2014,TV-PG,166 min,"Kids' TV, Sci-Fi & Fantasy, International Movies","An emotional story that explores family, ambition, and the human condition.",2016,3,28,South Korea,Kids' TV,Movie,166.0,
s124,TV Show,Broken Journey,Wei Diaz,"Wei Diaz, Fatima Nguyen",Egypt,2012-03-18,2010,TV-14,6 Seasons,"Sci-Fi & Fantasy, Reality TV, Comedies","An emotional story that explores family, ambition, and the human condition.",2012,3,18,Egypt,Sci-Fi & Fantasy,TV Show,,6.0
s639,Movie,Midnight City,Sofia Brown,"Wei Muller, Carlos Khan, Amara Khan, Lucas Diaz, Elena Chen",Spain,2009-10-13,2008,PG,172 min,"Thrillers, Sci-Fi & Fantasy, International Movies","An emotional story that explores family, ambition, and the human condition.",2009,10,13,Spain,Thrillers,Movie,172.0,
s903,Movie,Hidden Kingdom,Unknown,Unknown,India,2021-05-01,2020,TV-MA,102 min,"Comedies, Thrillers, Dramas","An emotional story that explores family, ambition, and the human condition.",2021,5,1,India,Comedies,Movie,102.0,
s1051,TV Show,Broken Legacy,Maria Johnson,Omar Diaz,Nigeria,2019-10-18,2019,PG,1 Seasons,International Movies,"An emotional story that explores family, ambition, and the human condition.",2019,10,18,Nigeria,International Movies,TV Show,,1.0
s769,Movie,Golden Truth,Maria Nguyen,"Carlos Garcia, Fatima Silva, Priya Garcia, Fatima Nguyen",India,2022-12-06,2021,NR,154 min,Documentaries,"An emotional story that explores family, ambition, and the human condition.",2022,12,6,India,Documentaries,Movie,154.0,
s587,Movie,Last Dream,Sofia Diaz,"Maria Smith, Fatima Costa",South Korea,2007-06-06,2006,TV-MA,86 min,"Thrillers, Reality TV","An emotional story that explores family, ambition, and the human condition.",2007,6,6,South Korea,Thrillers,Movie,86.0,
s1139,TV Show,Hidden Truth,Unknown,Unknown,Germany,2004-02-21,2003,R,4 Seasons,"Anime, Dramas","An emotional story that explores family, ambition, and the human condition.",2004,2,21,Germany,Anime,TV Show,,4.0
s148,TV Show,Hidden Dream,Sofia Smith,"Omar Johnson, Sofia Tanaka, Kenji Rossi",Spain,2004-08-02,2003,TV-14,8 Seasons,"Anime, Reality TV, Stand-Up Comedy","An emotional story that explores family, ambition, and the human condition.",2004,8,2,Spain,Anime,TV Show,,8.0
s934,Movie,Secret Kingdom,Elena Johnson,Unknown,Egypt,2022-12-17,2021,TV-PG,180 min,"Comedies, Horror Movies, Action & Adventure","An emotional story that explores family, ambition, and the human condition.",2022,12,17,Egypt,Comedies,Movie,180.0,
s494,TV Show,Secret Kingdom,Unknown,"Omar Garcia, James Rossi, Carlos Garcia, James Nguyen",Spain,2011-11-20,2011,TV-G,7 Seasons,"Action & Adventure, Anime","An emotional story that explores family, ambition, and the human condition.",2011,11,20,Spain,Action & Adventure,TV Show,,7.0
s225,Movie,The Heart,Unknown,Unknown,South Korea,2004-05-16,2002,TV-14,167 min,Documentaries,"An emotional story that explores family, ambition, and the human condition.",2004,5,16,South Korea,Documentaries,Movie,167.0,
s832,Movie,Hidden Truth,James Muller,"Lucas Muller, Lucas Tanaka, Liam Brown",France,2008-02-19,2006,TV-G,76 min,Kids' TV,"An emotional story that explores family, ambition, and the human condition.",2008,2,19,France,Kids' TV,Movie,76.0,
s71,Movie,Golden City,Amara Sharma,"Maria Diaz, Lucas Sharma",Unknown,2010-10-23,2010,NR,161 min,"Reality TV, Kids' TV","An emotional story that explores family, ambition, and the human condition.",2010,10,23,Unknown,Reality TV,Movie,161.0,
s281,TV Show,Silent Story,James Smith,"Aiko Brown, Carlos Khan, Sofia Johnson",Spain,2005-06-04,2003,TV-14,7 Seasons,Documentaries,"An emotional story that explores family, ambition, and the human condition.",2005,6,4,Spain,Documentaries,TV Show,,7.0
s172,Movie,Last Legacy,Sofia Silva,Fatima Nguyen,India,2003-09-07,2002,TV-PG,96 min,Action & Adventure,"An emotional story that explores family, ambition, and the human condition.",2003,9,7,India,Action & Adventure,Movie,96.0,
s749,Movie,Last Dream,Unknown,"Liam Khan, Liam Kim, Maria Costa, Elena Tanaka, James Muller",South Korea,2004-05-17,2003,TV-14,116 min,"Reality TV, Documentaries","An emotional story that explores family, ambition, and the human condition.",2004,5,17,South Korea,Reality TV,Movie,116.0,
s169,Movie,The Journey,Liam Garcia,"Amara Chen, Aiko Diaz, Kenji Kim, James Silva",India,2018-01-30,2016,TV-14,83 min,"Stand-Up Comedy, Crime TV Shows, Comedies","An emotional story that explores family, ambition, and the human condition.",2018,1,30,India,Stand-Up Comedy,Movie,83.0,
s892,Movie,Broken Legacy,Wei Nguyen,Aiko Smith,Unknown,2017-08-05,2016,TV-PG,177 min,"Crime TV Shows, Documentaries, Reality TV","An emotional story that explores family, ambition, and the human condition.",2017,8,5,Unknown,Crime TV Shows,Movie,177.0,
s284,TV Show,Last Truth,Maria Brown,"Elena Tanaka, Sofia Sharma, Elena Sharma, Carlos Smith",Brazil,2017-06-29,2016,TV-MA,1 Seasons,"Dramas, Reality TV","An emotional story that explores family, ambition, and the human condition.",2017,6,29,Brazil,Dramas,TV Show,,1.0
s1053,Movie,Silent Story Silent Story,Unknown,Amara Silva,France,2004-01-10,2003,NR,137 min,Anime,"An emotional story that explores family, ambition, and the human condition.",2004,1,10,France,Anime,Movie,137.0,
s126,Movie,Hidden City,Fatima Costa,James Garcia,Egypt,2002-08-08,2002,TV-Y,134 min,Stand-Up Comedy,"An emotional story that explores family, ambition, and the human condition.",2002,8,8,Egypt,Stand-Up Comedy,Movie,134.0,
s1156,Movie,Golden Dream,Maria Silva,"Carlos Tanaka, James Smith, James Diaz, Aiko Sharma, Elena Khan",Canada,2001-02-18,2000,PG-13,110 min,"Horror Movies, Crime TV Shows","An emotional story that explores family, ambition, and the human condition.",2001,2,18,Canada,Horror Movies,Movie,110.0,
s1197,Movie,Silent Story,Omar Muller,"Aiko Chen, Lucas Costa, Kenji Brown",Australia,2013-09-21,2011,TV-Y,177 min,"Stand-Up Comedy, Horror Movies, Kids' TV","An emotional story that explores family, ambition, and the human condition.",2013,9,21,Australia,Stand-Up Comedy,Movie,177.0,
s165,Movie,Broken World,Unknown,"Aiko Khan, Liam Rossi",Spain,2022-02-26,2021,TV-MA,183 min,Thrillers,"An emotional story that explores family, ambition, and the human condition.",2022,2,26,Spain,Thrillers,Movie,183.0,
s1029,TV Show,Golden Legacy,Kenji Silva,"Elena Garcia, Amara Sharma",Unknown,2021-06-24,2019,TV-Y,8 Seasons,"Stand-Up Comedy, Thrillers, Dramas","An emotional story that explores family, ambition, and the human condition.",2021,6,24,Unknown,Stand-Up Comedy,TV Show,,8.0
s1154,TV Show,Golden Journey,Kenji Costa,Wei Smith,United Kingdom,2023-11-14,2022,TV-14,8 Seasons,"Crime TV Shows, Dramas, Action & Adventure","An emotional story that explores family, ambition, and the human condition.",2023,11,14,United Kingdom,Crime TV Shows,TV Show,,8.0
s532,TV Show,Silent City,Liam Smith,"Carlos Diaz, Omar Costa, Kenji Silva, Noah Khan",Japan,2016-12-27,2016,PG,6 Seasons,"Crime TV Shows, International Movies, Thrillers","An emotional story that explores family, ambition, and the human condition.",2016,12,27,Japan,Crime TV Shows,TV Show,,6.0
s841,Movie,Secret Dream,Carlos Sharma,"Elena Diaz, Maria Rossi, Lucas Diaz, Noah Costa",Spain,2001-11-28,2000,PG,80 min,Action & Adventure,"An emotional story that explores family, ambition, and the human condition.",2001,11,28,Spain,Action & Adventure,Movie,80.0,
s43,TV Show,Silent World,Unknown,"Aiko Diaz, Maria Brown, Maria Johnson",Egypt,2004-01-23,2003,TV-MA,6 Seasons,"Horror Movies, Reality TV","An emotional story that explores family, ambition, and the human condition.",2004,1,23,Egypt,Horror Movies,TV Show,,6.0
s782,TV Show,Midnight World,Kenji Costa,"Noah Nguyen, Sofia Sharma, Fatima Kim, Aiko Diaz, Amara Diaz",Japan,2001-02-03,2000,TV-MA,2 Seasons,Dramas,"An emotional story that explores family, ambition, and the human condition.",2001,2,3,Japan,Dramas,TV Show,,2.0
s919,TV Show,Hidden City Hidden City,Noah Muller,"Aiko Johnson, Maria Rossi, Wei Sharma",South Korea,2014-01-14,2013,NR,1 Seasons,"Documentaries, Kids' TV, Stand-Up Comedy","An emotional story that explores family, ambition, and the human condition.",2014,1,14,South Korea,Documentaries,TV Show,,1.0
s689,Movie,Golden World,Amara Rossi,"Lucas Rossi, Lucas Costa, Aiko Tanaka",South Korea,2003-04-20,2002,PG-13,145 min,"Comedies, Action & Adventure","An emotional story that explores family, ambition, and the human condition.",2003,4,20,South Korea,Comedies,Movie,145.0,
s579,Movie,Broken Journey,Fatima Johnson,"Sofia Khan, Kenji Garcia, Amara Garcia",Germany,2014-02-13,2012,TV-G,84 min,"Anime, Documentaries, Comedies","An emotional story that explores family, ambition, and the human condition.",2014,2,13,Germany,Anime,Movie,84.0,
s133,Movie,Broken Kingdom,Carlos Kim,"Maria Smith, Amara Chen",United Kingdom,1999-11-28,1998,TV-PG,176 min,"Sci-Fi & Fantasy, International Movies, Stand-Up Comedy","An emotional story that explores family, ambition, and the human condition.",1999,11,28,United Kingdom,Sci-Fi & Fantasy,Movie,176.0,
s1015,TV Show,Midnight Story,Sofia Johnson,"Kenji Smith, Maria Nguyen",Nigeria,2010-02-21,2009,TV-MA,3 Seasons,"Stand-Up Comedy, Anime, Romantic Movies","An emotional story that explores family, ambition, and the human condition.",2010,2,21,Nigeria,Stand-Up Comedy,TV Show,,3.0
s468,Movie,A World,Omar Johnson,Sofia Costa,Mexico,2019-05-20,2018,TV-G,164 min,International Movies,"An emotional story that explores family, ambition, and the human condition.",2019,5,20,Mexico,International Movies,Movie,164.0,
s39,TV Show,Silent Story,Sofia Johnson,"Carlos Muller, James Muller",Canada,2000-06-14,2000,PG-13,3 Seasons,"Stand-Up Comedy, International Movies, Romantic Movies","An emotional story that explores family, ambition, and the human condition.",2000,6,14,Canada,Stand-Up Comedy,TV Show,,3.0
s964,TV Show,Last Journey,Omar Tanaka,James Smith,Unknown,2013-05-25,2012,TV-14,7 Seasons,"Dramas, Reality TV, Kids' TV","An emotional story that explores family, ambition, and the human condition.",2013,5,25,Unknown,Dramas,TV Show,,7.0
s191,TV Show,Silent Legacy,Aiko Garcia,Omar Tanaka,Spain,2012-06-30,2010,TV-Y,5 Seasons,Dramas,"An emotional story that explores family, ambition, and the human condition.",2012,6,30,Spain,Dramas,TV Show,,5.0
s1043,TV Show,Hidden City,Lucas Diaz,"Fatima Johnson, Noah Diaz",South Korea,2007-01-12,2005,TV-Y,4 Seasons,International Movies,"An emotional story that explores family, ambition, and the human condition.",2007,1,12,South Korea,International Movies,TV Show,,4.0
s509,Movie,Last World,James Muller,Amara Silva,United States,2015-08-02,2015,NR,118 min,"Comedies, Kids' TV","An emotional story that explores family, ambition, and the human condition.",2015,8,2,United States,Comedies,Movie,118.0,
s167,TV Show,Rising Heart,Unknown,"Amara Costa, Fatima Silva",South Korea,2001-07-11,2001,TV-G,1 Seasons,"Kids' TV, Crime TV Shows, Reality TV","An emotional story that explores family, ambition, and the human condition.",2001,7,11,South Korea,Kids' TV,TV Show,,1.0
s541,Movie,Hidden Heart,Kenji Diaz,Carlos Silva,India,2018-01-23,2017,TV-14,144 min,Stand-Up Comedy,"An emotional story that explores family, ambition, and the human condition.",2018,1,23,India,Stand-Up Comedy,Movie,144.0,
s72,Movie,The Heart,James Nguyen,"Maria Johnson, Fatima Brown, Omar Brown",Italy,2023-10-27,2022,NR,146 min,"Sci-Fi & Fantasy, Comedies","An emotional story that explores family, ambition, and the human condition.",2023,10,27,Italy,Sci-Fi & Fantasy,Movie,146.0,
s907,TV Show,Silent Shadow,Liam Brown,"Wei Costa, Sofia Diaz",Canada,2005-12-14,2004,PG,8 Seasons,"Action & Adventure, Dramas, Romantic Movies","An emotional story that explores family, ambition, and the human condition.",2005,12,14,Canada,Action & Adventure,TV Show,,8.0
s906,Movie,Silent Journey,Priya Muller,"James Silva, Priya Smith, Lucas Chen",Unknown,2021-05-19,2019,PG,157 min,Sci-Fi & Fantasy,"An emotional story that explores family, ambition, and the human condition.",2021,5,19,Unknown,Sci-Fi & Fantasy,Movie,157.0,
s637,Movie,Last Dream,Elena Kim,"Sofia Chen, Aiko Garcia",Unknown,2002-05-09,2001,TV-PG,60 min,"Reality TV, Kids' TV","An emotional story that explores family, ambition, and the human condition.",2002,5,9,Unknown,Reality TV,Movie,60.0,
s994,Movie,Hidden City,Amara Muller,"James Brown, Omar Kim, Amara Smith, Lucas Silva, Noah Costa",South Korea,2000-06-03,2000,PG-13,102 min,Horror Movies,"An emotional story that explores family, ambition, and the human condition.",2000,6,3,South Korea,Horror Movies,Movie,102.0,
s927,TV Show,A World,Kenji Johnson,Unknown,Nigeria,2002-10-26,2002,PG-13,8 Seasons,"Action & Adventure, Crime TV Shows","An emotional story that explores family, ambition, and the human condition.",2002,10,26,Nigeria,Action & Adventure,TV Show,,8.0
s5,Movie,Last Heart,Amara Rossi,"Liam Khan, Aiko Chen, Noah Sharma, Maria Johnson, James Nguyen",Mexico,2013-07-16,2011,TV-G,186 min,"International Movies, Kids' TV, Dramas","An emotional story that explores family, ambition, and the human condition.",2013,7,16,Mexico,International Movies,Movie,186.0,
s695,Movie,Silent City,Unknown,Unknown,United Kingdom,2002-01-04,2001,PG,160 min,"Documentaries, Stand-Up Comedy, Thrillers","An emotional story that explores family, ambition, and the human condition.",2002,1,4,United Kingdom,Documentaries,Movie,160.0,
s715,TV Show,The Story,Unknown,"Wei Silva, Carlos Chen, Liam Johnson",Unknown,2021-04-25,2019,TV-G,7 Seasons,Stand-Up Comedy,"An emotional story that explores family, ambition, and the human condition.",2021,4,25,Unknown,Stand-Up Comedy,TV Show,,7.0
s378,Movie,The City,Fatima Rossi,"Omar Rossi, Sofia Nguyen, Liam Brown, Aiko Brown, Maria Muller",Spain,2003-07-31,2001,NR,165 min,Dramas,"An emotional story that explores family, ambition, and the human condition.",2003,7,31,Spain,Dramas,Movie,165.0,
s448,TV Show,Broken Heart,Maria Chen,"Maria Johnson, James Chen, Lucas Nguyen, Carlos Muller",Nigeria,1998-05-23,1998,TV-PG,4 Seasons,International Movies,"An emotional story that explores family, ambition, and the human condition.",1998,5,23,Nigeria,International Movies,TV Show,,4.0
s652,Movie,Secret Story,Noah Silva,"Priya Garcia, Amara Diaz, Wei Tanaka, Maria Brown, Kenji Brown",Unknown,2017-12-03,2016,TV-MA,102 min,"Comedies, Sci-Fi & Fantasy, International Movies","An emotional story that explores family, ambition, and the human condition.",2017,12,3,Unknown,Comedies,Movie,102.0,
s1054,Movie,Broken Dream,Amara Diaz,Unknown,Italy,2022-08-14,2020,NR,160 min,"Dramas, Action & Adventure, Romantic Movies","An emotional story that explores family, ambition, and the human condition.",2022,8,14,Italy,Dramas,Movie,160.0,
s501,Movie,Last Kingdom,Omar Khan,"Liam Costa, James Tanaka, Aiko Garcia",Canada,2011-11-04,2011,R,127 min,Comedies,"An emotional story that explores family, ambition, and the human condition.",2011,11,4,Canada,Comedies,Movie,127.0,
s805,Movie,A Shadow,Unknown,Fatima Brown,Unknown,2018-06-02,2017,NR,63 min,"Documentaries, Horror Movies, Stand-Up Comedy","An emotional story that explores family, ambition, and the human condition.",2018,6,2,Unknown,Documentaries,Movie,63.0,
s1078,Movie,Golden Heart,Unknown,Unknown,South Korea,2015-09-18,2015,PG-13,72 min,Reality TV,"An emotional story that explores family, ambition, and the human condition.",2015,9,18,South Korea,Reality TV,Movie,72.0,
s95,Movie,Hidden Kingdom,Noah Tanaka,"Wei Khan, Elena Muller",Mexico,2000-01-17,1999,TV-G,72 min,Kids' TV,"An emotional story that explores family, ambition, and the human condition.",2000,1,17,Mexico,Kids' TV,Movie,72.0,
s96,Movie,Hidden Journey,Carlos Diaz,Unknown,United States,2009-11-18,2009,TV-MA,177 min,Thrillers,"An emotional story that explores family, ambition, and the human condition.",2009,11,18,United States,Thrillers,Movie,177.0,
s309,TV Show,A Dream,Priya Sharma,Unknown,Mexico,2017-11-07,2017,TV-Y,1 Seasons,"Sci-Fi & Fantasy, Comedies","An emotional story that explores family, ambition, and the human condition.",2017,11,7,Mexico,Sci-Fi & Fantasy,TV Show,,1.0
s747,TV Show,Broken Dream,James Brown,Noah Sharma,Mexico,2021-04-18,2019,R,7 Seasons,"Crime TV Shows, Documentaries, Horror Movies","An emotional story that explores family, ambition, and the human condition.",2021,4,18,Mexico,Crime TV Shows,TV Show,,7.0
s490,TV Show,Hidden Kingdom,Wei Chen,"Wei Muller, Amara Diaz",Spain,1999-09-01,1999,PG-13,6 Seasons,"Romantic Movies, Stand-Up Comedy","An emotional story that explores family, ambition, and the human condition.",1999,9,1,Spain,Romantic Movies,TV Show,,6.0
s603,TV Show,Midnight Truth,Unknown,"Elena Smith, Aiko Muller, Wei Kim, Carlos Smith",Egypt,1998-11-25,1998,PG-13,3 Seasons,Dramas,"An emotional story that explores family, ambition, and the human condition.",1998,11,25,Egypt,Dramas,TV Show,,3.0
s59,Movie,Broken Truth,Carlos Garcia,"Wei Johnson, Sofia Sharma, Elena Diaz",India,2012-04-29,2011,PG-13,71 min,"Horror Movies, Documentaries, Reality TV","An emotional story that explores family, ambition, and the human condition.",2012,4,29,India,Horror Movies,Movie,71.0,
s1147,Movie,Silent Shadow,James Brown,"Sofia Johnson, Liam Smith, Wei Silva, Wei Khan",Canada,2004-02-09,2002,PG-13,116 min,"Action & Adventure, Documentaries","An emotional story that explores family, ambition, and the human condition.",2004,2,9,Canada,Action & Adventure,Movie,116.0,
s326,TV Show,Golden City,Sofia Chen,"Priya Costa, Fatima Costa, Priya Chen, Maria Khan, Amara Muller",France,2014-05-31,2013,TV-Y,4 Seasons,"International Movies, Crime TV Shows","An emotional story that explores family, ambition, and the human condition.",2014,5,31,France,International Movies,TV Show,,4.0
s25,Movie,Broken Dream,Lucas Rossi,"Aiko Silva, Liam Sharma, James Brown, Fatima Kim",South Korea,2013-05-03,2011,TV-MA,80 min,Anime,"An emotional story that explores family, ambition, and the human condition.",2013,5,3,South Korea,Anime,Movie,80.0,
s1055,Movie,Hidden Legacy,Carlos Diaz,"Aiko Nguyen, Aiko Diaz, Aiko Khan, Amara Brown, Wei Tanaka",Unknown,2015-08-12,2014,NR,161 min,Sci-Fi & Fantasy,"An emotional story that explores family, ambition, and the human condition.",2015,8,12,Unknown,Sci-Fi & Fantasy,Movie,161.0,
s245,TV Show,The Truth,Unknown,"Noah Johnson, James Rossi, Omar Sharma, Aiko Tanaka",Spain,2023-04-10,2021,PG-13,4 Seasons,"Anime, Kids' TV, Documentaries","An emotional story that explores family, ambition, and the human condition.",2023,4,10,Spain,Anime,TV Show,,4.0
s26,Movie,Silent City,Aiko Sharma,"Carlos Johnson, Elena Brown, Carlos Nguyen, Maria Sharma",Unknown,2017-08-26,2016,TV-MA,148 min,Documentaries,"An emotional story that explores family, ambition, and the human condition.",2017,8,26,Unknown,Documentaries,Movie,148.0,
s223,Movie,Last Shadow,Priya Muller,"Aiko Rossi, Wei Muller, Fatima Khan, Amara Sharma",Egypt,1999-11-15,1999,PG-13,121 min,"Horror Movies, Thrillers, Dramas","An emotional story that explores family, ambition, and the human condition.",1999,11,15,Egypt,Horror Movies,Movie,121.0,
s604,TV Show,Silent Story,Sofia Tanaka,"Sofia Brown, Kenji Rossi, Omar Costa, Liam Diaz, Carlos Diaz",Japan,2005-05-28,2004,PG,3 Seasons,Stand-Up Comedy,"An emotional story that explores family, ambition, and the human condition.",2005,5,28,Japan,Stand-Up Comedy,TV Show,,3.0
s106,TV Show,Broken City,Unknown,"Sofia Muller, Carlos Nguyen",Nigeria,2002-09-26,2001,TV-14,5 Season,"Reality TV, Anime, Dramas","An emotional story that explores family, ambition, and the human condition.",2002,9,26,Nigeria,Reality TV,TV Show,,5.0
s1087,TV Show,Midnight Shadow,Elena Smith,Fatima Costa,Nigeria,2005-05-26,2003,PG-13,4 Season,Dramas,"An emotional story that explores family, ambition, and the human condition.",2005,5,26,Nigeria,Dramas,TV Show,,4.0
s131,Movie,Hidden Kingdom,Fatima Costa,"Elena Nguyen, Sofia Brown, Fatima Muller, Kenji Chen",Nigeria,2005-10-17,2005,TV-Y,62 min,"International Movies, Anime, Stand-Up Comedy","An emotional story that explores family, ambition, and the human condition.",2005,10,17,Nigeria,International Movies,Movie,62.0,
s154,Movie,The Dream,Noah Kim,"Sofia Costa, Aiko Sharma, Carlos Garcia, Liam Costa",United States,2024-05-03,2022,TV-G,189 min,Action & Adventure,"An emotional story that explores family, ambition, and the human condition.",2024,5,3,United States,Action & Adventure,Movie,189.0,
s1080,Movie,Golden Dream,Sofia Rossi,"Liam Smith, Lucas Kim, Fatima Muller",Spain,2001-11-25,2000,TV-G,119 min,Documentaries,"An emotional story that explores family, ambition, and the human condition.",2001,11,25,Spain,Documentaries,Movie,119.0,
s1144,Movie,Rising Dream,Unknown,Unknown,Spain,2023-05-31,2022,PG,108 min,Thrillers,"An emotional story that explores family, ambition, and the human condition.",2023,5,31,Spain,Thrillers,Movie,108.0,
s569,TV Show,Secret Legacy,Maria Khan,"Noah Muller, Elena Diaz, Noah Nguyen",Unknown,2013-08-17,2012,TV-PG,4 Seasons,"Anime, Documentaries, Sci-Fi & Fantasy","An emotional story that explores family, ambition, and the human condition.",2013,8,17,Unknown,Anime,TV Show,,4.0
s76,Movie,A Story,Maria Johnson,"Kenji Khan, Amara Garcia, Noah Muller",France,2002-10-07,2000,TV-14,160 min,Sci-Fi & Fantasy,"An emotional story that explores family, ambition, and the human condition.",2002,10,7,France,Sci-Fi & Fantasy,Movie,160.0,
s1112,TV Show,Golden World,Unknown,"Aiko Garcia, Carlos Tanaka, Sofia Garcia, Fatima Garcia",France,2010-10-14,2009,TV-MA,8 Seasons,"Sci-Fi & Fantasy, Kids' TV","An emotional story that explores family, ambition, and the human condition.",2010,10,14,France,Sci-Fi & Fantasy,TV Show,,8.0
s1071,Movie,Secret City,Unknown,"Priya Kim, Maria Rossi, Sofia Muller",Australia,2008-10-20,2007,PG-13,91 min,"Horror Movies, Action & Adventure, Romantic Movies","An emotional story that explores family, ambition, and the human condition.",2008,10,20,Australia,Horror Movies,Movie,91.0,
s923,TV Show,Rising Legacy,Noah Johnson,"Carlos Johnson, Sofia Muller, James Silva, Carlos Khan",Unknown,2013-08-14,2011,PG,1 Seasons,Comedies,"An emotional story that explores family, ambition, and the human condition.",2013,8,14,Unknown,Comedies,TV Show,,1.0
s317,TV Show,Broken Legacy,Liam Nguyen,"Aiko Garcia, Sofia Diaz",India,2006-04-15,2004,TV-14,7 Seasons,"Horror Movies, Crime TV Shows","An emotional story that explores family, ambition, and the human condition.",2006,4,15,India,Horror Movies,TV Show,,7.0
s986,TV Show,Golden City,Unknown,"Omar Silva, Elena Chen, Liam Garcia, James Sharma",Canada,2016-11-21,2015,TV-PG,7 Seasons,"Reality TV, Documentaries","An emotional story that explores family, ambition, and the human condition.",2016,11,21,Canada,Reality TV,TV Show,,7.0
s743,Movie,Golden Heart,Unknown,"Fatima Smith, Elena Brown, Noah Muller",Australia,2019-04-08,2017,NR,183 min,"International Movies, Stand-Up Comedy","An emotional story that explores family, ambition, and the human condition.",2019,4,8,Australia,International Movies,Movie,183.0,
s200,TV Show,Silent Dream,Omar Johnson,"Maria Brown, Wei Silva, Priya Johnson, Aiko Costa, Elena Garcia",Italy,1998-05-12,1998,TV-14,8 Seasons,"Dramas, Romantic Movies, Anime","An emotional story that explores family, ambition, and the human condition.",1998,5,12,Italy,Dramas,TV Show,,8.0
s862,Movie,The Dream,Wei Garcia,"Fatima Khan, James Silva, Sofia Silva, Lucas Johnson",France,1999-09-18,1998,R,131 min,"Documentaries, Crime TV Shows, Romantic Movies","An emotional story that explores family, ambition, and the human condition.",1999,9,18,France,Documentaries,Movie,131.0,
s135,TV Show,Hidden Kingdom,James Nguyen,"James Sharma, Fatima Brown",United Kingdom,2012-11-19,2011,PG,3 Season,"Reality TV, Comedies","An emotional story that explores family, ambition, and the human condition.",2012,11,19,United Kingdom,Reality TV,TV Show,,3.0
s327,TV Show,Midnight World,Fatima Diaz,"Noah Nguyen, Omar Kim",Spain,2007-10-23,2007,TV-G,6 Seasons,"Comedies, Thrillers","An emotional story that explores family, ambition, and the human condition.",2007,10,23,Spain,Comedies,TV Show,,6.0
s260,TV Show,Hidden Journey,Priya Muller,"Sofia Sharma, Aiko Tanaka, Kenji Costa, Fatima Silva, Sofia Johnson",France,2012-07-09,2011,NR,3 Seasons,"Reality TV, Action & Adventure","An emotional story that explores family, ambition, and the human condition.",2012,7,9,France,Reality TV,TV Show,,3.0
s973,Movie,Silent Dream,Elena Johnson,"Carlos Brown, Amara Smith, Omar Silva",Italy,2011-03-26,2010,TV-MA,98 min,Crime TV Shows,"An emotional story that explores family, ambition, and the human condition.",2011,3,26,Italy,Crime TV Shows,Movie,98.0,
s4,TV Show,Last Story,Kenji Diaz,"Elena Johnson, Lucas Smith, Aiko Nguyen",Unknown,2016-03-13,2015,TV-G,2 Season,"Anime, Thrillers","An emotional story that explores family, ambition, and the human condition.",2016,3,13,Unknown,Anime,TV Show,,2.0
s849,Movie,Secret Legacy,James Khan,James Brown,Australia,2018-02-09,2018,NR,166 min,Comedies,"An emotional story that explores family, ambition, and the human condition.",2018,2,9,Australia,Comedies,Movie,166.0,
s211,Movie,Silent City,Noah Muller,"Carlos Silva, Noah Nguyen, Sofia Smith, Liam Garcia",United States,2023-02-19,2021,PG,172 min,"Kids' TV, Sci-Fi & Fantasy, International Movies","An emotional story that explores family, ambition, and the human condition.",2023,2,19,United States,Kids' TV,Movie,172.0,
s197,Movie,Last Truth,Unknown,"Wei Smith, Wei Silva, Omar Chen, Noah Brown, Sofia Rossi",Italy,2014-09-13,2013,TV-G,169 min,"Action & Adventure, Documentaries","An emotional story that explores family, ambition, and the human condition.",2014,9,13,Italy,Action & Adventure,Movie,169.0,
s537,Movie,Broken Legacy,Elena Sharma,"Amara Brown, Aiko Rossi, Noah Costa",Canada,2019-04-03,2019,TV-MA,188 min,"International Movies, Horror Movies, Comedies","An emotional story that explores family, ambition, and the human condition.",2019,4,3,Canada,International Movies,Movie,188.0,
s592,Movie,Rising Heart,Lucas Smith,"Noah Rossi, Lucas Chen, Sofia Nguyen",United States,2009-02-08,2008,TV-14,175 min,"Action & Adventure, Anime, Sci-Fi & Fantasy","An emotional story that explores family, ambition, and the human condition.",2009,2,8,United States,Action & Adventure,Movie,175.0,
s1090,Movie,Silent Heart,Wei Nguyen,Fatima Garcia,Germany,2013-08-21,2012,TV-Y,179 min,"Reality TV, Horror Movies","An emotional story that explores family, ambition, and the human condition.",2013,8,21,Germany,Reality TV,Movie,179.0,
s902,Movie,Last Legacy,Wei Chen,Lucas Rossi,Japan,2006-05-28,2005,TV-G,62 min,Anime,"An emotional story that explores family, ambition, and the human condition.",2006,5,28,Japan,Anime,Movie,62.0,
s1131,Movie,Rising World,Unknown,Unknown,Germany,2001-09-30,2000,TV-14,180 min,"Documentaries, Romantic Movies, Thrillers","An emotional story that explores family, ambition, and the human condition.",2001,9,30,Germany,Documentaries,Movie,180.0,
s595,TV Show,Midnight City,Unknown,"Aiko Sharma, Wei Kim",Japan,2023-01-01,2022,TV-G,3 Seasons,"Reality TV, Comedies","An emotional story that explores family, ambition, and the human condition.",2023,1,1,Japan,Reality TV,TV Show,,3.0
s62,Movie,Rising Journey,Kenji Tanaka,"Noah Chen, James Sharma, Maria Johnson, Omar Nguyen",Brazil,2008-12-16,2008,NR,187 min,"Crime TV Shows, Action & Adventure, Horror Movies","An emotional story that explores family, ambition, and the human condition.",2008,12,16,Brazil,Crime TV Shows,Movie,187.0,
s723,TV Show,Secret Legacy,Carlos Nguyen,"Amara Garcia, Elena Costa",South Korea,2022-11-29,2021,TV-PG,5 Seasons,Comedies,"An emotional story that explores family, ambition, and the human condition.",2022,11,29,South Korea,Comedies,TV Show,,5.0
s1032,Movie,Secret Legacy,Sofia Diaz,Unknown,Nigeria,2003-08-11,2003,PG,121 min,"Thrillers, Documentaries, Dramas","An emotional story that explores family, ambition, and the human condition.",2003,8,11,Nigeria,Thrillers,Movie,121.0,
s682,Movie,Midnight Story,Lucas Brown,"Omar Muller, Priya Kim, Noah Khan, Lucas Rossi",Egypt,2004-07-07,2003,TV-MA,127 min,Comedies,"An emotional story that explores family, ambition, and the human condition.",2004,7,7,Egypt,Comedies,Movie,127.0,
s638,Movie,Secret Story,Liam Nguyen,Fatima Garcia,Unknown,2006-10-24,2005,TV-G,74 min,Romantic Movies,"An emotional story that explores family, ambition, and the human condition.",2006,10,24,Unknown,Romantic Movies,Movie,74.0,
s780,Movie,Silent Heart,Aiko Smith,"Elena Silva, Sofia Johnson, Lucas Sharma",Brazil,2016-04-07,2014,TV-G,147 min,Action & Adventure,"An emotional story that explores family, ambition, and the human condition.",2016,4,7,Brazil,Action & Adventure,Movie,147.0,
s598,Movie,Midnight Kingdom,Priya Muller,"Liam Rossi, Noah Nguyen, Omar Kim, Liam Smith, Sofia Garcia",Nigeria,2006-05-27,2006,TV-Y,175 min,"Stand-Up Comedy, Reality TV","An emotional story that explores family, ambition, and the human condition.",2006,5,27,Nigeria,Stand-Up Comedy,Movie,175.0,
s574,Movie,Broken City,Wei Khan,"Kenji Rossi, Lucas Brown, Lucas Diaz, Carlos Tanaka",Spain,2015-10-07,2015,PG,115 min,"International Movies, Romantic Movies","An emotional story that explores family, ambition, and the human condition.",2015,10,7,Spain,International Movies,Movie,115.0,
s458,Movie,Hidden Journey,Aiko Tanaka,"Liam Garcia, Aiko Nguyen, Priya Garcia, Fatima Johnson, Omar Sharma",Egypt,2016-12-20,2016,PG-13,110 min,"International Movies, Reality TV, Romantic Movies","An emotional story that explores family, ambition, and the human condition.",2016,12,20,Egypt,International Movies,Movie,110.0,
s926,Movie,Broken Dream,Lucas Rossi,"James Costa, Fatima Brown",Germany,2008-12-28,2007,TV-MA,117 min,"Sci-Fi & Fantasy, Thrillers, Stand-Up Comedy","An emotional story that explores family, ambition, and the human condition.",2008,12,28,Germany,Sci-Fi & Fantasy,Movie,117.0,
s886,Movie,The Journey,Priya Brown,"Kenji Johnson, Liam Sharma, Liam Silva, Sofia Sharma, Sofia Sharma",Italy,2003-02-18,2002,TV-MA,99 min,"Reality TV, Horror Movies","An emotional story that explores family, ambition, and the human condition.",2003,2,18,Italy,Reality TV,Movie,99.0,
s9,TV Show,Golden Kingdom,Unknown,"Wei Diaz, Omar Costa, Sofia Rossi, Priya Tanaka, Lucas Sharma",Canada,2011-11-11,2010,TV-MA,3 Seasons,"Anime, Reality TV, Comedies","An emotional story that explores family, ambition, and the human condition.",2011,11,11,Canada,Anime,TV Show,,3.0
s979,Movie,Midnight Kingdom,Unknown,Amara Brown,Unknown,2018-04-17,2016,TV-14,75 min,"Stand-Up Comedy, Anime, Kids' TV","An emotional story that explores family, ambition, and the human condition.",2018,4,17,Unknown,Stand-Up Comedy,Movie,75.0,
s667,Movie,Broken Journey,Fatima Brown,"Amara Costa, Wei Sharma",Nigeria,2021-05-01,2019,TV-14,124 min,"Crime TV Shows, Dramas","An emotional story that explores family, ambition, and the human condition.",2021,5,1,Nigeria,Crime TV Shows,Movie,124.0,
s1173,TV Show,Secret Shadow,Lucas Diaz,"Fatima Chen, Elena Muller",France,2013-10-10,2012,TV-MA,2 Seasons,"Crime TV Shows, Thrillers, Action & Adventure","An emotional story that explores family, ambition, and the human condition.",2013,10,10,France,Crime TV Shows,TV Show,,2.0
s649,Movie,Secret Truth,Aiko Muller,Unknown,Unknown,2021-03-04,2020,TV-G,122 min,"Crime TV Shows, Sci-Fi & Fantasy","An emotional story that explores family, ambition, and the human condition.",2021,3,4,Unknown,Crime TV Shows,Movie,122.0,
s658,Movie,Secret World,Aiko Smith,Unknown,Canada,1999-01-10,1998,PG,179 min,"Romantic Movies, Dramas, Stand-Up Comedy","An emotional story that explores family, ambition, and the human condition.",1999,1,10,Canada,Romantic Movies,Movie,179.0,
s820,Movie,Hidden Dream,Priya Muller,"Fatima Silva, Noah Chen",India,2007-08-20,2006,PG-13,129 min,Dramas,"An emotional story that explores family, ambition, and the human condition.",2007,8,20,India,Dramas,Movie,129.0,
s1118,Movie,Hidden World,Unknown,Amara Johnson,Japan,2002-07-08,2000,NR,99 min,"Anime, Horror Movies, Action & Adventure","An emotional story that explores family, ambition, and the human condition.",2002,7,8,Japan,Anime,Movie,99.0,
s75,TV Show,Golden Story,Noah Khan,"Aiko Garcia, James Diaz, Wei Sharma",Italy,2007-02-15,2006,PG-13,1 Season,"Thrillers, Documentaries, Comedies","An emotional story that explores family, ambition, and the human condition.",2007,2,15,Italy,Thrillers,TV Show,,1.0
s564,Movie,A Journey,Liam Nguyen,"Elena Brown, Maria Johnson, Liam Silva, Omar Diaz",Brazil,2014-12-12,2014,TV-Y,93 min,"Sci-Fi & Fantasy, Dramas, Horror Movies","An emotional story that explores family, ambition, and the human condition.",2014,12,12,Brazil,Sci-Fi & Fantasy,Movie,93.0,
s1020,Movie,Midnight Kingdom,Unknown,"Kenji Costa, Liam Muller, Fatima Sharma, Liam Costa",United States,2001-08-21,2000,TV-MA,103 min,"Romantic Movies, Sci-Fi & Fantasy","An emotional story that explores family, ambition, and the human condition.",2001,8,21,United States,Romantic Movies,Movie,103.0,
s58,Movie,Secret City,Unknown,"Amara Brown, Wei Chen, Liam Muller, Amara Tanaka",Egypt,2014-07-14,2013,TV-G,133 min,Reality TV,"An emotional story that explores family, ambition, and the human condition.",2014,7,14,Egypt,Reality TV,Movie,133.0,
s1028,TV Show,Midnight Kingdom,Priya Muller,"Fatima Tanaka, Noah Johnson, Fatima Kim, Sofia Johnson",South Korea,2021-06-17,2020,NR,4 Seasons,"Romantic Movies, Dramas","An emotional story that explores family, ambition, and the human condition.",2021,6,17,South Korea,Romantic Movies,TV Show,,4.0
s479,Movie,Silent City,Liam Khan,Unknown,Italy,2013-12-04,2013,TV-G,90 min,Thrillers,"An emotional story that explores family, ambition, and the human condition.",2013,12,4,Italy,Thrillers,Movie,90.0,
s298,TV Show,Secret Journey,Unknown,Sofia Diaz,Spain,2013-09-20,2012,TV-MA,1 Season,"Action & Adventure, Crime TV Shows","An emotional story that explores family, ambition, and the human condition.",2013,9,20,Spain,Action & Adventure,TV Show,,1.0
s955,Movie,Broken Heart,Unknown,"Amara Kim, Wei Smith, Omar Costa, Wei Johnson",Unknown,2018-06-10,2017,TV-14,138 min,"Horror Movies, Documentaries, Romantic Movies","An emotional story that explores family, ambition, and the human condition.",2018,6,10,Unknown,Horror Movies,Movie,138.0,
s713,TV Show,Last Heart,Unknown,Unknown,India,1998-05-03,1998,TV-14,1 Seasons,"Horror Movies, Romantic Movies","An emotional story that explores family, ambition, and the human condition.",1998,5,3,India,Horror Movies,TV Show,,1.0
s669,Movie,Rising Truth,Wei Sharma,"Fatima Muller, Noah Rossi, Kenji Garcia, Carlos Kim",France,2020-06-06,2019,R,129 min,"International Movies, Documentaries","An emotional story that explores family, ambition, and the human condition.",2020,6,6,France,International Movies,Movie,129.0,
s345,TV Show,Hidden City,Aiko Costa,"Kenji Sharma, Amara Khan, Omar Johnson, Lucas Kim, Liam Johnson",France,2001-10-15,2000,NR,4 Seasons,"Documentaries, Comedies","An emotional story that explores family, ambition, and the human condition.",2001,10,15,France,Documentaries,TV Show,,4.0
s714,Movie,Rising Shadow,Unknown,"Liam Khan, Aiko Nguyen",Mexico,2002-10-30,2001,TV-PG,90 min,Sci-Fi & Fantasy,"An emotional story that explores family, ambition, and the human condition.",2002,10,30,Mexico,Sci-Fi & Fantasy,Movie,90.0,
s940,TV Show,Rising Shadow,Unknown,Lucas Silva,Canada,2001-04-21,2000,R,4 Seasons,"Dramas, Documentaries, Kids' TV","An emotional story that explores family, ambition, and the human condition.",2001,4,21,Canada,Dramas,TV Show,,4.0
s755,Movie,Hidden City Hidden City,Unknown,"Elena Muller, Kenji Khan",Spain,2007-10-15,2007,NR,141 min,"International Movies, Reality TV","An emotional story that explores family, ambition, and the human condition.",2007,10,15,Spain,International Movies,Movie,141.0,
s1041,Movie,Hidden Story,Unknown,"Liam Chen, Aiko Chen, Aiko Brown, James Brown",Spain,2014-12-08,2013,PG-13,108 min,"Reality TV, Thrillers, Anime","An emotional story that explores family, ambition, and the human condition.",2014,12,8,Spain,Reality TV,Movie,108.0,
s703,TV Show,Secret Kingdom,Carlos Chen,"Fatima Garcia, Noah Johnson, Elena Johnson, Noah Sharma",Spain,2012-08-19,2012,TV-Y,4 Seasons,Kids' TV,"An emotional story that explores family, ambition, and the human condition.",2012,8,19,Spain,Kids' TV,TV Show,,4.0
s869,Movie,Midnight World,Unknown,"Elena Garcia, Carlos Johnson, Fatima Costa, Carlos Tanaka",United States,2012-05-11,2010,TV-MA,111 min,Kids' TV,"An emotional story that explores family, ambition, and the human condition.",2012,5,11,United States,Kids' TV,Movie,111.0,
s267,Movie,Last Heart,James Kim,James Chen,Spain,2004-06-22,2002,TV-PG,114 min,"Reality TV, Romantic Movies, Dramas","An emotional story that explores family, ambition, and the human condition.",2004,6,22,Spain,Reality TV,Movie,114.0,
s7,Movie,Silent Journey,Elena Johnson,Aiko Costa,India,2017-11-05,2017,TV-G,126 min,"Action & Adventure, International Movies, Kids' TV","An emotional story that explores family, ambition, and the human condition.",2017,11,5,India,Action & Adventure,Movie,126.0,
s123,TV Show,Hidden Legacy,Liam Chen,"Elena Tanaka, Lucas Smith",Germany,2000-08-02,1999,PG-13,1 Seasons,"Anime, Comedies, Action & Adventure","An emotional story that explores family, ambition, and the human condition.",2000,8,2,Germany,Anime,TV Show,,1.0
s1050,Movie,Secret Shadow,Elena Silva,"Carlos Muller, Sofia Smith, Lucas Silva, Priya Brown",Unknown,2015-02-16,2013,TV-14,147 min,Stand-Up Comedy,"An emotional story that explores family, ambition, and the human condition.",2015,2,16,Unknown,Stand-Up Comedy,Movie,147.0,
s139,Movie,Broken City,Unknown,"Amara Nguyen, Amara Khan, Fatima Sharma, Carlos Tanaka",Unknown,2017-11-24,2016,TV-G,182 min,"Romantic Movies, Comedies","An emotional story that explores family, ambition, and the human condition.",2017,11,24,Unknown,Romantic Movies,Movie,182.0,
s164,Movie,Rising City,Kenji Garcia,"Amara Nguyen, Carlos Brown",Japan,2006-01-27,2004,TV-14,60 min,"Documentaries, Kids' TV","An emotional story that explores family, ambition, and the human condition.",2006,1,27,Japan,Documentaries,Movie,60.0,
s734,TV Show,Last Legacy,Liam Tanaka,"Maria Sharma, Elena Smith, Elena Brown",Mexico,2016-07-11,2015,R,2 Seasons,"Anime, Horror Movies, Sci-Fi & Fantasy","An emotional story that explores family, ambition, and the human condition.",2016,7,11,Mexico,Anime,TV Show,,2.0
s549,Movie,Silent Heart,Unknown,"Liam Johnson, Fatima Costa",Mexico,2001-08-27,2000,TV-MA,181 min,Crime TV Shows,"An emotional story that explores family, ambition, and the human condition.",2001,8,27,Mexico,Crime TV Shows,Movie,181.0,
s1073,Movie,Silent Heart,Unknown,"Amara Smith, Liam Brown, Omar Silva, Amara Sharma, James Costa",United States,2007-01-31,2006,PG,104 min,Crime TV Shows,"An emotional story that explores family, ambition, and the human condition.",2007,1,31,United States,Crime TV Shows,Movie,104.0,
s44,Movie,Secret World,Wei Chen,"Elena Brown, Sofia Kim, Aiko Sharma, Omar Rossi, Wei Tanaka",France,2003-02-20,2001,PG,168 min,"International Movies, Anime, Romantic Movies","An emotional story that explores family, ambition, and the human condition.",2003,2,20,France,International Movies,Movie,168.0,
s779,TV Show,Golden Truth,Noah Muller,"Fatima Kim, Fatima Diaz",Nigeria,2001-07-31,2000,TV-14,8 Seasons,"Stand-Up Comedy, Anime","An emotional story that explores family, ambition, and the human condition.",2001,7,31,Nigeria,Stand-Up Comedy,TV Show,,8.0
s1057,Movie,Last Dream,Unknown,"Fatima Muller, James Khan, Wei Johnson, Liam Tanaka, Wei Kim",Australia,2001-04-19,2000,PG,121 min,Crime TV Shows,"An emotional story that explores family, ambition, and the human condition.",2001,4,19,Australia,Crime TV Shows,Movie,121.0,
s320,Movie,Broken Shadow,Lucas Tanaka,"Omar Sharma, Kenji Khan",Nigeria,2001-04-01,2001,TV-Y,71 min,"Stand-Up Comedy, Romantic Movies","An emotional story that explores family, ambition, and the human condition.",2001,4,1,Nigeria,Stand-Up Comedy,Movie,71.0,
s801,Movie,The Shadow,Omar Muller,Aiko Khan,Nigeria,2013-02-17,2011,TV-14,155 min,Thrillers,"An emotional story that explores family, ambition, and the human condition.",2013,2,17,Nigeria,Thrillers,Movie,155.0,
s452,TV Show,A Shadow,Priya Chen,"Sofia Smith, Sofia Johnson, Liam Smith",Japan,2014-10-01,2014,TV-Y,1 Seasons,"International Movies, Anime","An emotional story that explores family, ambition, and the human condition.",2014,10,1,Japan,International Movies,TV Show,,1.0
s295,Movie,Hidden World,Fatima Brown,"Fatima Brown, Fatima Smith, Carlos Khan, Fatima Silva",Egypt,2023-07-22,2022,PG-13,163 min,Sci-Fi & Fantasy,"An emotional story that explores family, ambition, and the human condition.",2023,7,22,Egypt,Sci-Fi & Fantasy,Movie,163.0,
s588,TV Show,Midnight City,Sofia Kim,"Priya Diaz, Elena Nguyen, Sofia Tanaka, Wei Tanaka",Nigeria,2011-07-15,2011,TV-14,1 Seasons,Documentaries,"An emotional story that explores family, ambition, and the human condition.",2011,7,15,Nigeria,Documentaries,TV Show,,1.0
s559,TV Show,Silent Story,Wei Rossi,"Liam Johnson, James Johnson, Carlos Muller, Amara Sharma",South Korea,1999-11-24,1998,R,8 Seasons,Comedies,"An emotional story that explores family, ambition, and the human condition.",1999,11,24,South Korea,Comedies,TV Show,,8.0
s1021,Movie,Golden Legacy,James Garcia,"Sofia Rossi, Sofia Tanaka, Wei Silva, Amara Chen",Unknown,2003-10-04,2002,PG-13,81 min,Sci-Fi & Fantasy,"An emotional story that explores family, ambition, and the human condition.",2003,10,4,Unknown,Sci-Fi & Fantasy,Movie,81.0,
s20,TV Show,Midnight World,Liam Diaz,"Aiko Brown, Kenji Brown",Italy,2023-11-29,2022,R,4 Seasons,"Sci-Fi & Fantasy, Crime TV Shows","An emotional story that explores family, ambition, and the human condition.",2023,11,29,Italy,Sci-Fi & Fantasy,TV Show,,4.0
s519,Movie,The Legacy,Sofia Brown,"Wei Nguyen, Priya Silva, Omar Garcia, Amara Diaz, Omar Nguyen",Italy,2014-09-20,2014,TV-14,177 min,"Sci-Fi & Fantasy, Documentaries, Stand-Up Comedy","An emotional story that explores family, ambition, and the human condition.",2014,9,20,Italy,Sci-Fi & Fantasy,Movie,177.0,
s474,Movie,Silent Dream,Unknown,"Lucas Muller, Noah Nguyen, Fatima Johnson, Carlos Diaz, Priya Kim",Germany,2000-03-14,1999,NR,116 min,Sci-Fi & Fantasy,"An emotional story that explores family, ambition, and the human condition.",2000,3,14,Germany,Sci-Fi & Fantasy,Movie,116.0,
s1056,TV Show,Broken Story,Sofia Muller,Sofia Chen,Unknown,2003-03-23,2002,PG-13,7 Seasons,Comedies,"An emotional story that explores family, ambition, and the human condition.",2003,3,23,Unknown,Comedies,TV Show,,7.0
s410,Movie,The Kingdom,Unknown,"Aiko Smith, Sofia Rossi, Sofia Sharma, Carlos Diaz, Amara Garcia",United Kingdom,2015-02-10,2013,TV-14,115 min,"Reality TV, Sci-Fi & Fantasy, Kids' TV","An emotional story that explores family, ambition, and the human condition.",2015,2,10,United Kingdom,Reality TV,Movie,115.0,
s1102,Movie,Secret Heart,Unknown,"Maria Muller, Fatima Kim, Amara Silva",Australia,2001-10-21,2000,TV-Y,163 min,"Stand-Up Comedy, International Movies","An emotional story that explores family, ambition, and the human condition.",2001,10,21,Australia,Stand-Up Comedy,Movie,163.0,
s138,Movie,Secret Dream,Unknown,"Maria Smith, Omar Tanaka, Omar Nguyen",Brazil,2014-11-18,2014,TV-Y,154 min,Crime TV Shows,"An emotional story that explores family, ambition, and the human condition.",2014,11,18,Brazil,Crime TV Shows,Movie,154.0,
s527,Movie,Midnight Kingdom,Amara Johnson,James Diaz,Australia,2012-10-18,2011,PG-13,184 min,"Romantic Movies, Kids' TV","An emotional story that explores family, ambition, and the human condition.",2012,10,18,Australia,Romantic Movies,Movie,184.0,
s186,TV Show,Broken Kingdom,Carlos Smith,"Noah Johnson, Noah Sharma, Priya Smith",Mexico,2000-12-10,2000,R,6 Seasons,"Anime, Sci-Fi & Fantasy, Documentaries","An emotional story that explores family, ambition, and the human condition.",2000,12,10,Mexico,Anime,TV Show,,6.0
s972,Movie,Secret World,Unknown,Unknown,Italy,2012-12-20,2011,TV-MA,91 min,"International Movies, Kids' TV, Stand-Up Comedy","An emotional story that explores family, ambition, and the human condition.",2012,12,20,Italy,International Movies,Movie,91.0,
s1141,Movie,A Journey,Unknown,"Aiko Silva, Maria Rossi, Fatima Nguyen",Nigeria,2012-11-15,2012,PG-13,162 min,"Anime, Action & Adventure, Kids' TV","An emotional story that explores family, ambition, and the human condition.",2012,11,15,Nigeria,Anime,Movie,162.0,
s1158,TV Show,Last Dream,Unknown,"Elena Costa, Fatima Garcia",Spain,2011-04-29,2010,PG,2 Seasons,"Romantic Movies, Horror Movies, Reality TV","An emotional story that explores family, ambition, and the human condition.",2011,4,29,Spain,Romantic Movies,TV Show,,2.0
s873,Movie,Rising Journey,Priya Nguyen,"Maria Silva, Wei Khan",Egypt,2005-03-13,2005,TV-14,145 min,Sci-Fi & Fantasy,"An emotional story that explores family, ambition, and the human condition.",2005,3,13,Egypt,Sci-Fi & Fantasy,Movie,145.0,
s1169,Movie,Silent Kingdom,Amara Muller,"Priya Diaz, Maria Brown",Japan,2000-12-24,1999,TV-G,63 min,"Thrillers, Horror Movies","An emotional story that explores family, ambition, and the human condition.",2000,12,24,Japan,Thrillers,Movie,63.0,
s508,Movie,The Story The Story,Unknown,"Aiko Brown, James Rossi, Maria Silva, Omar Rossi, Noah Khan",Spain,2014-09-27,2013,TV-MA,180 min,Comedies,"An emotional story that explores family, ambition, and the human condition.",2014,9,27,Spain,Comedies,Movie,180.0,
s328,Movie,Golden World,Elena Diaz,Fatima Garcia,France,1999-08-26,1998,TV-MA,153 min,"Sci-Fi & Fantasy, Crime TV Shows, Action & Adventure","An emotional story that explores family, ambition, and the human condition.",1999,8,26,France,Sci-Fi & Fantasy,Movie,153.0,
s318,TV Show,Secret Dream,Unknown,"Priya Brown, Carlos Nguyen, Sofia Smith",Japan,2012-08-22,2011,TV-PG,3 Seasons,"Thrillers, Stand-Up Comedy","An emotional story that explores family, ambition, and the human condition.",2012,8,22,Japan,Thrillers,TV Show,,3.0
s975,Movie,The World,Lucas Brown,"Wei Nguyen, Wei Silva, Maria Costa, Sofia Costa",South Korea,2015-05-20,2014,TV-14,60 min,"Action & Adventure, Crime TV Shows, Dramas","An emotional story that explores family, ambition, and the human condition.",2015,5,20,South Korea,Action & Adventure,Movie,60.0,
s722,TV Show,Golden Story,Unknown,"James Kim, Carlos Tanaka, Wei Nguyen, Wei Tanaka, Amara Smith",Canada,2023-02-01,2022,TV-PG,2 Seasons,Comedies,"An emotional story that explores family, ambition, and the human condition.",2023,2,1,Canada,Comedies,TV Show,,2.0
s732,Movie,Hidden World,James Johnson,"Wei Chen, Maria Smith, Carlos Johnson, James Costa, Maria Nguyen",Egypt,2006-09-22,2006,TV-PG,185 min,"Thrillers, Reality TV, Documentaries","An emotional story that explores family, ambition, and the human condition.",2006,9,22,Egypt,Thrillers,Movie,185.0,
s800,Movie,A Truth,Unknown,"Wei Costa, Liam Nguyen, Kenji Chen",Unknown,2009-01-10,2007,TV-Y,135 min,Reality TV,"An emotional story that explores family, ambition, and the human condition.",2009,1,10,Unknown,Reality TV,Movie,135.0,
s472,Movie,Hidden Dream,Unknown,"Maria Chen, Fatima Nguyen, Wei Johnson, Sofia Costa",Italy,2007-12-25,2007,TV-G,102 min,"Horror Movies, Sci-Fi & Fantasy","An emotional story that explores family, ambition, and the human condition.",2007,12,25,Italy,Horror Movies,Movie,102.0,
s484,Movie,Hidden Kingdom,Liam Khan,James Silva,Italy,2002-04-19,2000,TV-PG,94 min,"Documentaries, Romantic Movies, Crime TV Shows","An emotional story that explores family, ambition, and the human condition.",2002,4,19,Italy,Documentaries,Movie,94.0,
s786,Movie,Rising Story,Unknown,"James Silva, Sofia Tanaka",Japan,2017-07-24,2017,TV-14,177 min,Sci-Fi & Fantasy,"An emotional story that explores family, ambition, and the human condition.",2017,7,24,Japan,Sci-Fi & Fantasy,Movie,177.0,
s149,TV Show,Silent Journey,Unknown,Unknown,India,2006-04-06,2005,TV-G,5 Seasons,"Horror Movies, Kids' TV","An emotional story that explores family, ambition, and the human condition.",2006,4,6,India,Horror Movies,TV Show,,5.0
s489,Movie,Hidden Kingdom,Unknown,Elena Muller,United States,2018-09-20,2017,NR,139 min,"Reality TV, Crime TV Shows","An emotional story that explores family, ambition, and the human condition.",2018,9,20,United States,Reality TV,Movie,139.0,
s1000,TV Show,Last Shadow,Aiko Nguyen,"Wei Rossi, Carlos Johnson, Priya Brown, Aiko Costa",Germany,2018-11-13,2017,TV-PG,1 Season,"Crime TV Shows, Stand-Up Comedy","An emotional story that explores family, ambition, and the human condition.",2018,11,13,Germany,Crime TV Shows,TV Show,,1.0
s709,Movie,Rising Kingdom,Sofia Nguyen,"Omar Muller, Kenji Silva, Maria Costa",Italy,2011-05-07,2009,TV-14,137 min,"Dramas, Comedies, Thrillers","An emotional story that explores family, ambition, and the human condition.",2011,5,7,Italy,Dramas,Movie,137.0,
s1185,Movie,A Heart,Noah Costa,"Lucas Johnson, Maria Chen, Wei Kim, Kenji Brown, Noah Garcia",Egypt,2009-09-06,2008,TV-MA,186 min,"Stand-Up Comedy, Documentaries","An emotional story that explores family, ambition, and the human condition.",2009,9,6,Egypt,Stand-Up Comedy,Movie,186.0,
s1167,TV Show,Hidden Journey,James Silva,Unknown,Japan,2005-11-27,2005,TV-14,6 Seasons,"Kids' TV, Anime","An emotional story that explores family, ambition, and the human condition.",2005,11,27,Japan,Kids' TV,TV Show,,6.0
s366,Movie,The Story,Maria Garcia,Unknown,Australia,2004-08-26,2004,TV-G,67 min,"Crime TV Shows, Thrillers, Action & Adventure","An emotional story that explores family, ambition, and the human condition.",2004,8,26,Australia,Crime TV Shows,Movie,67.0,
s913,Movie,Broken City,Unknown,Unknown,United States,2018-04-06,2016,TV-G,86 min,"Crime TV Shows, Sci-Fi & Fantasy, Stand-Up Comedy","An emotional story that explores family, ambition, and the human condition.",2018,4,6,United States,Crime TV Shows,Movie,86.0,
s531,TV Show,Rising World,Maria Costa,Liam Chen,United Kingdom,2018-08-27,2018,TV-Y,6 Seasons,"Action & Adventure, Anime","An emotional story that explores family, ambition, and the human condition.",2018,8,27,United Kingdom,Action & Adventure,TV Show,,6.0
s821,Movie,Broken Shadow,Kenji Sharma,"Elena Tanaka, Elena Costa",Unknown,2011-08-11,2011,NR,153 min,"Sci-Fi & Fantasy, Stand-Up Comedy, Reality TV","An emotional story that explores family, ambition, and the human condition.",2011,8,11,Unknown,Sci-Fi & Fantasy,Movie,153.0,
s816,TV Show,Hidden Journey,Unknown,"Lucas Brown, Omar Brown, Lucas Chen",United Kingdom,2003-04-15,2002,PG,2 Seasons,Dramas,"An emotional story that explores family, ambition, and the human condition.",2003,4,15,United Kingdom,Dramas,TV Show,,2.0
s953,Movie,Secret World,Unknown,"Carlos Garcia, Kenji Costa, Wei Chen, Lucas Silva, Noah Sharma",Unknown,2020-07-17,2018,TV-Y,90 min,Action & Adventure,"An emotional story that explores family, ambition, and the human condition.",2020,7,17,Unknown,Action & Adventure,Movie,90.0,
s570,TV Show,Silent City,Noah Silva,Unknown,Egypt,2001-01-21,2000,TV-G,3 Seasons,"Comedies, Kids' TV","An emotional story that explores family, ambition, and the human condition.",2001,1,21,Egypt,Comedies,TV Show,,3.0
s233,Movie,Silent Dream,Unknown,"Aiko Tanaka, Maria Silva, Lucas Brown, Fatima Kim, Omar Rossi",Mexico,2015-12-24,2015,TV-PG,67 min,"Crime TV Shows, Sci-Fi & Fantasy","An emotional story that explores family, ambition, and the human condition.",2015,12,24,Mexico,Crime TV Shows,Movie,67.0,
s957,TV Show,Silent City,Unknown,"Sofia Smith, Amara Muller, Priya Costa, Maria Kim",United Kingdom,2009-10-12,2009,TV-14,8 Seasons,"Comedies, Crime TV Shows","An emotional story that explores family, ambition, and the human condition.",2009,10,12,United Kingdom,Comedies,TV Show,,8.0
s1186,Movie,A Journey,Aiko Kim,"James Nguyen, Sofia Brown",Canada,2005-08-10,2004,TV-14,70 min,"International Movies, Action & Adventure, Anime","An emotional story that explores family, ambition, and the human condition.",2005,8,10,Canada,International Movies,Movie,70.0,
s813,Movie,Hidden City,Priya Khan,"Omar Diaz, James Khan, Maria Garcia, Priya Garcia",Brazil,2021-05-08,2019,R,140 min,"Stand-Up Comedy, Anime","An emotional story that explores family, ambition, and the human condition.",2021,5,8,Brazil,Stand-Up Comedy,Movie,140.0,
s591,Movie,Silent World,Unknown,"Carlos Garcia, Lucas Khan, Liam Kim, James Muller, Wei Garcia",Spain,2006-12-17,2006,TV-Y,118 min,"Comedies, Kids' TV, Action & Adventure","An emotional story that explores family, ambition, and the human condition.",2006,12,17,Spain,Comedies,Movie,118.0,
s159,TV Show,Secret Journey,Omar Khan,"Fatima Nguyen, Priya Muller, Liam Kim",Mexico,2011-02-14,2009,PG,3 Season,"Action & Adventure, International Movies","An emotional story that explores family, ambition, and the human condition.",2011,2,14,Mexico,Action & Adventure,TV Show,,3.0
s316,Movie,Broken Dream,Unknown,"James Silva, Lucas Johnson",Germany,2018-06-05,2017,TV-14,142 min,"Crime TV Shows, International Movies","An emotional story that explores family, ambition, and the human condition.",2018,6,5,Germany,Crime TV Shows,Movie,142.0,
s257,Movie,Secret City,Omar Khan,"Lucas Nguyen, Omar Khan, Priya Sharma",Unknown,2015-07-29,2014,PG,140 min,"Crime TV Shows, Action & Adventure, Kids' TV","An emotional story that explores family, ambition, and the human condition.",2015,7,29,Unknown,Crime TV Shows,Movie,140.0,
s1116,TV Show,Secret Truth,James Khan,Maria Kim,Nigeria,2022-09-04,2022,TV-14,3 Season,Documentaries,"An emotional story that explores family, ambition, and the human condition.",2022,9,4,Nigeria,Documentaries,TV Show,,3.0
s97,Movie,Broken City,Amara Kim,"Omar Brown, Priya Nguyen, Omar Costa",India,2003-06-03,2001,NR,119 min,"Kids' TV, Action & Adventure","An emotional story that explores family, ambition, and the human condition.",2003,6,3,India,Kids' TV,Movie,119.0,
s1184,TV Show,Midnight World,Unknown,"Fatima Diaz, Carlos Garcia",Italy,2010-02-17,2008,PG-13,2 Seasons,"Documentaries, Anime, Thrillers","An emotional story that explores family, ambition, and the human condition.",2010,2,17,Italy,Documentaries,TV Show,,2.0
s463,Movie,Golden Story,Unknown,Unknown,Australia,2002-12-21,2002,NR,152 min,Action & Adventure,"An emotional story that explores family, ambition, and the human condition.",2002,12,21,Australia,Action & Adventure,Movie,152.0,
s385,Movie,The World,Elena Kim,Liam Diaz,United States,2000-02-15,1999,R,140 min,Comedies,"An emotional story that explores family, ambition, and the human condition.",2000,2,15,United States,Comedies,Movie,140.0,
s1109,Movie,The Heart,Omar Nguyen,Wei Diaz,Japan,2022-09-10,2021,TV-Y,154 min,"Action & Adventure, Reality TV","An emotional story that explores family, ambition, and the human condition.",2022,9,10,Japan,Action & Adventure,Movie,154.0,
s178,Movie,Secret Kingdom,Priya Nguyen,"Maria Johnson, Liam Smith, Omar Kim",Australia,2006-06-20,2004,TV-MA,77 min,"Stand-Up Comedy, Dramas, Kids' TV","An emotional story that explores family, ambition, and the human condition.",2006,6,20,Australia,Stand-Up Comedy,Movie,77.0,
s475,Movie,A Shadow,Elena Rossi,"Priya Costa, Maria Diaz",United States,2009-04-07,2009,TV-14,121 min,"Comedies, Horror Movies, Romantic Movies","An emotional story that explores family, ambition, and the human condition.",2009,4,7,United States,Comedies,Movie,121.0,
s315,Movie,Last Shadow,Elena Nguyen,"Elena Brown, Carlos Nguyen",United Kingdom,2021-11-27,2020,R,166 min,"Thrillers, Reality TV","An emotional story that explores family, ambition, and the human condition.",2021,11,27,United Kingdom,Thrillers,Movie,166.0,
s416,TV Show,A City,Sofia Nguyen,Noah Khan,Egypt,2021-08-29,2021,TV-Y,5 Seasons,Horror Movies,"An emotional story that explores family, ambition, and the human condition.",2021,8,29,Egypt,Horror Movies,TV Show,,5.0
s348,Movie,Last Dream,Unknown,Unknown,Spain,2020-01-06,2018,TV-G,65 min,"Romantic Movies, Thrillers, Stand-Up Comedy","An emotional story that explores family, ambition, and the human condition.",2020,1,6,Spain,Romantic Movies,Movie,65.0,
s505,Movie,Broken City,Kenji Silva,Unknown,Italy,2003-10-04,2002,R,61 min,Horror Movies,"An emotional story that explores family, ambition, and the human condition.",2003,10,4,Italy,Horror Movies,Movie,61.0,
s299,Movie,Golden Story,Unknown,"Fatima Brown, Kenji Costa, Fatima Smith",Germany,2011-09-03,2011,TV-PG,140 min,"Horror Movies, Reality TV, Anime","An emotional story that explores family, ambition, and the human condition.",2011,9,3,Germany,Horror Movies,Movie,140.0,
s1070,Movie,Midnight City,Sofia Costa,"Amara Muller, Elena Khan",United States,2006-11-28,2006,TV-MA,104 min,Romantic Movies,"An emotional story that explores family, ambition, and the human condition.",2006,11,28,United States,Romantic Movies,Movie,104.0,
s1009,Movie,Rising Dream,Unknown,Omar Rossi,Spain,2007-04-05,2007,NR,130 min,"Horror Movies, Action & Adventure","An emotional story that explores family, ambition, and the human condition.",2007,4,5,Spain,Horror Movies,Movie,130.0,
s789,Movie,The Shadow,Lucas Chen,Unknown,Italy,2013-11-01,2012,PG-13,69 min,Action & Adventure,"An emotional story that explores family, ambition, and the human condition.",2013,11,1,Italy,Action & Adventure,Movie,69.0,
s706,Movie,Golden Legacy,Fatima Nguyen,"Elena Garcia, Sofia Muller",India,2013-03-04,2011,TV-MA,81 min,"Horror Movies, Documentaries, International Movies","An emotional story that explores family, ambition, and the human condition.",2013,3,4,India,Horror Movies,Movie,81.0,
s961,TV Show,Rising Dream,Amara Rossi,"Carlos Sharma, Noah Brown, Lucas Costa, Omar Muller",United Kingdom,2019-07-11,2019,PG-13,8 Seasons,Kids' TV,"An emotional story that explores family, ambition, and the human condition.",2019,7,11,United Kingdom,Kids' TV,TV Show,,8.0
s659,Movie,Golden Dream,Sofia Rossi,"Sofia Smith, Kenji Sharma, James Sharma, Fatima Khan, James Silva",Egypt,2001-01-03,2000,TV-G,61 min,Romantic Movies,"An emotional story that explores family, ambition, and the human condition.",2001,1,3,Egypt,Romantic Movies,Movie,61.0,
s250,Movie,Golden Legacy,James Nguyen,"Elena Khan, Omar Kim, Priya Costa",United States,2001-05-08,1999,TV-Y,112 min,"Dramas, Kids' TV, International Movies","An emotional story that explores family, ambition, and the human condition.",2001,5,8,United States,Dramas,Movie,112.0,
s844,Movie,Golden Story,Fatima Brown,"Wei Diaz, Elena Smith, Sofia Smith, Noah Costa, Fatima Costa",India,2014-10-05,2013,TV-14,69 min,Comedies,"An emotional story that explores family, ambition, and the human condition.",2014,10,5,India,Comedies,Movie,69.0,
s16,Movie,A City,Sofia Muller,"James Silva, Fatima Costa",Egypt,2001-05-05,1999,NR,171 min,"Crime TV Shows, Stand-Up Comedy","An emotional story that explores family, ambition, and the human condition.",2001,5,5,Egypt,Crime TV Shows,Movie,171.0,
s1145,Movie,Secret Dream,Unknown,"James Chen, Fatima Tanaka, Kenji Smith, Noah Silva, Aiko Sharma",Australia,2020-12-31,2019,TV-G,133 min,Horror Movies,"An emotional story that explores family, ambition, and the human condition.",2020,12,31,Australia,Horror Movies,Movie,133.0,
s1095,Movie,Rising Kingdom,Lucas Muller,"Elena Kim, Lucas Johnson, Maria Muller, Lucas Chen",United States,2006-09-16,2005,TV-MA,186 min,"Crime TV Shows, Action & Adventure","An emotional story that explores family, ambition, and the human condition.",2006,9,16,United States,Crime TV Shows,Movie,186.0,
s611,TV Show,Hidden World,Unknown,"Sofia Costa, Fatima Sharma",Germany,2011-06-19,2009,TV-PG,8 Seasons,Reality TV,"An emotional story that explores family, ambition, and the human condition.",2011,6,19,Germany,Reality TV,TV Show,,8.0
s361,Movie,Hidden Heart Hidden Heart,Kenji Brown,"Sofia Muller, Priya Chen, Noah Tanaka",Australia,1999-04-16,1998,TV-PG,80 min,"Crime TV Shows, Documentaries","An emotional story that explores family, ambition, and the human condition.",1999,4,16,Australia,Crime TV Shows,Movie,80.0,
s49,Movie,The Shadow,Unknown,"Wei Brown, Priya Khan, Kenji Diaz, Amara Muller, Liam Rossi",United Kingdom,2019-03-20,2017,PG,132 min,Thrillers,"An emotional story that explores family, ambition, and the human condition.",2019,3,20,United Kingdom,Thrillers,Movie,132.0,
s203,Movie,Midnight Heart,Amara Brown,"Sofia Kim, Noah Silva, Amara Rossi, James Johnson",Mexico,2019-11-10,2018,NR,116 min,"Stand-Up Comedy, Documentaries, Crime TV Shows","An emotional story that explores family, ambition, and the human condition.",2019,11,10,Mexico,Stand-Up Comedy,Movie,116.0,
s331,Movie,Secret Dream,Wei Brown,"Kenji Johnson, Kenji Chen, Maria Silva",South Korea,2006-01-29,2004,NR,170 min,Thrillers,"An emotional story that explores family, ambition, and the human condition.",2006,1,29,South Korea,Thrillers,Movie,170.0,
s599,Movie,Silent Story,Liam Nguyen,"Kenji Costa, James Tanaka, Sofia Chen, James Kim",India,2020-08-24,2020,PG,99 min,"Documentaries, International Movies","An emotional story that explores family, ambition, and the human condition.",2020,8,24,India,Documentaries,Movie,99.0,
s511,Movie,Golden Journey,Unknown,Sofia Tanaka,Germany,2003-08-04,2001,TV-MA,137 min,"Stand-Up Comedy, Action & Adventure, Romantic Movies","An emotional story that explores family, ambition, and the human condition.",2003,8,4,Germany,Stand-Up Comedy,Movie,137.0,
s113,Movie,Broken Legacy,Elena Khan,"Elena Nguyen, Elena Kim, Sofia Chen, Carlos Khan",Brazil,2001-07-18,2000,TV-G,82 min,"Sci-Fi & Fantasy, Documentaries, Horror Movies","An emotional story that explores family, ambition, and the human condition.",2001,7,18,Brazil,Sci-Fi & Fantasy,Movie,82.0,
s339,Movie,Secret Story,Unknown,"Omar Rossi, Elena Nguyen, Amara Kim",Italy,2010-02-12,2008,TV-PG,98 min,"Documentaries, International Movies, Stand-Up Comedy","An emotional story that explores family, ambition, and the human condition.",2010,2,12,Italy,Documentaries,Movie,98.0,
s308,Movie,Last Dream,Carlos Rossi,Kenji Johnson,Spain,2021-02-15,2019,NR,75 min,"Dramas, Sci-Fi & Fantasy, Reality TV","An emotional story that explores family, ambition, and the human condition.",2021,2,15,Spain,Dramas,Movie,75.0,
s790,Movie,The Story,Liam Brown,Liam Tanaka,Egypt,2009-10-20,2008,TV-MA,77 min,Stand-Up Comedy,"An emotional story that explores family, ambition, and the human condition.",2009,10,20,Egypt,Stand-Up Comedy,Movie,77.0,
s423,TV Show,A Story,Wei Khan,Fatima Costa,Canada,2012-09-15,2012,TV-PG,6 Seasons,"Documentaries, Thrillers, Anime","An emotional story that explores family, ambition, and the human condition.",2012,9,15,Canada,Documentaries,TV Show,,6.0
s417,TV Show,Rising World,Priya Rossi,Kenji Muller,Mexico,2006-04-18,2005,R,8 Season,"Crime TV Shows, Romantic Movies, Stand-Up Comedy","An emotional story that explores family, ambition, and the human condition.",2006,4,18,Mexico,Crime TV Shows,TV Show,,8.0
s952,TV Show,Secret Kingdom,Fatima Sharma,Carlos Johnson,United States,2011-08-13,2009,R,7 Seasons,International Movies,"An emotional story that explores family, ambition, and the human condition.",2011,8,13,United States,International Movies,TV Show,,7.0
s411,Movie,The Dream,Lucas Muller,"Elena Rossi, Noah Diaz, Elena Johnson, Kenji Garcia, Lucas Johnson",Mexico,2018-12-01,2017,PG,139 min,Dramas,"An emotional story that explores family, ambition, and the human condition.",2018,12,1,Mexico,Dramas,Movie,139.0,
s981,TV Show,A Truth,Noah Brown,Unknown,Italy,2006-07-03,2005,PG-13,3 Seasons,Crime TV Shows,"An emotional story that explores family, ambition, and the human condition.",2006,7,3,Italy,Crime TV Shows,TV Show,,3.0
s856,TV Show,Last Kingdom,Amara Smith,"Omar Tanaka, Priya Muller, Lucas Johnson",Egypt,2001-05-28,1999,NR,7 Seasons,"Horror Movies, International Movies","An emotional story that explores family, ambition, and the human condition.",2001,5,28,Egypt,Horror Movies,TV Show,,7.0
s645,Movie,Golden Legacy,Lucas Garcia,"James Muller, Liam Kim, Lucas Brown, Amara Chen, Noah Nguyen",Canada,2017-11-19,2017,NR,120 min,Dramas,"An emotional story that explores family, ambition, and the human condition.",2017,11,19,Canada,Dramas,Movie,120.0,
s396,TV Show,Midnight Shadow,Omar Brown,"Lucas Costa, Omar Diaz, Elena Garcia, Maria Kim",Nigeria,2012-10-09,2012,TV-MA,4 Seasons,Reality TV,"An emotional story that explores family, ambition, and the human condition.",2012,10,9,Nigeria,Reality TV,TV Show,,4.0
s668,Movie,Rising Kingdom,Lucas Kim,Unknown,France,1999-12-10,1998,TV-G,96 min,"Thrillers, Romantic Movies, Stand-Up Comedy","An emotional story that explores family, ambition, and the human condition.",1999,12,10,France,Thrillers,Movie,96.0,
s656,TV Show,Hidden City,Elena Diaz,"Omar Garcia, Noah Muller, James Muller, Maria Rossi",Unknown,2002-03-09,2001,PG,5 Season,"Reality TV, Sci-Fi & Fantasy, Horror Movies","An emotional story that explores family, ambition, and the human condition.",2002,3,9,Unknown,Reality TV,TV Show,,5.0
s128,Movie,Hidden Heart,James Diaz,Elena Brown,Spain,2004-10-15,2004,TV-PG,183 min,"Sci-Fi & Fantasy, Reality TV","An emotional story that explores family, ambition, and the human condition.",2004,10,15,Spain,Sci-Fi & Fantasy,Movie,183.0,
s1058,TV Show,The Story,Unknown,"Priya Diaz, Amara Johnson, James Nguyen",Italy,2018-10-08,2018,TV-14,4 Seasons,"Crime TV Shows, Horror Movies, Stand-Up Comedy","An emotional story that explores family, ambition, and the human condition.",2018,10,8,Italy,Crime TV Shows,TV Show,,4.0
s1190,Movie,Hidden Story,Unknown,"Elena Sharma, Liam Silva, James Muller, Elena Tanaka, Omar Muller",Brazil,2006-08-14,2006,TV-G,115 min,Sci-Fi & Fantasy,"An emotional story that explores family, ambition, and the human condition.",2006,8,14,Brazil,Sci-Fi & Fantasy,Movie,115.0,
s1093,Movie,Golden Heart,Unknown,"Noah Rossi, Kenji Smith, Elena Sharma, Amara Tanaka, Priya Muller",Unknown,2023-08-27,2022,PG-13,102 min,"Kids' TV, Crime TV Shows","An emotional story that explores family, ambition, and the human condition.",2023,8,27,Unknown,Kids' TV,Movie,102.0,
s774,Movie,Broken World,Carlos Silva,"Noah Rossi, Liam Brown, Sofia Rossi, Amara Sharma, Wei Sharma",Brazil,2023-07-17,2022,PG-13,84 min,"Romantic Movies, Action & Adventure, Stand-Up Comedy","An emotional story that explores family, ambition, and the human condition.",2023,7,17,Brazil,Romantic Movies,Movie,84.0,
s450,TV Show,Rising Story,Kenji Smith,Amara Johnson,Egypt,2008-07-13,2008,TV-14,3 Seasons,Romantic Movies,"An emotional story that explores family, ambition, and the human condition.",2008,7,13,Egypt,Romantic Movies,TV Show,,3.0
s238,Movie,Midnight Truth,Aiko Kim,"Kenji Johnson, Aiko Nguyen, Wei Silva, Amara Diaz, Omar Muller",South Korea,2008-10-19,2007,NR,167 min,"Comedies, Action & Adventure, Horror Movies","An emotional story that explores family, ambition, and the human condition.",2008,10,19,South Korea,Comedies,Movie,167.0,
s168,Movie,Last Legacy,Lucas Tanaka,"James Tanaka, Aiko Diaz, Wei Tanaka, Amara Smith",United Kingdom,2021-01-28,2020,TV-MA,79 min,"Dramas, Anime, Comedies","An emotional story that explores family, ambition, and the human condition.",2021,1,28,United Kingdom,Dramas,Movie,79.0,
s783,Movie,Midnight Heart,Elena Rossi,"Fatima Garcia, Priya Garcia, Fatima Nguyen, Elena Chen, Aiko Nguyen",Italy,2001-07-03,2001,PG,98 min,"Dramas, Comedies, International Movies","An emotional story that explores family, ambition, and the human condition.",2001,7,3,Italy,Dramas,Movie,98.0,
s636,TV Show,Golden Story,Noah Diaz,"Wei Smith, Amara Khan, Liam Sharma, Omar Sharma, Fatima Costa",South Korea,2008-01-18,2007,TV-MA,2 Seasons,Sci-Fi & Fantasy,"An emotional story that explores family, ambition, and the human condition.",2008,1,18,South Korea,Sci-Fi & Fantasy,TV Show,,2.0
s81,Movie,Secret Story,Wei Garcia,Unknown,Egypt,2010-10-08,2010,TV-PG,118 min,"Kids' TV, Thrillers","An emotional story that explores family, ambition, and the human condition.",2010,10,8,Egypt,Kids' TV,Movie,118.0,
s415,Movie,Broken Dream,Maria Silva,Kenji Muller,Japan,2020-03-16,2019,TV-14,88 min,"Documentaries, Romantic Movies","An emotional story that explores family, ambition, and the human condition.",2020,3,16,Japan,Documentaries,Movie,88.0,
s670,TV Show,Rising Dream,Kenji Kim,"Omar Johnson, Wei Johnson, Lucas Diaz, Carlos Tanaka, Kenji Kim",Germany,2014-08-12,2013,PG-13,4 Seasons,"Documentaries, Reality TV, Crime TV Shows","An emotional story that explores family, ambition, and the human condition.",2014,8,12,Germany,Documentaries,TV Show,,4.0
s301,TV Show,Rising Kingdom,Maria Nguyen,Priya Khan,Japan,2014-02-06,2012,PG-13,1 Seasons,Stand-Up Comedy,"An emotional story that explores family, ambition, and the human condition.",2014,2,6,Japan,Stand-Up Comedy,TV Show,,1.0
s643,Movie,Silent City,Wei Rossi,"Maria Costa, Carlos Sharma, Carlos Tanaka",Spain,2007-08-31,2006,PG,113 min,"Thrillers, Horror Movies, Action & Adventure","An emotional story that explores family, ambition, and the human condition.",2007,8,31,Spain,Thrillers,Movie,113.0,
s936,Movie,A Legacy,Carlos Silva,"Maria Diaz, Priya Sharma, Amara Brown, Omar Chen",South Korea,2021-09-27,2021,PG-13,187 min,"Anime, Sci-Fi & Fantasy","An emotional story that explores family, ambition, and the human condition.",2021,9,27,South Korea,Anime,Movie,187.0,
s216,Movie,Golden Dream,James Muller,"Fatima Silva, Priya Muller",Unknown,2023-12-26,2022,R,172 min,Kids' TV,"An emotional story that explores family, ambition, and the human condition.",2023,12,26,Unknown,Kids' TV,Movie,172.0,
s622,Movie,The Dream,Unknown,"Elena Tanaka, Liam Chen, Elena Kim, Fatima Tanaka, Liam Brown",Spain,1999-11-30,1998,TV-PG,181 min,"Kids' TV, Documentaries, Sci-Fi & Fantasy","An emotional story that explores family, ambition, and the human condition.",1999,11,30,Spain,Kids' TV,Movie,181.0,
s31,Movie,Secret Dream,Sofia Khan,"Fatima Brown, Amara Muller, Fatima Khan, Amara Sharma, Carlos Silva",India,2010-12-04,2009,TV-G,163 min,"Stand-Up Comedy, Crime TV Shows","An emotional story that explores family, ambition, and the human condition.",2010,12,4,India,Stand-Up Comedy,Movie,163.0,
s753,Movie,Broken City,Noah Johnson,Unknown,Brazil,2018-09-30,2018,PG-13,153 min,Romantic Movies,"An emotional story that explores family, ambition, and the human condition.",2018,9,30,Brazil,Romantic Movies,Movie,153.0,
s243,TV Show,Rising City,James Chen,"Omar Sharma, Maria Silva",Mexico,2020-07-27,2020,TV-14,2 Seasons,"Stand-Up Comedy, Romantic Movies, Reality TV","An emotional story that explores family, ambition, and the human condition.",2020,7,27,Mexico,Stand-Up Comedy,TV Show,,2.0
s730,Movie,Silent Journey,James Rossi,Unknown,Italy,2003-06-05,2002,TV-Y,148 min,"Crime TV Shows, Comedies","An emotional story that explores family, ambition, and the human condition.",2003,6,5,Italy,Crime TV Shows,Movie,148.0,
s641,Movie,Hidden Shadow,Aiko Johnson,"Fatima Nguyen, Lucas Smith",Canada,2002-03-09,2000,PG,126 min,"Horror Movies, Crime TV Shows","An emotional story that explores family, ambition, and the human condition.",2002,3,9,Canada,Horror Movies,Movie,126.0,
s336,Movie,Midnight Kingdom,Unknown,Amara Tanaka,Canada,2011-11-23,2011,TV-G,61 min,Thrillers,"An emotional story that explores family, ambition, and the human condition.",2011,11,23,Canada,Thrillers,Movie,61.0,
s1006,Movie,Secret Dream,Wei Smith,Fatima Rossi,Germany,2011-08-11,2011,TV-14,119 min,Crime TV Shows,"An emotional story that explores family, ambition, and the human condition.",2011,8,11,Germany,Crime TV Shows,Movie,119.0,
s210,Movie,Secret Dream,Elena Brown,"Sofia Chen, Sofia Kim",India,2018-07-04,2017,TV-PG,138 min,"Sci-Fi & Fantasy, Dramas","An emotional story that explores family, ambition, and the human condition.",2018,7,4,India,Sci-Fi & Fantasy,Movie,138.0,
s548,Movie,Last Heart,Maria Chen,"Liam Garcia, Amara Tanaka",Germany,2000-10-01,1999,TV-Y,107 min,"Documentaries, Thrillers, Anime","An emotional story that explores family, ambition, and the human condition.",2000,10,1,Germany,Documentaries,Movie,107.0,
s436,Movie,The Kingdom,Elena Diaz,Unknown,Nigeria,2012-02-10,2011,TV-MA,94 min,"Stand-Up Comedy, International Movies, Anime","An emotional story that explores family, ambition, and the human condition.",2012,2,10,Nigeria,Stand-Up Comedy,Movie,94.0,
s1142,Movie,A World,Aiko Smith,"Priya Costa, Noah Kim, Amara Smith",Canada,2022-02-20,2021,TV-G,102 min,"Documentaries, Stand-Up Comedy","An emotional story that explores family, ambition, and the human condition.",2022,2,20,Canada,Documentaries,Movie,102.0,
s1110,Movie,Rising Heart,Lucas Tanaka,Carlos Costa,South Korea,2008-12-19,2007,R,160 min,Horror Movies,"An emotional story that explores family, ambition, and the human condition.",2008,12,19,South Korea,Horror Movies,Movie,160.0,
s404,Movie,A Legacy,Amara Garcia,"Elena Khan, Liam Rossi",France,2011-10-09,2010,TV-PG,149 min,"Anime, Crime TV Shows, Sci-Fi & Fantasy","An emotional story that explores family, ambition, and the human condition.",2011,10,9,France,Anime,Movie,149.0,
s363,Movie,Midnight Dream,Liam Tanaka,"Lucas Smith, Amara Tanaka, Amara Brown, Maria Costa, Aiko Tanaka",France,2022-12-02,2022,PG,164 min,"Documentaries, Comedies","An emotional story that explores family, ambition, and the human condition.",2022,12,2,France,Documentaries,Movie,164.0,
s272,Movie,Silent Kingdom,Aiko Rossi,"Amara Silva, Maria Smith, Maria Garcia, Sofia Diaz",Spain,2010-06-04,2008,PG-13,109 min,Stand-Up Comedy,"An emotional story that explores family, ambition, and the human condition.",2010,6,4,Spain,Stand-Up Comedy,Movie,109.0,
s467,Movie,Last Legacy,Unknown,"Lucas Khan, Maria Smith",United States,2012-11-16,2011,TV-Y,86 min,"Crime TV Shows, Documentaries","An emotional story that explores family, ambition, and the human condition.",2012,11,16,United States,Crime TV Shows,Movie,86.0,
s1085,Movie,The Truth,Elena Rossi,"Elena Nguyen, Omar Nguyen, Omar Rossi, Omar Sharma",France,2011-12-18,2011,PG-13,78 min,"Dramas, International Movies, Horror Movies","An emotional story that explores family, ambition, and the human condition.",2011,12,18,France,Dramas,Movie,78.0,
s778,TV Show,Silent Kingdom,Unknown,"Aiko Sharma, Lucas Diaz",Italy,1999-11-04,1999,R,1 Seasons,"Romantic Movies, Action & Adventure, Comedies","An emotional story that explores family, ambition, and the human condition.",1999,11,4,Italy,Romantic Movies,TV Show,,1.0
s1083,Movie,Last City,Carlos Garcia,"Sofia Sharma, Omar Silva, James Chen, Lucas Nguyen, Elena Tanaka",South Korea,2023-12-07,2022,TV-MA,158 min,"Comedies, Thrillers, Dramas","An emotional story that explores family, ambition, and the human condition.",2023,12,7,South Korea,Comedies,Movie,158.0,
s1149,Movie,Last Journey,Noah Costa,Fatima Kim,United Kingdom,2004-02-19,2003,TV-PG,129 min,"Sci-Fi & Fantasy, Dramas","An emotional story that explores family, ambition, and the human condition.",2004,2,19,United Kingdom,Sci-Fi & Fantasy,Movie,129.0,
s698,Movie,The Journey,Lucas Rossi,Maria Sharma,Germany,2004-02-05,2002,NR,163 min,"Crime TV Shows, Reality TV, Documentaries","An emotional story that explores family, ambition, and the human condition.",2004,2,5,Germany,Crime TV Shows,Movie,163.0,
s443,TV Show,Midnight Kingdom,James Rossi,"Wei Smith, Liam Nguyen, Liam Kim, Omar Sharma, Noah Diaz",Italy,2000-01-10,1999,TV-14,1 Seasons,"Romantic Movies, Action & Adventure, Stand-Up Comedy","An emotional story that explores family, ambition, and the human condition.",2000,1,10,Italy,Romantic Movies,TV Show,,1.0
s300,TV Show,Midnight Legacy,Elena Chen,Unknown,Japan,2002-12-24,2002,R,2 Seasons,"Crime TV Shows, Stand-Up Comedy, Kids' TV","An emotional story that explores family, ambition, and the human condition.",2002,12,24,Japan,Crime TV Shows,TV Show,,2.0
s376,TV Show,Hidden Journey,Lucas Chen,"Aiko Diaz, Amara Tanaka",Germany,2013-01-16,2011,TV-14,6 Season,"Reality TV, Documentaries","An emotional story that explores family, ambition, and the human condition.",2013,1,16,Germany,Reality TV,TV Show,,6.0
s664,Movie,Last Kingdom,Priya Kim,"Noah Silva, Priya Garcia, Lucas Kim",South Korea,2004-08-02,2004,TV-Y,71 min,Horror Movies,"An emotional story that explores family, ambition, and the human condition.",2004,8,2,South Korea,Horror Movies,Movie,71.0,
s1182,TV Show,Last Journey,Maria Silva,"Lucas Smith, Fatima Garcia, Sofia Smith, Noah Johnson",Canada,2007-09-18,2006,R,2 Season,Horror Movies,"An emotional story that explores family, ambition, and the human condition.",2007,9,18,Canada,Horror Movies,TV Show,,2.0
s612,Movie,Broken Journey,Omar Sharma,"Maria Nguyen, Noah Garcia, Kenji Kim, Fatima Costa, Noah Rossi",Germany,2013-04-14,2012,R,147 min,"Anime, Romantic Movies","An emotional story that explores family, ambition, and the human condition.",2013,4,14,Germany,Anime,Movie,147.0,
s473,TV Show,Secret Kingdom,Unknown,Unknown,Egypt,2001-06-22,2000,TV-MA,7 Seasons,Dramas,"An emotional story that explores family, ambition, and the human condition.",2001,6,22,Egypt,Dramas,TV Show,,7.0
s852,Movie,The Truth,Liam Nguyen,"Aiko Smith, Kenji Johnson, Noah Muller",Germany,2001-05-04,2001,TV-PG,167 min,"Dramas, International Movies, Anime","An emotional story that explores family, ambition, and the human condition.",2001,5,4,Germany,Dramas,Movie,167.0,
s1103,Movie,A Legacy,Noah Silva,"Carlos Diaz, Omar Costa, Omar Rossi, Maria Brown",Unknown,2019-01-24,2019,TV-14,64 min,"Crime TV Shows, Kids' TV","An emotional story that explores family, ambition, and the human condition.",2019,1,24,Unknown,Crime TV Shows,Movie,64.0,
s389,Movie,Hidden Kingdom,Lucas Tanaka,Wei Khan,Canada,2002-05-29,2002,PG,108 min,International Movies,"An emotional story that explores family, ambition, and the human condition.",2002,5,29,Canada,International Movies,Movie,108.0,
s23,Movie,Silent World,Lucas Costa,"Liam Nguyen, Omar Muller, Priya Costa, Wei Diaz, Elena Sharma",Nigeria,2009-04-25,2007,TV-14,120 min,"International Movies, Documentaries, Reality TV","An emotional story that explores family, ambition, and the human condition.",2009,4,25,Nigeria,International Movies,Movie,120.0,
s916,Movie,Hidden Truth,Noah Diaz,"Lucas Brown, Omar Tanaka, Elena Tanaka, Wei Nguyen",Italy,2022-10-19,2021,TV-G,135 min,"Stand-Up Comedy, Comedies","An emotional story that explores family, ambition, and the human condition.",2022,10,19,Italy,Stand-Up Comedy,Movie,135.0,
s424,TV Show,A Dream,Kenji Diaz,"Noah Diaz, Omar Diaz, Elena Nguyen, Liam Chen",India,2015-02-20,2014,PG,5 Seasons,"Crime TV Shows, Stand-Up Comedy","An emotional story that explores family, ambition, and the human condition.",2015,2,20,India,Crime TV Shows,TV Show,,5.0
s1088,Movie,Hidden Story,Noah Brown,"Fatima Garcia, Kenji Silva, Maria Muller, Omar Brown, Amara Silva",Mexico,2006-03-10,2006,PG,120 min,"Kids' TV, Romantic Movies, Stand-Up Comedy","An emotional story that explores family, ambition, and the human condition.",2006,3,10,Mexico,Kids' TV,Movie,120.0,
s744,TV Show,A Heart,Lucas Muller,"Fatima Silva, Aiko Sharma",Italy,2013-10-27,2012,TV-14,4 Season,Comedies,"An emotional story that explores family, ambition, and the human condition.",2013,10,27,Italy,Comedies,TV Show,,4.0
s956,TV Show,Hidden Journey Hidden Journey,Sofia Khan,Unknown,Canada,2000-10-27,2000,TV-14,1 Seasons,Sci-Fi & Fantasy,"An emotional story that explores family, ambition, and the human condition.",2000,10,27,Canada,Sci-Fi & Fantasy,TV Show,,1.0
s143,TV Show,The Truth,Unknown,"Omar Muller, Priya Smith, Maria Silva, Liam Chen",Mexico,2005-06-14,2003,PG,1 Seasons,"Kids' TV, Sci-Fi & Fantasy","An emotional story that explores family, ambition, and the human condition.",2005,6,14,Mexico,Kids' TV,TV Show,,1.0
s51,Movie,A World,Unknown,"Lucas Chen, Lucas Costa, Sofia Smith",United Kingdom,2013-03-06,2012,PG,64 min,Crime TV Shows,"An emotional story that explores family, ambition, and the human condition.",2013,3,6,United Kingdom,Crime TV Shows,Movie,64.0,
s721,Movie,Secret Journey,Unknown,Omar Nguyen,Canada,2016-09-02,2016,PG-13,153 min,Romantic Movies,"An emotional story that explores family, ambition, and the human condition.",2016,9,2,Canada,Romantic Movies,Movie,153.0,
s761,Movie,Broken Truth,Unknown,Wei Chen,United States,2021-09-12,2021,PG-13,125 min,"International Movies, Anime, Action & Adventure","An emotional story that explores family, ambition, and the human condition.",2021,9,12,United States,International Movies,Movie,125.0,
s82,Movie,Midnight Story,Noah Sharma,"Sofia Khan, James Smith",Australia,2004-03-17,2002,TV-Y,109 min,International Movies,"An emotional story that explores family, ambition, and the human condition.",2004,3,17,Australia,International Movies,Movie,109.0,
s322,Movie,Last Truth,Fatima Sharma,"Carlos Chen, Kenji Rossi",Nigeria,2017-02-24,2016,R,109 min,Dramas,"An emotional story that explores family, ambition, and the human condition.",2017,2,24,Nigeria,Dramas,Movie,109.0,
s1003,TV Show,The City,Unknown,Sofia Nguyen,Australia,2002-06-12,2002,R,1 Seasons,"Dramas, International Movies, Sci-Fi & Fantasy","An emotional story that explores family, ambition, and the human condition.",2002,6,12,Australia,Dramas,TV Show,,1.0
s719,Movie,Silent Heart,Liam Muller,Unknown,Unknown,2012-05-28,2011,TV-Y,154 min,"Stand-Up Comedy, Comedies, Sci-Fi & Fantasy","An emotional story that explores family, ambition, and the human condition.",2012,5,28,Unknown,Stand-Up Comedy,Movie,154.0,
s136,Movie,A World,Unknown,"James Brown, Maria Costa, Priya Nguyen, Carlos Johnson, Elena Silva",Germany,2015-04-01,2014,R,147 min,"Horror Movies, Crime TV Shows","An emotional story that explores family, ambition, and the human condition.",2015,4,1,Germany,Horror Movies,Movie,147.0,
s67,Movie,Last Shadow,Elena Brown,Unknown,Egypt,2020-07-29,2019,TV-14,96 min,"Documentaries, Dramas","An emotional story that explores family, ambition, and the human condition.",2020,7,29,Egypt,Documentaries,Movie,96.0,
s960,Movie,Hidden Shadow,Unknown,"Carlos Khan, Elena Diaz",Germany,2008-11-13,2008,NR,140 min,"Reality TV, Comedies, Action & Adventure","An emotional story that explores family, ambition, and the human condition.",2008,11,13,Germany,Reality TV,Movie,140.0,
s937,Movie,Golden Journey,Lucas Smith,James Muller,Japan,2000-03-28,1998,TV-14,156 min,"Crime TV Shows, Romantic Movies, Anime","An emotional story that explores family, ambition, and the human condition.",2000,3,28,Japan,Crime TV Shows,Movie,156.0,
s772,TV Show,Last Story,Amara Costa,"Kenji Khan, Amara Rossi, Liam Khan, Lucas Nguyen, Fatima Johnson",Australia,2013-07-13,2012,TV-Y,8 Seasons,"Dramas, Action & Adventure","An emotional story that explores family, ambition, and the human condition.",2013,7,13,Australia,Dramas,TV Show,,8.0
s418,Movie,Silent Legacy,Carlos Brown,"Carlos Kim, Elena Garcia",South Korea,2005-05-13,2005,TV-PG,114 min,"Dramas, Comedies, Stand-Up Comedy","An emotional story that explores family, ambition, and the human condition.",2005,5,13,South Korea,Dramas,Movie,114.0,
s1168,Movie,Midnight Story,Aiko Smith,Maria Costa,Italy,2016-09-04,2016,TV-MA,173 min,Crime TV Shows,"An emotional story that explores family, ambition, and the human condition.",2016,9,4,Italy,Crime TV Shows,Movie,173.0,
s65,TV Show,The Legacy,Sofia Brown,"Elena Diaz, Lucas Rossi",United Kingdom,2020-01-22,2019,PG-13,1 Seasons,"Sci-Fi & Fantasy, Thrillers, Documentaries","An emotional story that explores family, ambition, and the human condition.",2020,1,22,United Kingdom,Sci-Fi & Fantasy,TV Show,,1.0
s944,Movie,Last Shadow,Liam Garcia,"Priya Tanaka, Liam Johnson, Liam Chen, Omar Sharma, Maria Tanaka",Germany,2006-03-27,2005,TV-MA,93 min,"Dramas, Anime, Horror Movies","An emotional story that explores family, ambition, and the human condition.",2006,3,27,Germany,Dramas,Movie,93.0,
s935,Movie,Silent Heart Silent Heart,Liam Chen,Fatima Chen,Brazil,2007-05-04,2005,TV-G,169 min,"Dramas, Comedies, Kids' TV","An emotional story that explores family, ambition, and the human condition.",2007,5,4,Brazil,Dramas,Movie,169.0,
s1104,Movie,Midnight Kingdom,Elena Silva,"Amara Costa, James Diaz, Sofia Silva, Elena Muller",Spain,2012-09-09,2012,PG-13,135 min,"Anime, Documentaries, Sci-Fi & Fantasy","An emotional story that explores family, ambition, and the human condition.",2012,9,9,Spain,Anime,Movie,135.0,
s492,TV Show,Silent Shadow Silent Shadow,Unknown,"Aiko Khan, Omar Diaz, Noah Brown, Noah Garcia, Wei Kim",Mexico,2006-11-05,2006,TV-14,8 Seasons,"Thrillers, Romantic Movies, Reality TV","An emotional story that explores family, ambition, and the human condition.",2006,11,5,Mexico,Thrillers,TV Show,,8.0
s733,Movie,Broken Heart,Unknown,"Kenji Garcia, Wei Diaz",Mexico,2005-10-23,2004,TV-PG,83 min,Documentaries,"An emotional story that explores family, ambition, and the human condition.",2005,10,23,Mexico,Documentaries,Movie,83.0,
s836,Movie,The Shadow,Omar Chen,"Fatima Kim, Carlos Khan, Priya Nguyen, Elena Smith, Fatima Brown",United Kingdom,2003-02-11,2002,TV-MA,108 min,"Crime TV Shows, Dramas, Stand-Up Comedy","An emotional story that explores family, ambition, and the human condition.",2003,2,11,United Kingdom,Crime TV Shows,Movie,108.0,
s66,Movie,Midnight Story,Unknown,"Priya Sharma, Lucas Silva, Lucas Brown, Noah Muller, Liam Chen",Nigeria,2020-02-17,2018,TV-14,67 min,"Reality TV, Kids' TV, Comedies","An emotional story that explores family, ambition, and the human condition.",2020,2,17,Nigeria,Reality TV,Movie,67.0,
s1023,Movie,Rising Dream,Unknown,Sofia Khan,Egypt,2019-03-17,2018,R,67 min,"Sci-Fi & Fantasy, Crime TV Shows","An emotional story that explores family, ambition, and the human condition.",2019,3,17,Egypt,Sci-Fi & Fantasy,Movie,67.0,
s596,Movie,Hidden Story,Lucas Costa,"James Brown, Elena Costa, Carlos Garcia",South Korea,2022-05-05,2020,TV-14,110 min,"Crime TV Shows, Reality TV, Horror Movies","An emotional story that explores family, ambition, and the human condition.",2022,5,5,South Korea,Crime TV Shows,Movie,110.0,
s297,Movie,Midnight Truth,Priya Tanaka,Unknown,Unknown,2006-02-24,2004,PG-13,153 min,"Action & Adventure, Thrillers","An emotional story that explores family, ambition, and the human condition.",2006,2,24,Unknown,Action & Adventure,Movie,153.0,
s420,Movie,Last World,Unknown,"Noah Khan, James Brown",United Kingdom,2003-01-07,2001,TV-G,89 min,"International Movies, Documentaries","An emotional story that explores family, ambition, and the human condition.",2003,1,7,United Kingdom,International Movies,Movie,89.0,
s439,Movie,Silent Kingdom,Amara Silva,"Wei Chen, Lucas Brown, Fatima Khan",Spain,2020-05-01,2018,NR,109 min,"Kids' TV, Reality TV","An emotional story that explores family, ambition, and the human condition.",2020,5,1,Spain,Kids' TV,Movie,109.0,
s262,Movie,Golden Dream,Kenji Chen,Kenji Smith,Italy,2009-09-29,2009,TV-Y,161 min,"Action & Adventure, Thrillers, Kids' TV","An emotional story that explores family, ambition, and the human condition.",2009,9,29,Italy,Action & Adventure,Movie,161.0,
s726,Movie,The World,Maria Tanaka,Fatima Muller,France,2012-03-05,2011,R,115 min,Sci-Fi & Fantasy,"An emotional story that explores family, ambition, and the human condition.",2012,3,5,France,Sci-Fi & Fantasy,Movie,115.0,
s282,TV Show,Hidden Truth,Unknown,"Aiko Johnson, Maria Khan, Aiko Garcia",South Korea,2011-09-21,2011,TV-Y,7 Seasons,Documentaries,"An emotional story that explores family, ambition, and the human condition.",2011,9,21,South Korea,Documentaries,TV Show,,7.0
s859,TV Show,Last Heart,Unknown,"Elena Costa, Wei Diaz, Omar Garcia",Brazil,2018-06-20,2018,TV-Y,2 Seasons,Dramas,"An emotional story that explores family, ambition, and the human condition.",2018,6,20,Brazil,Dramas,TV Show,,2.0
s883,TV Show,A City,Sofia Tanaka,"Omar Rossi, Liam Sharma, Noah Rossi, Kenji Sharma",Australia,2016-10-21,2016,R,3 Seasons,Sci-Fi & Fantasy,"An emotional story that explores family, ambition, and the human condition.",2016,10,21,Australia,Sci-Fi & Fantasy,TV Show,,3.0
s189,Movie,The Story,Unknown,"Carlos Kim, Wei Silva, Kenji Costa, Omar Johnson, Elena Diaz",United States,2001-01-09,2000,TV-14,111 min,"Documentaries, Stand-Up Comedy","An emotional story that explores family, ambition, and the human condition.",2001,1,9,United States,Documentaries,Movie,111.0,
s930,TV Show,Secret World,Unknown,"Carlos Khan, Amara Khan",United Kingdom,2015-10-05,2015,TV-PG,4 Seasons,Reality TV,"An emotional story that explores family, ambition, and the human condition.",2015,10,5,United Kingdom,Reality TV,TV Show,,4.0
s784,Movie,Midnight World,Aiko Costa,Unknown,Spain,2007-04-14,2005,TV-MA,159 min,"Action & Adventure, Stand-Up Comedy, Reality TV","An emotional story that explores family, ambition, and the human condition.",2007,4,14,Spain,Action & Adventure,Movie,159.0,
s1124,Movie,Secret Kingdom,Unknown,"Sofia Johnson, Carlos Johnson",South Korea,2012-04-04,2011,PG-13,93 min,"Sci-Fi & Fantasy, Romantic Movies","An emotional story that explores family, ambition, and the human condition.",2012,4,4,South Korea,Sci-Fi & Fantasy,Movie,93.0,
s515,Movie,Last Kingdom,Omar Brown,"Wei Brown, Amara Muller, Aiko Diaz",Japan,2017-03-03,2015,PG,187 min,"Romantic Movies, Anime","An emotional story that explores family, ambition, and the human condition.",2017,3,3,Japan,Romantic Movies,Movie,187.0,
s619,Movie,The Dream,Noah Garcia,"Fatima Kim, Amara Sharma",Unknown,2006-04-11,2005,TV-PG,184 min,"Horror Movies, Dramas, Comedies","An emotional story that explores family, ambition, and the human condition.",2006,4,11,Unknown,Horror Movies,Movie,184.0,
s488,TV Show,Hidden Story,Maria Diaz,"Amara Diaz, James Diaz, Aiko Muller, Wei Muller, Amara Sharma",Italy,2009-12-13,2008,R,6 Seasons,Comedies,"An emotional story that explores family, ambition, and the human condition.",2009,12,13,Italy,Comedies,TV Show,,6.0
s274,TV Show,A Legacy,Maria Nguyen,"Kenji Tanaka, Wei Muller, James Brown",France,2004-02-23,2003,TV-PG,3 Seasons,Documentaries,"An emotional story that explores family, ambition, and the human condition.",2004,2,23,France,Documentaries,TV Show,,3.0
s997,Movie,A Kingdom,Elena Khan,"Liam Rossi, Maria Sharma, Maria Brown, Wei Smith",United Kingdom,2000-01-06,1999,R,89 min,Horror Movies,"An emotional story that explores family, ambition, and the human condition.",2000,1,6,United Kingdom,Horror Movies,Movie,89.0,
s449,Movie,Golden Kingdom,Priya Silva,"Lucas Costa, Priya Kim, Omar Chen",Australia,2016-04-16,2015,NR,171 min,"Horror Movies, Reality TV, Comedies","An emotional story that explores family, ambition, and the human condition.",2016,4,16,Australia,Horror Movies,Movie,171.0,
s412,Movie,Secret City,Unknown,Maria Muller,Germany,2009-07-13,2008,TV-G,142 min,Crime TV Shows,"An emotional story that explores family, ambition, and the human condition.",2009,7,13,Germany,Crime TV Shows,Movie,142.0,
s888,TV Show,Secret Legacy,Sofia Sharma,"Fatima Khan, Maria Chen",Spain,2016-02-14,2015,PG-13,3 Seasons,"Crime TV Shows, Kids' TV, Reality TV","An emotional story that explores family, ambition, and the human condition.",2016,2,14,Spain,Crime TV Shows,TV Show,,3.0
s751,Movie,Broken World,Unknown,"Fatima Nguyen, Elena Nguyen, James Smith, Maria Brown, Noah Smith",France,2004-02-02,2003,TV-Y,187 min,Reality TV,"An emotional story that explores family, ambition, and the human condition.",2004,2,2,France,Reality TV,Movie,187.0,
s971,Movie,Broken Kingdom,Fatima Khan,"Kenji Nguyen, Omar Brown, Maria Costa",Unknown,2009-02-13,2008,TV-MA,125 min,Comedies,"An emotional story that explores family, ambition, and the human condition.",2009,2,13,Unknown,Comedies,Movie,125.0,
s987,TV Show,A Truth,Unknown,"Elena Silva, Noah Garcia, Aiko Smith, James Silva, Omar Garcia",Australia,2018-03-14,2018,TV-14,8 Seasons,"Comedies, Romantic Movies","An emotional story that explores family, ambition, and the human condition.",2018,3,14,Australia,Comedies,TV Show,,8.0
s150,Movie,Silent Truth,Wei Sharma,Unknown,France,2020-07-18,2020,TV-14,93 min,"Comedies, Horror Movies, Crime TV Shows","An emotional story that explores family, ambition, and the human condition.",2020,7,18,France,Comedies,Movie,93.0,
s219,Movie,Silent Legacy,Fatima Garcia,"James Silva, Lucas Brown",Unknown,2005-02-18,2004,TV-MA,90 min,Sci-Fi & Fantasy,"An emotional story that explores family, ambition, and the human condition.",2005,2,18,Unknown,Sci-Fi & Fantasy,Movie,90.0,
s240,TV Show,Silent City,Amara Kim,"Priya Sharma, Wei Chen, Aiko Tanaka, James Brown",United States,2018-05-26,2016,TV-G,8 Seasons,"Thrillers, Stand-Up Comedy, Horror Movies","An emotional story that explores family, ambition, and the human condition.",2018,5,26,United States,Thrillers,TV Show,,8.0
s752,Movie,Secret Truth,Kenji Chen,Unknown,Mexico,2023-04-12,2022,TV-MA,109 min,"Thrillers, Action & Adventure, Stand-Up Comedy","An emotional story that explores family, ambition, and the human condition.",2023,4,12,Mexico,Thrillers,Movie,109.0,
s193,Movie,Hidden Truth,Omar Smith,"Omar Muller, Priya Kim, Lucas Chen, Fatima Brown, Aiko Costa",Brazil,2012-08-09,2011,TV-MA,97 min,"Documentaries, Sci-Fi & Fantasy, Crime TV Shows","An emotional story that explores family, ambition, and the human condition.",2012,8,9,Brazil,Documentaries,Movie,97.0,
s192,Movie,Secret Dream,Kenji Diaz,"Priya Sharma, Fatima Johnson, Carlos Sharma, Noah Garcia",Australia,2005-10-18,2005,TV-14,184 min,"Comedies, Dramas, Kids' TV","An emotional story that explores family, ambition, and the human condition.",2005,10,18,Australia,Comedies,Movie,184.0,
s1061,Movie,Broken Shadow,Sofia Garcia,Unknown,United States,2003-10-30,2003,TV-MA,121 min,"International Movies, Horror Movies, Action & Adventure","An emotional story that explores family, ambition, and the human condition.",2003,10,30,United States,International Movies,Movie,121.0,
s737,TV Show,A Kingdom,Noah Sharma,Noah Smith,Canada,2008-01-17,2006,PG,4 Seasons,Dramas,"An emotional story that explores family, ambition, and the human condition.",2008,1,17,Canada,Dramas,TV Show,,4.0
s705,Movie,Silent Truth,Unknown,"Elena Kim, Omar Costa",Germany,2022-04-29,2020,R,113 min,Crime TV Shows,"An emotional story that explores family, ambition, and the human condition.",2022,4,29,Germany,Crime TV Shows,Movie,113.0,
s738,TV Show,The Kingdom,Sofia Johnson,"Liam Garcia, Priya Muller, Elena Brown",Brazil,2016-07-08,2016,TV-MA,6 Seasons,"Comedies, Horror Movies, Romantic Movies","An emotional story that explores family, ambition, and the human condition.",2016,7,8,Brazil,Comedies,TV Show,,6.0
s624,Movie,Rising Dream,Amara Tanaka,"Carlos Diaz, Kenji Rossi",Mexico,2001-05-31,2000,TV-PG,98 min,"Horror Movies, Crime TV Shows","An emotional story that explores family, ambition, and the human condition.",2001,5,31,Mexico,Horror Movies,Movie,98.0,
s978,TV Show,Broken Heart,Sofia Johnson,"Lucas Chen, Amara Garcia, Noah Muller, Carlos Rossi, Lucas Brown",South Korea,2000-04-21,2000,TV-PG,1 Seasons,"International Movies, Documentaries","An emotional story that explores family, ambition, and the human condition.",2000,4,21,South Korea,International Movies,TV Show,,1.0
s741,Movie,Last Kingdom,Unknown,Maria Silva,Brazil,2001-04-22,2000,TV-MA,156 min,"Anime, Dramas","An emotional story that explores family, ambition, and the human condition.",2001,4,22,Brazil,Anime,Movie,156.0,
s583,Movie,Silent Story,Unknown,Maria Chen,Australia,2010-09-08,2010,PG,178 min,"Horror Movies, Romantic Movies, Documentaries","An emotional story that explores family, ambition, and the human condition.",2010,9,8,Australia,Horror Movies,Movie,178.0,
s1132,TV Show,Golden Story,Aiko Rossi,Unknown,India,2022-09-20,2021,TV-Y,5 Seasons,Sci-Fi & Fantasy,"An emotional story that explores family, ambition, and the human condition.",2022,9,20,India,Sci-Fi & Fantasy,TV Show,,5.0
s324,TV Show,Secret Shadow,Wei Brown,"Aiko Nguyen, Carlos Diaz, Kenji Tanaka, Liam Chen, Liam Johnson",France,2012-07-24,2011,TV-G,8 Seasons,Dramas,"An emotional story that explores family, ambition, and the human condition.",2012,7,24,France,Dramas,TV Show,,8.0
s969,Movie,Midnight Journey,Noah Costa,Unknown,Italy,2019-07-18,2018,TV-PG,134 min,"Action & Adventure, Dramas","An emotional story that explores family, ambition, and the human condition.",2019,7,18,Italy,Action & Adventure,Movie,134.0,
s894,TV Show,A Truth,Carlos Diaz,"Aiko Silva, Amara Khan, Liam Brown",India,2003-10-02,2002,TV-PG,6 Seasons,Reality TV,"An emotional story that explores family, ambition, and the human condition.",2003,10,2,India,Reality TV,TV Show,,6.0
s688,Movie,The Shadow,Aiko Sharma,"Omar Kim, Priya Garcia",Unknown,1999-08-11,1998,PG-13,151 min,"Kids' TV, Reality TV, Stand-Up Comedy","An emotional story that explores family, ambition, and the human condition.",1999,8,11,Unknown,Kids' TV,Movie,151.0,
s438,Movie,Golden Kingdom,Wei Brown,"Wei Kim, Liam Chen, Omar Kim, Kenji Silva, Sofia Nguyen",Italy,2006-09-03,2005,TV-PG,127 min,"Action & Adventure, Horror Movies, Reality TV","An emotional story that explores family, ambition, and the human condition.",2006,9,3,Italy,Action & Adventure,Movie,127.0,
s877,Movie,Broken Kingdom,Elena Muller,"Kenji Muller, Kenji Chen, Amara Garcia, Elena Sharma, Kenji Johnson",South Korea,2007-02-06,2006,TV-G,132 min,"Action & Adventure, Reality TV","An emotional story that explores family, ambition, and the human condition.",2007,2,6,South Korea,Action & Adventure,Movie,132.0,
s342,Movie,Secret Legacy,Unknown,"Priya Diaz, Elena Garcia, Wei Kim, Fatima Khan, Elena Chen",Canada,2005-07-31,2005,NR,127 min,Comedies,"An emotional story that explores family, ambition, and the human condition.",2005,7,31,Canada,Comedies,Movie,127.0,
s3,Movie,Hidden Legacy,James Kim,"Maria Nguyen, Aiko Nguyen, Maria Brown",Mexico,2020-03-09,2019,TV-14,71 min,"Anime, Action & Adventure, Kids' TV","An emotional story that explores family, ambition, and the human condition.",2020,3,9,Mexico,Anime,Movie,71.0,
s230,Movie,Hidden Heart,Maria Rossi,"Amara Garcia, Amara Khan",United Kingdom,2007-08-05,2005,PG-13,135 min,Stand-Up Comedy,"An emotional story that explores family, ambition, and the human condition.",2007,8,5,United Kingdom,Stand-Up Comedy,Movie,135.0,
s740,Movie,Hidden Kingdom,Kenji Johnson,Noah Silva,South Korea,2008-07-24,2008,TV-PG,127 min,Crime TV Shows,"An emotional story that explores family, ambition, and the human condition.",2008,7,24,South Korea,Crime TV Shows,Movie,127.0,
s1178,Movie,A Truth,Unknown,Priya Smith,France,2022-06-04,2022,TV-14,127 min,Horror Movies,"An emotional story that explores family, ambition, and the human condition.",2022,6,4,France,Horror Movies,Movie,127.0,
s77,Movie,Silent Journey,Priya Johnson,"Sofia Costa, Maria Garcia",Brazil,2017-11-07,2016,PG,150 min,"Comedies, Thrillers, Sci-Fi & Fantasy","An emotional story that explores family, ambition, and the human condition.",2017,11,7,Brazil,Comedies,Movie,150.0,
s1127,Movie,Secret Shadow,Unknown,"Elena Sharma, Kenji Johnson, Aiko Kim, Carlos Muller",France,2003-07-16,2002,TV-Y,137 min,"Crime TV Shows, Documentaries","An emotional story that explores family, ambition, and the human condition.",2003,7,16,France,Crime TV Shows,Movie,137.0,
s372,Movie,Secret World,Unknown,"Elena Chen, Elena Muller, Sofia Costa",Brazil,2001-07-05,1999,NR,119 min,"Thrillers, Kids' TV","An emotional story that explores family, ambition, and the human condition.",2001,7,5,Brazil,Thrillers,Movie,119.0,
s181,Movie,Hidden Truth,Kenji Diaz,"Carlos Costa, Elena Brown, Lucas Smith, Noah Garcia, James Brown",Mexico,2010-11-05,2010,TV-MA,180 min,"Sci-Fi & Fantasy, International Movies, Documentaries","An emotional story that explores family, ambition, and the human condition.",2010,11,5,Mexico,Sci-Fi & Fantasy,Movie,180.0,
s745,Movie,Silent Journey,Unknown,"Sofia Diaz, Maria Johnson, Carlos Silva, Sofia Chen, Omar Smith",Spain,2018-04-13,2017,TV-Y,177 min,"International Movies, Kids' TV, Anime","An emotional story that explores family, ambition, and the human condition.",2018,4,13,Spain,International Movies,Movie,177.0,
s578,TV Show,Golden Legacy,Omar Tanaka,"Aiko Sharma, Fatima Khan, Aiko Kim, Amara Silva",Brazil,2012-12-20,2011,TV-MA,2 Season,"Dramas, Kids' TV, Horror Movies","An emotional story that explores family, ambition, and the human condition.",2012,12,20,Brazil,Dramas,TV Show,,2.0
s770,TV Show,Silent Legacy,Carlos Nguyen,Carlos Johnson,United States,2005-04-11,2004,NR,2 Season,"Kids' TV, Dramas","An emotional story that explores family, ambition, and the human condition.",2005,4,11,United States,Kids' TV,TV Show,,2.0
s795,Movie,Last Legacy,Fatima Sharma,"Sofia Silva, Priya Smith, Aiko Garcia, Noah Smith",Mexico,2014-06-06,2013,TV-Y,112 min,"Romantic Movies, Action & Adventure","An emotional story that explores family, ambition, and the human condition.",2014,6,6,Mexico,Romantic Movies,Movie,112.0,
s1045,TV Show,Silent Dream,Amara Garcia,"Amara Kim, Kenji Tanaka, Elena Smith",Brazil,2018-12-11,2018,TV-G,3 Seasons,"Action & Adventure, Anime","An emotional story that explores family, ambition, and the human condition.",2018,12,11,Brazil,Action & Adventure,TV Show,,3.0
s1036,Movie,Midnight Shadow,James Kim,"Wei Muller, Noah Kim, Sofia Khan, Sofia Chen",Spain,2013-04-07,2012,TV-14,156 min,"Crime TV Shows, Romantic Movies, Comedies","An emotional story that explores family, ambition, and the human condition.",2013,4,7,Spain,Crime TV Shows,Movie,156.0,
s870,Movie,A Story,Omar Chen,Maria Khan,Spain,2002-07-31,2001,PG-13,179 min,"Action & Adventure, Romantic Movies, Kids' TV","An emotional story that explores family, ambition, and the human condition.",2002,7,31,Spain,Action & Adventure,Movie,179.0,
s590,Movie,Secret City,Unknown,"Aiko Kim, Elena Nguyen, Sofia Brown",Canada,2014-08-11,2013,NR,174 min,"Horror Movies, Action & Adventure","An emotional story that explores family, ambition, and the human condition.",2014,8,11,Canada,Horror Movies,Movie,174.0,
s1046,TV Show,Silent City,Liam Kim,"Carlos Chen, Amara Johnson, Kenji Diaz, Wei Silva",Japan,2002-05-24,2001,R,4 Seasons,Crime TV Shows,"An emotional story that explores family, ambition, and the human condition.",2002,5,24,Japan,Crime TV Shows,TV Show,,4.0
s1011,Movie,Midnight Story,Unknown,"Elena Chen, Wei Garcia, Noah Muller",Egypt,2006-05-17,2004,TV-MA,102 min,"Sci-Fi & Fantasy, Kids' TV","An emotional story that explores family, ambition, and the human condition.",2006,5,17,Egypt,Sci-Fi & Fantasy,Movie,102.0,
s931,Movie,Silent Heart,Kenji Sharma,"Lucas Silva, Noah Kim, Noah Diaz, Aiko Rossi",Japan,2014-05-16,2013,PG,165 min,Stand-Up Comedy,"An emotional story that explores family, ambition, and the human condition.",2014,5,16,Japan,Stand-Up Comedy,Movie,165.0,
s38,Movie,Midnight Legacy,Elena Muller,Kenji Nguyen,South Korea,2015-06-11,2013,R,151 min,"Kids' TV, Action & Adventure","An emotional story that explores family, ambition, and the human condition.",2015,6,11,South Korea,Kids' TV,Movie,151.0,
s1119,Movie,Secret Legacy,Fatima Diaz,"Liam Khan, Elena Khan, Sofia Nguyen, Maria Silva",Italy,2002-11-19,2002,TV-Y,125 min,"International Movies, Comedies","An emotional story that explores family, ambition, and the human condition.",2002,11,19,Italy,International Movies,Movie,125.0,
s237,TV Show,The Legacy,Carlos Tanaka,"Carlos Johnson, James Kim, Carlos Costa, Liam Costa, Elena Smith",France,2012-04-15,2010,R,6 Seasons,"Documentaries, Crime TV Shows","An emotional story that explores family, ambition, and the human condition.",2012,4,15,France,Documentaries,TV Show,,6.0
s1068,Movie,Last Heart,Elena Sharma,Noah Silva,United States,1999-08-28,1999,R,77 min,Documentaries,"An emotional story that explores family, ambition, and the human condition.",1999,8,28,United States,Documentaries,Movie,77.0,
s500,Movie,Silent Shadow,Aiko Smith,Lucas Johnson,Germany,2012-06-21,2010,TV-Y,170 min,"Action & Adventure, Romantic Movies, Stand-Up Comedy","An emotional story that explores family, ambition, and the human condition.",2012,6,21,Germany,Action & Adventure,Movie,170.0,
s554,Movie,A Legacy,Liam Tanaka,"Maria Chen, Amara Chen, Kenji Sharma, Liam Costa, Carlos Khan",Brazil,2009-06-15,2007,PG,164 min,Action & Adventure,"An emotional story that explores family, ambition, and the human condition.",2009,6,15,Brazil,Action & Adventure,Movie,164.0,
s56,Movie,Midnight Legacy,Unknown,"Maria Chen, Amara Kim, James Garcia, Amara Muller",South Korea,2013-01-25,2012,TV-PG,70 min,Sci-Fi & Fantasy,"An emotional story that explores family, ambition, and the human condition.",2013,1,25,South Korea,Sci-Fi & Fantasy,Movie,70.0,
s303,Movie,Midnight Journey,Lucas Garcia,"Aiko Rossi, Omar Tanaka, Wei Kim, Fatima Smith, Maria Chen",France,2011-11-23,2011,TV-14,154 min,Reality TV,"An emotional story that explores family, ambition, and the human condition.",2011,11,23,France,Reality TV,Movie,154.0,
s287,TV Show,Hidden World,Unknown,"Omar Khan, Amara Costa, James Muller, Omar Kim, Fatima Costa",Unknown,2002-10-31,2001,NR,8 Seasons,"Comedies, Kids' TV, Stand-Up Comedy","An emotional story that explores family, ambition, and the human condition.",2002,10,31,Unknown,Comedies,TV Show,,8.0
s1052,Movie,Secret Shadow,Noah Johnson,Fatima Khan,India,1999-05-19,1998,R,61 min,"Anime, Comedies, Romantic Movies","An emotional story that explores family, ambition, and the human condition.",1999,5,19,India,Anime,Movie,61.0,
s220,TV Show,Broken Story,Aiko Sharma,Noah Kim,Spain,2022-10-20,2022,NR,6 Seasons,"Comedies, International Movies, Thrillers","An emotional story that explores family, ambition, and the human condition.",2022,10,20,Spain,Comedies,TV Show,,6.0
s665,Movie,The Kingdom,Unknown,"Omar Johnson, Wei Khan, Omar Tanaka",Nigeria,2014-03-20,2012,NR,89 min,"Anime, Kids' TV, Comedies","An emotional story that explores family, ambition, and the human condition.",2014,3,20,Nigeria,Anime,Movie,89.0,
s388,Movie,Hidden City,Unknown,"Kenji Costa, Lucas Diaz, Wei Khan, Wei Kim",Brazil,2016-01-24,2015,R,113 min,"Crime TV Shows, Stand-Up Comedy, Dramas","An emotional story that explores family, ambition, and the human condition.",2016,1,24,Brazil,Crime TV Shows,Movie,113.0,
s771,Movie,Last Story Last Story,Aiko Nguyen,"Elena Johnson, Fatima Brown, Wei Costa, Wei Costa, Fatima Muller",Nigeria,2010-05-30,2009,TV-G,157 min,"Thrillers, International Movies, Sci-Fi & Fantasy","An emotional story that explores family, ambition, and the human condition.",2010,5,30,Nigeria,Thrillers,Movie,157.0,
s391,Movie,Silent Kingdom,Unknown,"Wei Garcia, Wei Rossi",Nigeria,2002-07-06,2002,R,108 min,Romantic Movies,"An emotional story that explores family, ambition, and the human condition.",2002,7,6,Nigeria,Romantic Movies,Movie,108.0,
s353,Movie,Secret Heart,Sofia Sharma,Unknown,Japan,2020-02-08,2020,NR,172 min,"Romantic Movies, International Movies","An emotional story that explores family, ambition, and the human condition.",2020,2,8,Japan,Romantic Movies,Movie,172.0,
s194,TV Show,Rising City,Unknown,"Amara Diaz, Priya Khan",Unknown,2022-10-11,2022,R,8 Seasons,"Sci-Fi & Fantasy, Horror Movies, Romantic Movies","An emotional story that explores family, ambition, and the human condition.",2022,10,11,Unknown,Sci-Fi & Fantasy,TV Show,,8.0
s1062,TV Show,Silent Legacy,Fatima Tanaka,"Kenji Nguyen, Wei Brown, James Smith, Sofia Diaz, Noah Brown",Unknown,2013-12-29,2012,PG-13,4 Seasons,"Crime TV Shows, Action & Adventure, Dramas","An emotional story that explores family, ambition, and the human condition.",2013,12,29,Unknown,Crime TV Shows,TV Show,,4.0
s568,Movie,Broken Story,Priya Chen,"James Kim, Maria Khan, Aiko Silva, Aiko Tanaka",Australia,2005-09-10,2005,TV-MA,152 min,"Reality TV, Sci-Fi & Fantasy, Kids' TV","An emotional story that explores family, ambition, and the human condition.",2005,9,10,Australia,Reality TV,Movie,152.0,
s117,TV Show,Last Legacy,Aiko Muller,"Maria Sharma, Amara Diaz, Priya Khan, Maria Silva",Unknown,2012-12-27,2012,TV-PG,4 Seasons,"Documentaries, Kids' TV, Action & Adventure","An emotional story that explores family, ambition, and the human condition.",2012,12,27,Unknown,Documentaries,TV Show,,4.0
s983,Movie,The Heart,Maria Brown,Unknown,India,2004-02-01,2003,TV-Y,66 min,"Thrillers, Reality TV","An emotional story that explores family, ambition, and the human condition.",2004,2,1,India,Thrillers,Movie,66.0,
s654,TV Show,The Shadow,Priya Nguyen,"Fatima Kim, Omar Khan",Germany,2000-12-10,1999,PG,4 Seasons,"Action & Adventure, Anime","An emotional story that explores family, ambition, and the human condition.",2000,12,10,Germany,Action & Adventure,TV Show,,4.0
s1012,Movie,The Dream,Sofia Tanaka,"Lucas Chen, Sofia Rossi",South Korea,2018-03-22,2016,NR,86 min,"International Movies, Romantic Movies, Reality TV","An emotional story that explores family, ambition, and the human condition.",2018,3,22,South Korea,International Movies,Movie,86.0,
s1130,TV Show,Hidden Kingdom,James Garcia,"Maria Nguyen, Amara Costa, Maria Johnson, Priya Garcia",United Kingdom,2023-01-18,2021,PG-13,7 Seasons,"Anime, Dramas","An emotional story that explores family, ambition, and the human condition.",2023,1,18,United Kingdom,Anime,TV Show,,7.0
s802,TV Show,Rising World,Omar Kim,Noah Costa,France,2016-07-07,2016,R,3 Seasons,"Thrillers, Kids' TV, Horror Movies","An emotional story that explores family, ambition, and the human condition.",2016,7,7,France,Thrillers,TV Show,,3.0
s814,Movie,Rising Truth,James Brown,James Rossi,Australia,2003-09-04,2002,PG-13,144 min,"Romantic Movies, Anime","An emotional story that explores family, ambition, and the human condition.",2003,9,4,Australia,Romantic Movies,Movie,144.0,
s121,Movie,Secret Dream,Priya Brown,"Amara Nguyen, Priya Sharma, Wei Garcia, Sofia Smith",Canada,2009-11-09,2008,TV-G,122 min,"Kids' TV, Comedies, Crime TV Shows","An emotional story that explores family, ambition, and the human condition.",2009,11,9,Canada,Kids' TV,Movie,122.0,
s857,TV Show,A World,Priya Chen,Unknown,Canada,2015-06-07,2013,TV-PG,1 Seasons,International Movies,"An emotional story that explores family, ambition, and the human condition.",2015,6,7,Canada,International Movies,TV Show,,1.0
s1042,TV Show,Last Journey,Unknown,"Wei Brown, Sofia Rossi",South Korea,2011-09-20,2010,PG,5 Seasons,"Crime TV Shows, Reality TV","An emotional story that explores family, ambition, and the human condition.",2011,9,20,South Korea,Crime TV Shows,TV Show,,5.0
s1166,Movie,A Truth,Elena Kim,Maria Garcia,France,2020-02-06,2018,TV-MA,68 min,Kids' TV,"An emotional story that explores family, ambition, and the human condition.",2020,2,6,France,Kids' TV,Movie,68.0,
s63,Movie,Midnight Dream,Sofia Smith,"Maria Khan, Maria Muller, Kenji Brown",Brazil,2004-03-29,2003,PG-13,95 min,"Stand-Up Comedy, Anime, Romantic Movies","An emotional story that explores family, ambition, and the human condition.",2004,3,29,Brazil,Stand-Up Comedy,Movie,95.0,
s697,Movie,Golden Dream,Lucas Rossi,"James Nguyen, Lucas Chen",South Korea,2015-07-18,2015,TV-G,67 min,"Documentaries, Stand-Up Comedy","An emotional story that explores family, ambition, and the human condition.",2015,7,18,South Korea,Documentaries,Movie,67.0,
s454,TV Show,Broken Legacy,Elena Smith,"Aiko Garcia, Amara Kim, Sofia Rossi, Wei Khan, Kenji Nguyen",Brazil,2021-12-25,2021,TV-G,1 Seasons,"Comedies, Sci-Fi & Fantasy","An emotional story that explores family, ambition, and the human condition.",2021,12,25,Brazil,Comedies,TV Show,,1.0
s516,Movie,Broken Shadow,Amara Chen,"Omar Nguyen, Omar Muller, Maria Chen, Omar Smith, Sofia Rossi",Mexico,2018-12-12,2018,TV-14,140 min,International Movies,"An emotional story that explores family, ambition, and the human condition.",2018,12,12,Mexico,International Movies,Movie,140.0,
s571,TV Show,The Legacy,Unknown,"Maria Sharma, Aiko Garcia, Noah Rossi, Aiko Rossi",Australia,2020-11-19,2020,R,7 Seasons,"Sci-Fi & Fantasy, Anime, Crime TV Shows","An emotional story that explores family, ambition, and the human condition.",2020,11,19,Australia,Sci-Fi & Fantasy,TV Show,,7.0
s224,TV Show,Rising Dream,Sofia Nguyen,"Aiko Khan, Amara Garcia, Kenji Muller, Elena Brown, Aiko Muller",Nigeria,2013-09-05,2012,NR,3 Seasons,"Comedies, Dramas, Action & Adventure","An emotional story that explores family, ambition, and the human condition.",2013,9,5,Nigeria,Comedies,TV Show,,3.0
s614,Movie,Golden World,Elena Brown,"Elena Chen, Noah Khan, Kenji Diaz, James Costa, Aiko Garcia",United Kingdom,2015-02-23,2014,TV-MA,177 min,Romantic Movies,"An emotional story that explores family, ambition, and the human condition.",2015,2,23,United Kingdom,Romantic Movies,Movie,177.0,
s222,Movie,Hidden Legacy,Kenji Smith,Unknown,Brazil,2001-06-18,2000,TV-G,174 min,"Documentaries, Dramas, Stand-Up Comedy","An emotional story that explores family, ambition, and the human condition.",2001,6,18,Brazil,Documentaries,Movie,174.0,
s704,TV Show,The Truth,Maria Garcia,"Wei Muller, Elena Diaz, Noah Tanaka",Italy,2013-05-15,2012,NR,8 Season,"Documentaries, Action & Adventure","An emotional story that explores family, ambition, and the human condition.",2013,5,15,Italy,Documentaries,TV Show,,8.0
s831,Movie,Broken Dream,Unknown,Unknown,Italy,2007-05-26,2007,TV-MA,77 min,"Kids' TV, Horror Movies","An emotional story that explores family, ambition, and the human condition.",2007,5,26,Italy,Kids' TV,Movie,77.0,
s466,Movie,Midnight Legacy,Liam Tanaka,"Omar Kim, Elena Garcia, Priya Chen",Germany,2024-03-19,2022,TV-14,184 min,Sci-Fi & Fantasy,"An emotional story that explores family, ambition, and the human condition.",2024,3,19,Germany,Sci-Fi & Fantasy,Movie,184.0,
s53,Movie,Silent Kingdom,Wei Garcia,"Kenji Rossi, Noah Diaz, Fatima Brown, Sofia Muller, Carlos Sharma",South Korea,2002-10-05,2000,R,117 min,"Horror Movies, Thrillers","An emotional story that explores family, ambition, and the human condition.",2002,10,5,South Korea,Horror Movies,Movie,117.0,
s1117,Movie,Golden City,Maria Johnson,"Amara Rossi, Carlos Khan",South Korea,2008-01-12,2007,PG-13,129 min,"Thrillers, Romantic Movies, Dramas","An emotional story that explores family, ambition, and the human condition.",2008,1,12,South Korea,Thrillers,Movie,129.0,
s486,Movie,Hidden Story,Omar Nguyen,"Noah Sharma, Amara Khan",Mexico,2020-10-22,2019,NR,142 min,Sci-Fi & Fantasy,"An emotional story that explores family, ambition, and the human condition.",2020,10,22,Mexico,Sci-Fi & Fantasy,Movie,142.0,
s965,Movie,Hidden Kingdom,Unknown,Sofia Nguyen,South Korea,2005-05-25,2004,R,121 min,"Stand-Up Comedy, Crime TV Shows","An emotional story that explores family, ambition, and the human condition.",2005,5,25,South Korea,Stand-Up Comedy,Movie,121.0,
s156,TV Show,Hidden Truth,Liam Chen,"Sofia Johnson, Maria Costa, Maria Rossi, Lucas Garcia, Lucas Silva",Italy,2017-08-05,2016,PG-13,7 Seasons,"Action & Adventure, Crime TV Shows","An emotional story that explores family, ambition, and the human condition.",2017,8,5,Italy,Action & Adventure,TV Show,,7.0
s963,Movie,Last Heart,Carlos Muller,"Carlos Sharma, James Muller, Wei Garcia, Aiko Rossi",South Korea,2021-12-04,2021,TV-PG,77 min,Stand-Up Comedy,"An emotional story that explores family, ambition, and the human condition.",2021,12,4,South Korea,Stand-Up Comedy,Movie,77.0,
s601,TV Show,A Kingdom,Priya Kim,"Aiko Silva, Elena Diaz, Priya Khan, Fatima Johnson",Japan,2016-03-27,2016,NR,2 Seasons,"Sci-Fi & Fantasy, Kids' TV","An emotional story that explores family, ambition, and the human condition.",2016,3,27,Japan,Sci-Fi & Fantasy,TV Show,,2.0
s921,Movie,Midnight Truth,Wei Khan,"Carlos Kim, Liam Kim, Kenji Smith, Lucas Sharma, Amara Silva",Australia,2010-10-16,2010,TV-Y,111 min,"Crime TV Shows, International Movies","An emotional story that explores family, ambition, and the human condition.",2010,10,16,Australia,Crime TV Shows,Movie,111.0,
s249,Movie,Silent Kingdom,Unknown,"Liam Smith, Fatima Khan, Noah Johnson, Kenji Tanaka",Unknown,2019-02-05,2018,NR,73 min,"Horror Movies, Sci-Fi & Fantasy, Dramas","An emotional story that explores family, ambition, and the human condition.",2019,2,5,Unknown,Horror Movies,Movie,73.0,
s442,TV Show,Last Journey,Unknown,Sofia Nguyen,United Kingdom,2020-01-14,2019,PG,7 Seasons,"Sci-Fi & Fantasy, Anime","An emotional story that explores family, ambition, and the human condition.",2020,1,14,United Kingdom,Sci-Fi & Fantasy,TV Show,,7.0
s1107,Movie,Silent Story,Kenji Silva,"Maria Silva, Carlos Smith, Sofia Chen, Aiko Tanaka",Japan,2014-07-06,2013,TV-PG,109 min,"Reality TV, Dramas","An emotional story that explores family, ambition, and the human condition.",2014,7,6,Japan,Reality TV,Movie,109.0,
s1120,Movie,Golden Heart,Amara Khan,"Lucas Silva, Omar Johnson, Liam Brown, Amara Khan",Japan,2017-12-14,2016,TV-PG,185 min,"Documentaries, Stand-Up Comedy","An emotional story that explores family, ambition, and the human condition.",2017,12,14,Japan,Documentaries,Movie,185.0,
s543,TV Show,Last Shadow,Aiko Nguyen,"Wei Silva, Carlos Diaz",India,2012-10-03,2011,TV-PG,5 Seasons,Reality TV,"An emotional story that explores family, ambition, and the human condition.",2012,10,3,India,Reality TV,TV Show,,5.0
s702,Movie,Silent Journey,Amara Silva,"Kenji Silva, Liam Chen, Omar Brown",United Kingdom,2023-11-16,2022,TV-PG,135 min,Reality TV,"An emotional story that explores family, ambition, and the human condition.",2023,11,16,United Kingdom,Reality TV,Movie,135.0,
s758,Movie,Secret World,Unknown,"Kenji Khan, Liam Smith, Fatima Tanaka, Sofia Johnson, Priya Diaz",Unknown,2014-06-29,2012,TV-14,110 min,"Thrillers, Stand-Up Comedy","An emotional story that explores family, ambition, and the human condition.",2014,6,29,Unknown,Thrillers,Movie,110.0,
s629,TV Show,Secret World,Omar Smith,"James Kim, Aiko Diaz",Spain,2018-03-08,2017,PG,3 Season,"Dramas, Action & Adventure, Crime TV Shows","An emotional story that explores family, ambition, and the human condition.",2018,3,8,Spain,Dramas,TV Show,,3.0
s1183,TV Show,Secret Dream,Omar Tanaka,Omar Smith,Unknown,2010-03-13,2010,TV-G,8 Seasons,"Comedies, Stand-Up Comedy, Dramas","An emotional story that explores family, ambition, and the human condition.",2010,3,13,Unknown,Comedies,TV Show,,8.0
s968,Movie,Midnight Journey,Unknown,"Liam Brown, James Sharma, Fatima Brown",Australia,2001-02-22,2000,TV-MA,152 min,Dramas,"An emotional story that explores family, ambition, and the human condition.",2001,2,22,Australia,Dramas,Movie,152.0,
s292,TV Show,Last City,Unknown,"Priya Silva, Fatima Chen",Brazil,2021-11-10,2021,TV-14,8 Seasons,Romantic Movies,"An emotional story that explores family, ambition, and the human condition.",2021,11,10,Brazil,Romantic Movies,TV Show,,8.0
s1064,TV Show,Golden City,James Khan,"James Tanaka, Lucas Brown, Maria Johnson, Liam Nguyen",Germany,1999-05-31,1998,TV-Y,2 Seasons,Action & Adventure,"An emotional story that explores family, ambition, and the human condition.",1999,5,31,Germany,Action & Adventure,TV Show,,2.0
s382,Movie,Hidden Kingdom,Aiko Costa,"Omar Kim, Noah Silva, Kenji Costa",Unknown,2012-08-02,2011,NR,187 min,Horror Movies,"An emotional story that explores family, ambition, and the human condition.",2012,8,2,Unknown,Horror Movies,Movie,187.0,
s908,Movie,Broken Legacy,Unknown,Kenji Khan,Italy,2003-02-06,2002,TV-PG,76 min,"Horror Movies, Reality TV, Anime","An emotional story that explores family, ambition, and the human condition.",2003,2,6,Italy,Horror Movies,Movie,76.0,
s954,Movie,A Story,Wei Silva,Unknown,Brazil,2002-06-09,2001,PG-13,150 min,"Kids' TV, Romantic Movies","An emotional story that explores family, ambition, and the human condition.",2002,6,9,Brazil,Kids' TV,Movie,150.0,
s201,Movie,Golden Dream,Unknown,"Carlos Nguyen, Noah Brown, Sofia Khan",Mexico,2013-10-31,2012,NR,83 min,"Thrillers, International Movies, Sci-Fi & Fantasy","An emotional story that explores family, ambition, and the human condition.",2013,10,31,Mexico,Thrillers,Movie,83.0,
s597,Movie,Silent Dream,Elena Johnson,"Omar Silva, Kenji Muller, Fatima Brown",France,2003-05-15,2003,TV-G,132 min,Crime TV Shows,"An emotional story that explores family, ambition, and the human condition.",2003,5,15,France,Crime TV Shows,Movie,132.0,
s1027,Movie,The Heart,Omar Brown,"Aiko Smith, Liam Sharma",Mexico,2002-11-16,2002,TV-PG,118 min,"Romantic Movies, Thrillers","An emotional story that explores family, ambition, and the human condition.",2002,11,16,Mexico,Romantic Movies,Movie,118.0,
s1161,Movie,Broken Legacy,Unknown,"Omar Sharma, Priya Muller, Elena Diaz",Brazil,2021-09-20,2020,TV-G,115 min,Horror Movies,"An emotional story that explores family, ambition, and the human condition.",2021,9,20,Brazil,Horror Movies,Movie,115.0,
s839,Movie,Hidden Legacy,Elena Sharma,Elena Kim,United Kingdom,2005-12-08,2004,TV-PG,173 min,Dramas,"An emotional story that explores family, ambition, and the human condition.",2005,12,8,United Kingdom,Dramas,Movie,173.0,
s900,Movie,Last Journey,Unknown,Unknown,Australia,2002-04-13,2001,TV-PG,145 min,"Dramas, Horror Movies","An emotional story that explores family, ambition, and the human condition.",2002,4,13,Australia,Dramas,Movie,145.0,
s506,TV Show,Hidden Dream,Omar Diaz,Noah Brown,Italy,2007-11-23,2006,TV-Y,3 Seasons,"Stand-Up Comedy, Documentaries","An emotional story that explores family, ambition, and the human condition.",2007,11,23,Italy,Stand-Up Comedy,TV Show,,3.0
s349,TV Show,Silent Dream,Unknown,"Wei Diaz, Noah Nguyen, Noah Garcia, Amara Tanaka",United States,2001-01-11,2000,PG,6 Seasons,"International Movies, Dramas, Kids' TV","An emotional story that explores family, ambition, and the human condition.",2001,1,11,United States,International Movies,TV Show,,6.0
s970,Movie,Rising Kingdom,Omar Chen,"Kenji Tanaka, Liam Silva, Wei Costa",Spain,2002-10-13,2002,PG,80 min,Kids' TV,"An emotional story that explores family, ambition, and the human condition.",2002,10,13,Spain,Kids' TV,Movie,80.0,
s341,Movie,Rising Heart,Lucas Khan,"Carlos Costa, Wei Nguyen, Amara Nguyen, Noah Rossi, Kenji Garcia",Italy,2009-12-18,2009,TV-MA,61 min,"Comedies, Action & Adventure, Anime","An emotional story that explores family, ambition, and the human condition.",2009,12,18,Italy,Comedies,Movie,61.0,
s616,TV Show,Midnight Dream,Liam Brown,"Elena Johnson, Priya Silva",Mexico,2010-04-27,2009,TV-14,2 Seasons,Action & Adventure,"An emotional story that explores family, ambition, and the human condition.",2010,4,27,Mexico,Action & Adventure,TV Show,,2.0
s155,TV Show,Secret City,Unknown,"Elena Kim, Wei Nguyen",Japan,2002-03-07,2001,NR,8 Season,"Reality TV, Dramas","An emotional story that explores family, ambition, and the human condition.",2002,3,7,Japan,Reality TV,TV Show,,8.0
s1128,Movie,Midnight World,Carlos Rossi,"Kenji Kim, Maria Johnson, James Smith, Elena Silva, Kenji Costa",Italy,2001-10-13,2000,TV-14,146 min,"Kids' TV, Dramas","An emotional story that explores family, ambition, and the human condition.",2001,10,13,Italy,Kids' TV,Movie,146.0,
s799,TV Show,A City,Unknown,Unknown,France,2003-02-18,2002,NR,1 Seasons,"Crime TV Shows, Reality TV, International Movies","An emotional story that explores family, ambition, and the human condition.",2003,2,18,France,Crime TV Shows,TV Show,,1.0
s78,TV Show,Golden City,Kenji Rossi,"Liam Muller, Omar Nguyen",Unknown,2009-07-23,2009,R,6 Seasons,"Kids' TV, International Movies","An emotional story that explores family, ambition, and the human condition.",2009,7,23,Unknown,Kids' TV,TV Show,,6.0
s288,TV Show,Last Legacy,Unknown,"Elena Diaz, Aiko Johnson, Amara Johnson, Aiko Khan, Fatima Costa",Mexico,2014-01-19,2013,TV-14,1 Seasons,"Stand-Up Comedy, Kids' TV","An emotional story that explores family, ambition, and the human condition.",2014,1,19,Mexico,Stand-Up Comedy,TV Show,,1.0
s323,TV Show,Hidden Heart,Aiko Silva,"James Brown, Sofia Brown",United Kingdom,2003-01-07,2001,TV-G,6 Seasons,"Thrillers, Comedies, Documentaries","An emotional story that explores family, ambition, and the human condition.",2003,1,7,United Kingdom,Thrillers,TV Show,,6.0
s861,TV Show,Rising Heart,Carlos Tanaka,"Elena Silva, Maria Rossi, Liam Brown, Wei Chen, Sofia Garcia",Canada,2005-07-30,2005,PG,6 Seasons,"Reality TV, Romantic Movies","An emotional story that explores family, ambition, and the human condition.",2005,7,30,Canada,Reality TV,TV Show,,6.0
s901,Movie,Broken Shadow,Amara Johnson,"Kenji Kim, Amara Sharma, Fatima Nguyen, Carlos Brown",Nigeria,2016-04-29,2016,TV-G,146 min,Sci-Fi & Fantasy,"An emotional story that explores family, ambition, and the human condition.",2016,4,29,Nigeria,Sci-Fi & Fantasy,Movie,146.0,
s834,TV Show,Last Dream,Fatima Sharma,"Sofia Muller, Elena Nguyen, Wei Brown, James Silva, Maria Muller",Nigeria,2001-03-03,2000,NR,4 Seasons,"Comedies, Thrillers","An emotional story that explores family, ambition, and the human condition.",2001,3,3,Nigeria,Comedies,TV Show,,4.0
s83,TV Show,Broken Legacy,Unknown,"Noah Silva, Maria Brown, Noah Sharma",France,2005-07-08,2003,PG,3 Seasons,"Horror Movies, Sci-Fi & Fantasy, Action & Adventure","An emotional story that explores family, ambition, and the human condition.",2005,7,8,France,Horror Movies,TV Show,,3.0
s830,Movie,Hidden Legacy,James Smith,Priya Nguyen,Italy,2019-04-08,2018,TV-14,116 min,"Dramas, Stand-Up Comedy","An emotional story that explores family, ambition, and the human condition.",2019,4,8,Italy,Dramas,Movie,116.0,
s465,Movie,Secret Kingdom,Carlos Sharma,"Liam Muller, Liam Costa, Aiko Silva, Wei Tanaka",Italy,2020-02-21,2018,R,179 min,"Thrillers, Romantic Movies, Reality TV","An emotional story that explores family, ambition, and the human condition.",2020,2,21,Italy,Thrillers,Movie,179.0,
s884,Movie,Last City,Lucas Smith,"Amara Rossi, Noah Muller, Sofia Sharma",South Korea,2011-08-15,2009,TV-14,129 min,"Sci-Fi & Fantasy, Romantic Movies, Horror Movies","An emotional story that explores family, ambition, and the human condition.",2011,8,15,South Korea,Sci-Fi & Fantasy,Movie,129.0,
s793,Movie,Silent Dream,Priya Chen,Noah Smith,Nigeria,2000-10-02,2000,TV-14,166 min,"Stand-Up Comedy, Dramas","An emotional story that explores family, ambition, and the human condition.",2000,10,2,Nigeria,Stand-Up Comedy,Movie,166.0,
s1195,TV Show,Golden Dream,Carlos Smith,"Omar Sharma, Lucas Tanaka, Fatima Kim, Carlos Silva, Fatima Tanaka",Brazil,2015-10-03,2014,NR,1 Seasons,Anime,"An emotional story that explores family, ambition, and the human condition.",2015,10,3,Brazil,Anime,TV Show,,1.0
s833,Movie,Broken World,Sofia Garcia,"Lucas Rossi, Maria Khan, James Khan, Lucas Rossi",Japan,2003-05-30,2002,R,183 min,Dramas,"An emotional story that explores family, ambition, and the human condition.",2003,5,30,Japan,Dramas,Movie,183.0,
s334,Movie,Hidden Kingdom,Unknown,"Wei Johnson, Wei Nguyen, Liam Smith, Maria Brown",France,2011-11-01,2009,TV-PG,136 min,Action & Adventure,"An emotional story that explores family, ambition, and the human condition.",2011,11,1,France,Action & Adventure,Movie,136.0,
s11,Movie,Secret Dream,Unknown,Unknown,Italy,2015-10-17,2014,PG-13,112 min,Dramas,"An emotional story that explores family, ambition, and the human condition.",2015,10,17,Italy,Dramas,Movie,112.0,
s739,Movie,Last Truth,Unknown,"Priya Kim, Amara Sharma, Carlos Diaz",Australia,2014-12-17,2014,PG,109 min,Dramas,"An emotional story that explores family, ambition, and the human condition.",2014,12,17,Australia,Dramas,Movie,109.0,
s471,Movie,A Legacy,Aiko Chen,Unknown,Nigeria,2009-10-24,2009,PG-13,169 min,International Movies,"An emotional story that explores family, ambition, and the human condition.",2009,10,24,Nigeria,International Movies,Movie,169.0,
s33,Movie,Midnight Story,James Silva,"Maria Nguyen, Maria Brown, Priya Garcia, Sofia Kim",United Kingdom,2016-01-05,2015,TV-Y,121 min,"Crime TV Shows, Sci-Fi & Fantasy, Reality TV","An emotional story that explores family, ambition, and the human condition.",2016,1,5,United Kingdom,Crime TV Shows,Movie,121.0,
s819,Movie,Hidden Legacy,James Costa,"Wei Diaz, Liam Johnson, Carlos Nguyen, Wei Kim",India,2019-04-01,2019,TV-G,157 min,"Documentaries, Romantic Movies","An emotional story that explores family, ambition, and the human condition.",2019,4,1,India,Documentaries,Movie,157.0,
s414,Movie,Last Truth,Carlos Brown,"Liam Sharma, Maria Silva",Brazil,2003-01-07,2001,NR,113 min,"Action & Adventure, Romantic Movies, Reality TV","An emotional story that explores family, ambition, and the human condition.",2003,1,7,Brazil,Action & Adventure,Movie,113.0,
s581,Movie,Golden Dream,Sofia Kim,"Priya Kim, Kenji Tanaka, Lucas Nguyen, Sofia Costa, Fatima Costa",Egypt,2016-09-23,2016,NR,137 min,"Reality TV, Dramas, Action & Adventure","An emotional story that explores family, ambition, and the human condition.",2016,9,23,Egypt,Reality TV,Movie,137.0,
s383,Movie,A World,Priya Chen,"James Sharma, James Garcia, Kenji Diaz, Kenji Diaz, Priya Brown",South Korea,2016-07-12,2016,TV-G,139 min,"Thrillers, Comedies","An emotional story that explores family, ambition, and the human condition.",2016,7,12,South Korea,Thrillers,Movie,139.0,
s864,Movie,Rising World,Noah Diaz,"Kenji Rossi, Maria Diaz, Sofia Costa, Liam Chen, Kenji Tanaka",Italy,2006-10-30,2005,R,174 min,"Horror Movies, Sci-Fi & Fantasy, Documentaries","An emotional story that explores family, ambition, and the human condition.",2006,10,30,Italy,Horror Movies,Movie,174.0,
s797,Movie,Silent Kingdom,Unknown,"Sofia Tanaka, Noah Johnson, Noah Garcia",Australia,2003-09-23,2002,TV-14,70 min,"Sci-Fi & Fantasy, Action & Adventure","An emotional story that explores family, ambition, and the human condition.",2003,9,23,Australia,Sci-Fi & Fantasy,Movie,70.0,
s1157,Movie,Rising Dream,Unknown,"Amara Silva, Maria Sharma, Kenji Muller, Aiko Johnson, Kenji Sharma",Australia,2019-11-25,2018,PG-13,125 min,"Reality TV, Dramas, Romantic Movies","An emotional story that explores family, ambition, and the human condition.",2019,11,25,Australia,Reality TV,Movie,125.0,
s878,Movie,Secret City,Unknown,Kenji Garcia,France,2003-10-06,2002,TV-PG,71 min,Stand-Up Comedy,"An emotional story that explores family, ambition, and the human condition.",2003,10,6,France,Stand-Up Comedy,Movie,71.0,
s1163,TV Show,The Truth,Unknown,Unknown,Spain,2001-12-27,2001,TV-PG,4 Seasons,"Romantic Movies, Documentaries, Dramas","An emotional story that explores family, ambition, and the human condition.",2001,12,27,Spain,Romantic Movies,TV Show,,4.0
s379,TV Show,Hidden Story,Unknown,"Carlos Tanaka, Aiko Silva, Kenji Muller, Maria Sharma",Unknown,2017-02-23,2016,TV-14,1 Seasons,Kids' TV,"An emotional story that explores family, ambition, and the human condition.",2017,2,23,Unknown,Kids' TV,TV Show,,1.0
s90,TV Show,Last Dream,Priya Sharma,"Fatima Silva, Kenji Smith, Omar Johnson",Australia,2010-01-31,2009,TV-PG,3 Seasons,Reality TV,"An emotional story that explores family, ambition, and the human condition.",2010,1,31,Australia,Reality TV,TV Show,,3.0
s829,Movie,Midnight Heart,Carlos Smith,"Omar Muller, Carlos Costa",Canada,2008-07-25,2007,NR,129 min,"Action & Adventure, Documentaries, Horror Movies","An emotional story that explores family, ambition, and the human condition.",2008,7,25,Canada,Action & Adventure,Movie,129.0,
s602,Movie,Broken Truth,Unknown,Unknown,Italy,2014-04-18,2013,TV-Y,144 min,Reality TV,"An emotional story that explores family, ambition, and the human condition.",2014,4,18,Italy,Reality TV,Movie,144.0,
s214,TV Show,Midnight Kingdom,Maria Garcia,"Noah Smith, James Johnson, Liam Muller, Lucas Garcia",Australia,2001-09-25,2000,TV-PG,3 Seasons,Kids' TV,"An emotional story that explores family, ambition, and the human condition.",2001,9,25,Australia,Kids' TV,TV Show,,3.0
s333,Movie,Broken Kingdom,Wei Chen,"Elena Tanaka, Noah Brown, Carlos Rossi",Unknown,2002-07-12,2001,TV-G,75 min,"Stand-Up Comedy, Crime TV Shows, International Movies","An emotional story that explores family, ambition, and the human condition.",2002,7,12,Unknown,Stand-Up Comedy,Movie,75.0,
s134,TV Show,The Legacy,Unknown,Unknown,Australia,2013-01-19,2011,TV-PG,2 Seasons,"Action & Adventure, International Movies","An emotional story that explores family, ambition, and the human condition.",2013,1,19,Australia,Action & Adventure,TV Show,,2.0
s347,TV Show,Hidden Truth,Kenji Muller,"Fatima Silva, Carlos Kim",Brazil,2016-04-12,2015,NR,3 Seasons,"Documentaries, Sci-Fi & Fantasy, Horror Movies","An emotional story that explores family, ambition, and the human condition.",2016,4,12,Brazil,Documentaries,TV Show,,3.0
s899,TV Show,Last Story,Elena Khan,Wei Silva,Canada,2001-10-24,2000,TV-PG,3 Seasons,Dramas,"An emotional story that explores family, ambition, and the human condition.",2001,10,24,Canada,Dramas,TV Show,,3.0
s8,TV Show,Broken Heart,Amara Tanaka,"Kenji Kim, Fatima Sharma, Omar Muller, Priya Garcia",India,2002-06-10,2001,TV-MA,7 Seasons,Comedies,"An emotional story that explores family, ambition, and the human condition.",2002,6,10,India,Comedies,TV Show,,7.0
s882,TV Show,A Truth,Aiko Rossi,"Priya Khan, Lucas Chen, James Sharma, Lucas Smith, Lucas Chen",Unknown,2005-08-23,2005,TV-G,8 Seasons,Action & Adventure,"An emotional story that explores family, ambition, and the human condition.",2005,8,23,Unknown,Action & Adventure,TV Show,,8.0
s321,TV Show,A City,Fatima Brown,"Amara Khan, Priya Diaz, James Johnson, James Kim, Kenji Chen",Nigeria,2021-08-05,2021,TV-14,5 Seasons,Documentaries,"An emotional story that explores family, ambition, and the human condition.",2021,8,5,Nigeria,Documentaries,TV Show,,5.0
s1081,Movie,A Journey,Unknown,"Maria Brown, Liam Chen, James Garcia, Liam Khan",Japan,2015-01-07,2013,NR,112 min,"Horror Movies, Reality TV","An emotional story that explores family, ambition, and the human condition.",2015,1,7,Japan,Horror Movies,Movie,112.0,
s188,Movie,Broken Dream,Maria Muller,Unknown,India,2012-12-15,2012,PG-13,180 min,"Comedies, International Movies, Thrillers","An emotional story that explores family, ambition, and the human condition.",2012,12,15,India,Comedies,Movie,180.0,
s635,Movie,Broken Kingdom,Priya Smith,Fatima Rossi,Italy,2007-10-15,2005,PG,123 min,"Horror Movies, Stand-Up Comedy","An emotional story that explores family, ambition, and the human condition.",2007,10,15,Italy,Horror Movies,Movie,123.0,
s553,Movie,Hidden Story,James Garcia,"Fatima Smith, Omar Rossi, Kenji Khan, Carlos Brown",France,2016-10-17,2016,TV-G,156 min,"International Movies, Anime","An emotional story that explores family, ambition, and the human condition.",2016,10,17,France,International Movies,Movie,156.0,
s305,Movie,Golden Kingdom,Priya Johnson,"Noah Diaz, James Garcia, Fatima Sharma",France,2019-03-09,2017,TV-Y,127 min,Reality TV,"An emotional story that explores family, ambition, and the human condition.",2019,3,9,France,Reality TV,Movie,127.0,
s32,TV Show,Rising Truth,Unknown,"Fatima Chen, Carlos Smith",United Kingdom,2002-11-13,2002,TV-G,4 Seasons,Reality TV,"An emotional story that explores family, ambition, and the human condition.",2002,11,13,United Kingdom,Reality TV,TV Show,,4.0
s876,TV Show,Secret Legacy,Unknown,"Fatima Smith, Priya Brown, Maria Costa, James Muller, Priya Smith",South Korea,2014-07-27,2013,TV-14,8 Seasons,Thrillers,"An emotional story that explores family, ambition, and the human condition.",2014,7,27,South Korea,Thrillers,TV Show,,8.0
s685,Movie,Rising World,Elena Nguyen,"Fatima Tanaka, Carlos Costa, Noah Chen",Unknown,2000-09-02,1999,NR,172 min,"Dramas, Thrillers","An emotional story that explores family, ambition, and the human condition.",2000,9,2,Unknown,Dramas,Movie,172.0,
s1089,Movie,Midnight Kingdom,Unknown,"Wei Costa, Liam Smith",Japan,2023-04-21,2021,TV-G,71 min,"Kids' TV, Documentaries","An emotional story that explores family, ambition, and the human condition.",2023,4,21,Japan,Kids' TV,Movie,71.0,
s241,TV Show,Secret Dream,Unknown,"Amara Khan, Liam Rossi, Amara Rossi, Sofia Muller",Italy,2019-05-08,2019,R,5 Season,"Kids' TV, Romantic Movies, Stand-Up Comedy","An emotional story that explores family, ambition, and the human condition.",2019,5,8,Italy,Kids' TV,TV Show,,5.0
s68,Movie,A Legacy,Unknown,"Amara Nguyen, Wei Johnson, Amara Sharma, Priya Rossi",Unknown,2020-10-20,2020,NR,98 min,"Comedies, Sci-Fi & Fantasy","An emotional story that explores family, ambition, and the human condition.",2020,10,20,Unknown,Comedies,Movie,98.0,
s175,TV Show,Rising Story,Maria Johnson,"Fatima Silva, James Muller",Mexico,2011-07-17,2010,TV-G,5 Seasons,"Horror Movies, Comedies","An emotional story that explores family, ambition, and the human condition.",2011,7,17,Mexico,Horror Movies,TV Show,,5.0
s767,TV Show,Silent City,Wei Rossi,"Aiko Nguyen, Amara Tanaka, Fatima Muller, Sofia Johnson, Kenji Khan",Egypt,2007-03-31,2005,TV-G,6 Season,"International Movies, Romantic Movies, Kids' TV","An emotional story that explores family, ambition, and the human condition.",2007,3,31,Egypt,International Movies,TV Show,,6.0
s1194,TV Show,Secret Journey,Lucas Chen,"Wei Silva, Amara Johnson, Sofia Sharma, Fatima Tanaka",Nigeria,2023-03-31,2022,PG-13,4 Seasons,"Romantic Movies, Anime","An emotional story that explores family, ambition, and the human condition.",2023,3,31,Nigeria,Romantic Movies,TV Show,,4.0
s246,Movie,Last Journey,Unknown,"Elena Rossi, Carlos Khan, Omar Garcia, James Garcia, Liam Chen",France,2001-08-23,1999,PG,60 min,Comedies,"An emotional story that explores family, ambition, and the human condition.",2001,8,23,France,Comedies,Movie,60.0,
s57,Movie,A Shadow,Sofia Sharma,"Lucas Muller, Maria Khan",France,2019-04-08,2017,TV-MA,134 min,Documentaries,"An emotional story that explores family, ambition, and the human condition.",2019,4,8,France,Documentaries,Movie,134.0,
s631,Movie,A Story,Unknown,"Elena Muller, Omar Garcia, James Johnson",Nigeria,2001-02-22,2000,TV-14,142 min,Stand-Up Comedy,"An emotional story that explores family, ambition, and the human condition.",2001,2,22,Nigeria,Stand-Up Comedy,Movie,142.0,
s584,Movie,A World,Unknown,"James Smith, Liam Johnson, Liam Brown, Elena Garcia",France,2005-05-25,2003,TV-Y,124 min,"Dramas, International Movies","An emotional story that explores family, ambition, and the human condition.",2005,5,25,France,Dramas,Movie,124.0,
s1048,Movie,Rising Dream,Wei Johnson,"Elena Nguyen, James Silva, Aiko Johnson",Spain,2003-10-27,2002,TV-G,100 min,"Crime TV Shows, Horror Movies, Romantic Movies","An emotional story that explores family, ambition, and the human condition.",2003,10,27,Spain,Crime TV Shows,Movie,100.0,
s146,Movie,The Kingdom,James Muller,"Omar Rossi, Aiko Johnson, Wei Khan",Italy,2018-06-24,2018,NR,119 min,"Comedies, Horror Movies","An emotional story that explores family, ambition, and the human condition.",2018,6,24,Italy,Comedies,Movie,119.0,
s91,Movie,Silent City,Omar Silva,Carlos Rossi,Italy,2024-03-01,2022,TV-PG,94 min,"Thrillers, International Movies, Documentaries","An emotional story that explores family, ambition, and the human condition.",2024,3,1,Italy,Thrillers,Movie,94.0,
s1138,Movie,Silent Dream,Maria Garcia,"Wei Tanaka, Wei Muller",United Kingdom,2002-10-31,2001,NR,170 min,Horror Movies,"An emotional story that explores family, ambition, and the human condition.",2002,10,31,United Kingdom,Horror Movies,Movie,170.0,
s393,Movie,Last Shadow,Carlos Brown,"Maria Khan, Wei Diaz, Priya Tanaka, Wei Costa",United States,2011-01-11,2009,PG,130 min,"Thrillers, International Movies","An emotional story that explores family, ambition, and the human condition.",2011,1,11,United States,Thrillers,Movie,130.0,
s893,Movie,The City,Maria Chen,"Amara Nguyen, Priya Khan",Egypt,2008-01-25,2006,TV-G,114 min,Kids' TV,"An emotional story that explores family, ambition, and the human condition.",2008,1,25,Egypt,Kids' TV,Movie,114.0,
s683,Movie,Golden Shadow,Liam Brown,Fatima Sharma,United States,2009-04-24,2008,PG-13,142 min,"Documentaries, Action & Adventure","An emotional story that explores family, ambition, and the human condition.",2009,4,24,United States,Documentaries,Movie,142.0,
s360,TV Show,The Kingdom,Priya Smith,Lucas Silva,Brazil,2021-11-16,2020,TV-G,1 Season,"Dramas, International Movies","An emotional story that explores family, ambition, and the human condition.",2021,11,16,Brazil,Dramas,TV Show,,1.0
s94,Movie,Midnight Legacy,Unknown,"Priya Diaz, Sofia Khan",Germany,2018-08-07,2016,TV-14,95 min,"Thrillers, Kids' TV, Stand-Up Comedy","An emotional story that explores family, ambition, and the human condition.",2018,8,7,Germany,Thrillers,Movie,95.0,
s1129,TV Show,A Truth,Unknown,"Carlos Muller, Omar Diaz",France,2022-10-02,2022,TV-G,1 Seasons,"Anime, Comedies, Thrillers","An emotional story that explores family, ambition, and the human condition.",2022,10,2,France,Anime,TV Show,,1.0
s1047,TV Show,Broken Dream,Sofia Silva,"Liam Chen, Omar Rossi, Elena Johnson, Noah Costa, Elena Smith",Egypt,2004-09-09,2004,TV-MA,2 Seasons,"Crime TV Shows, Romantic Movies","An emotional story that explores family, ambition, and the human condition.",2004,9,9,Egypt,Crime TV Shows,TV Show,,2.0
s377,Movie,Broken Heart,James Khan,"Carlos Diaz, James Sharma",Egypt,2020-06-22,2019,NR,118 min,"Horror Movies, Crime TV Shows","An emotional story that explores family, ambition, and the human condition.",2020,6,22,Egypt,Horror Movies,Movie,118.0,
s244,TV Show,Rising Truth,Liam Smith,"Sofia Nguyen, Kenji Nguyen, Wei Chen",United Kingdom,2004-11-24,2004,TV-PG,6 Seasons,Action & Adventure,"An emotional story that explores family, ambition, and the human condition.",2004,11,24,United Kingdom,Action & Adventure,TV Show,,6.0
s88,Movie,Rising Shadow,Noah Brown,"Elena Khan, Lucas Johnson, Wei Silva, James Silva",India,2008-05-09,2007,NR,178 min,"Kids' TV, Stand-Up Comedy","An emotional story that explores family, ambition, and the human condition.",2008,5,9,India,Kids' TV,Movie,178.0,
s215,TV Show,The Journey,Fatima Nguyen,"Omar Silva, Noah Sharma, Wei Diaz, Noah Chen, Sofia Rossi",Brazil,2010-04-03,2008,TV-G,1 Seasons,"Documentaries, Sci-Fi & Fantasy, Comedies","An emotional story that explores family, ambition, and the human condition.",2010,4,3,Brazil,Documentaries,TV Show,,1.0
s445,Movie,Last World,Unknown,Unknown,Canada,2011-07-06,2010,TV-G,82 min,Dramas,"An emotional story that explores family, ambition, and the human condition.",2011,7,6,Canada,Dramas,Movie,82.0,
s174,Movie,Rising Truth,Unknown,"Noah Muller, Amara Diaz, Sofia Garcia",Brazil,2008-05-14,2006,NR,186 min,"Dramas, Reality TV, Anime","An emotional story that explores family, ambition, and the human condition.",2008,5,14,Brazil,Dramas,Movie,186.0,
s426,Movie,Last Heart,Carlos Tanaka,"James Rossi, Aiko Garcia, Elena Smith, Liam Brown",Brazil,2005-03-18,2004,TV-MA,162 min,"Comedies, International Movies","An emotional story that explores family, ambition, and the human condition.",2005,3,18,Brazil,Comedies,Movie,162.0,
s1063,Movie,Rising Truth,Unknown,"Maria Garcia, Noah Smith, Kenji Muller, Maria Diaz, Noah Rossi",Mexico,2006-01-24,2005,TV-PG,148 min,Crime TV Shows,"An emotional story that explores family, ambition, and the human condition.",2006,1,24,Mexico,Crime TV Shows,Movie,148.0,
s119,Movie,A Truth,Wei Khan,"Maria Silva, Kenji Nguyen, Priya Muller, Kenji Khan",Australia,2006-02-07,2005,PG-13,62 min,"Crime TV Shows, Comedies, Anime","An emotional story that explores family, ambition, and the human condition.",2006,2,7,Australia,Crime TV Shows,Movie,62.0,
s120,Movie,A Heart,Unknown,"Liam Brown, Sofia Chen, Sofia Brown, Liam Chen, Priya Kim",Italy,2001-09-04,2001,TV-G,184 min,"Dramas, Horror Movies, Reality TV","An emotional story that explores family, ambition, and the human condition.",2001,9,4,Italy,Dramas,Movie,184.0,
s1035,Movie,The Truth,Carlos Smith,Aiko Smith,Germany,2017-02-03,2016,TV-PG,60 min,"Romantic Movies, Kids' TV, Action & Adventure","An emotional story that explores family, ambition, and the human condition.",2017,2,3,Germany,Romantic Movies,Movie,60.0,
s1096,Movie,Last Truth,Sofia Costa,"Omar Diaz, Noah Kim, Omar Nguyen",France,2022-04-07,2021,PG,109 min,"Kids' TV, Crime TV Shows","An emotional story that explores family, ambition, and the human condition.",2022,4,7,France,Kids' TV,Movie,109.0,
s1,Movie,The Shadow,Unknown,"Maria Rossi, Liam Smith, James Garcia, Aiko Tanaka, Noah Rossi",Unknown,2002-02-17,2000,PG-13,160 min,Sci-Fi & Fantasy,"An emotional story that explores family, ambition, and the human condition.",2002,2,17,Unknown,Sci-Fi & Fantasy,Movie,160.0,
s395,Movie,Golden Journey,Carlos Rossi,"Carlos Tanaka, Sofia Rossi",Egypt,2013-05-30,2013,TV-14,173 min,"Documentaries, Romantic Movies, Action & Adventure","An emotional story that explores family, ambition, and the human condition.",2013,5,30,Egypt,Documentaries,Movie,173.0,
s402,TV Show,Silent City,Priya Kim,"Aiko Chen, Lucas Kim",India,2010-05-14,2009,PG-13,8 Seasons,Stand-Up Comedy,"An emotional story that explores family, ambition, and the human condition.",2010,5,14,India,Stand-Up Comedy,TV Show,,8.0
s405,Movie,Broken Journey,Wei Nguyen,"Priya Kim, Priya Chen",United Kingdom,2010-08-07,2008,TV-G,178 min,"Reality TV, Documentaries, Thrillers","An emotional story that explores family, ambition, and the human condition.",2010,8,7,United Kingdom,Reality TV,Movie,178.0,
s880,Movie,A Heart A Heart,Aiko Nguyen,"Lucas Garcia, Kenji Muller, Fatima Chen",Unknown,2013-06-16,2012,TV-MA,65 min,"Sci-Fi & Fantasy, International Movies, Anime","An emotional story that explores family, ambition, and the human condition.",2013,6,16,Unknown,Sci-Fi & Fantasy,Movie,65.0,
s891,TV Show,Rising Truth,Unknown,James Costa,Spain,2016-04-01,2015,PG-13,5 Seasons,"Horror Movies, Documentaries, International Movies","An emotional story that explores family, ambition, and the human condition.",2016,4,1,Spain,Horror Movies,TV Show,,5.0
s163,Movie,The Truth,Aiko Khan,"Kenji Muller, Kenji Johnson",Mexico,2016-11-18,2016,TV-G,109 min,Stand-Up Comedy,"An emotional story that explores family, ambition, and the human condition.",2016,11,18,Mexico,Stand-Up Comedy,Movie,109.0,
s115,Movie,Hidden Story,Omar Costa,"Noah Smith, Lucas Khan, Amara Costa, Lucas Muller",Italy,2004-03-02,2002,TV-Y,98 min,"Sci-Fi & Fantasy, Romantic Movies","An emotional story that explores family, ambition, and the human condition.",2004,3,2,Italy,Sci-Fi & Fantasy,Movie,98.0,
s671,TV Show,Golden City,Fatima Tanaka,"Omar Rossi, Priya Muller, Fatima Chen",India,2022-02-10,2020,PG-13,7 Seasons,"Thrillers, Kids' TV","An emotional story that explores family, ambition, and the human condition.",2022,2,10,India,Thrillers,TV Show,,7.0
s151,TV Show,Silent Journey,Sofia Costa,Maria Khan,Canada,2024-03-30,2022,TV-14,8 Seasons,Romantic Movies,"An emotional story that explores family, ambition, and the human condition.",2024,3,30,Canada,Romantic Movies,TV Show,,8.0
s842,Movie,Rising Truth,Maria Sharma,"Omar Johnson, Lucas Diaz",France,2020-09-13,2020,PG-13,60 min,"Romantic Movies, Dramas, Stand-Up Comedy","An emotional story that explores family, ambition, and the human condition.",2020,9,13,France,Romantic Movies,Movie,60.0,
s982,Movie,Silent World,James Kim,"Priya Khan, Aiko Khan",Brazil,2004-02-28,2002,TV-MA,115 min,"Action & Adventure, Sci-Fi & Fantasy","An emotional story that explores family, ambition, and the human condition.",2004,2,28,Brazil,Action & Adventure,Movie,115.0,
s562,Movie,A Truth,James Khan,"Sofia Kim, Priya Kim",Japan,2018-08-26,2016,TV-PG,112 min,"Horror Movies, Stand-Up Comedy","An emotional story that explores family, ambition, and the human condition.",2018,8,26,Japan,Horror Movies,Movie,112.0,
s369,Movie,Golden Dream,Unknown,"James Garcia, Fatima Smith, Noah Garcia",Spain,2002-10-28,2001,PG-13,160 min,Documentaries,"An emotional story that explores family, ambition, and the human condition.",2002,10,28,Spain,Documentaries,Movie,160.0,
s544,Movie,Last World,Liam Khan,"Aiko Khan, Amara Muller, Noah Nguyen",France,2004-11-18,2004,NR,180 min,"Anime, Action & Adventure, Thrillers","An emotional story that explores family, ambition, and the human condition.",2004,11,18,France,Anime,Movie,180.0,
s478,TV Show,Golden Shadow,Unknown,Unknown,Italy,2021-07-02,2020,TV-14,8 Season,Action & Adventure,"An emotional story that explores family, ambition, and the human condition.",2021,7,2,Italy,Action & Adventure,TV Show,,8.0
s1152,Movie,Silent Truth,Wei Tanaka,Unknown,Japan,2019-11-30,2019,TV-G,170 min,"Sci-Fi & Fantasy, Kids' TV","An emotional story that explores family, ambition, and the human condition.",2019,11,30,Japan,Sci-Fi & Fantasy,Movie,170.0,
s533,Movie,Golden City,Priya Smith,"Wei Sharma, Maria Smith",Canada,1999-06-02,1998,TV-PG,76 min,Horror Movies,"An emotional story that explores family, ambition, and the human condition.",1999,6,2,Canada,Horror Movies,Movie,76.0,
s626,Movie,Golden Truth,Fatima Diaz,"Maria Johnson, Noah Chen, Omar Costa",South Korea,2013-03-25,2012,PG-13,68 min,"Reality TV, Documentaries, Comedies","An emotional story that explores family, ambition, and the human condition.",2013,3,25,South Korea,Reality TV,Movie,68.0,
s1022,Movie,Secret Shadow,Lucas Tanaka,"Sofia Silva, Priya Rossi, Lucas Smith, Wei Khan",Nigeria,2003-12-30,2002,TV-MA,65 min,"Stand-Up Comedy, Thrillers","An emotional story that explores family, ambition, and the human condition.",2003,12,30,Nigeria,Stand-Up Comedy,Movie,65.0,
s513,TV Show,Golden Heart,Maria Diaz,"Fatima Garcia, Fatima Muller, Noah Garcia, Omar Khan",Australia,2006-02-11,2004,R,2 Seasons,"Anime, Crime TV Shows","An emotional story that explores family, ambition, and the human condition.",2006,2,11,Australia,Anime,TV Show,,2.0
s840,Movie,A Dream,James Sharma,Omar Muller,France,1999-04-19,1998,NR,109 min,"Romantic Movies, Crime TV Shows","An emotional story that explores family, ambition, and the human condition.",1999,4,19,France,Romantic Movies,Movie,109.0,
s73,TV Show,A Dream,Noah Silva,Fatima Kim,Spain,2009-10-03,2008,PG,4 Seasons,"Romantic Movies, International Movies, Anime","An emotional story that explores family, ambition, and the human condition.",2009,10,3,Spain,Romantic Movies,TV Show,,4.0
s808,Movie,Broken World,Unknown,Unknown,France,2022-09-15,2021,TV-14,113 min,International Movies,"An emotional story that explores family, ambition, and the human condition.",2022,9,15,France,International Movies,Movie,113.0,
s259,Movie,A Truth,Unknown,"Noah Garcia, Elena Sharma, Wei Silva",India,2003-07-30,2001,TV-MA,167 min,Documentaries,"An emotional story that explores family, ambition, and the human condition.",2003,7,30,India,Documentaries,Movie,167.0,
s625,TV Show,Hidden World,Kenji Garcia,James Smith,Egypt,2000-02-11,1999,PG-13,1 Seasons,Horror Movies,"An emotional story that explores family, ambition, and the human condition.",2000,2,11,Egypt,Horror Movies,TV Show,,1.0
s827,Movie,Secret Heart,Unknown,"Priya Smith, Liam Costa, Elena Chen, Omar Rossi, Aiko Chen",Germany,2007-07-12,2005,TV-MA,123 min,Dramas,"An emotional story that explores family, ambition, and the human condition.",2007,7,12,Germany,Dramas,Movie,123.0,
s235,Movie,Secret World,Lucas Silva,"Amara Chen, Amara Diaz, Kenji Smith, Liam Rossi, Omar Kim",France,2020-01-29,2018,TV-MA,66 min,Romantic Movies,"An emotional story that explores family, ambition, and the human condition.",2020,1,29,France,Romantic Movies,Movie,66.0,
s617,TV Show,Silent Kingdom,Amara Silva,"Carlos Muller, Carlos Silva, Elena Rossi, Carlos Garcia",South Korea,2013-10-23,2012,TV-MA,3 Season,"Thrillers, Comedies","An emotional story that explores family, ambition, and the human condition.",2013,10,23,South Korea,Thrillers,TV Show,,3.0
s517,Movie,The Truth,Noah Nguyen,"Fatima Brown, Fatima Johnson, Wei Chen",Unknown,2020-07-26,2019,PG,122 min,Horror Movies,"An emotional story that explores family, ambition, and the human condition.",2020,7,26,Unknown,Horror Movies,Movie,122.0,
s1072,Movie,Silent Legacy,Sofia Garcia,"Maria Smith, James Diaz",Nigeria,2001-02-24,1999,TV-PG,128 min,Thrillers,"An emotional story that explores family, ambition, and the human condition.",2001,2,24,Nigeria,Thrillers,Movie,128.0,
s843,Movie,Secret Truth,Carlos Costa,"Noah Tanaka, Noah Silva, Wei Khan, Lucas Tanaka, Liam Costa",Italy,2006-10-01,2006,TV-G,179 min,"International Movies, Stand-Up Comedy","An emotional story that explores family, ambition, and the human condition.",2006,10,1,Italy,International Movies,Movie,179.0,
s803,Movie,The World,Carlos Muller,Unknown,Spain,2007-10-06,2007,TV-Y,168 min,Sci-Fi & Fantasy,"An emotional story that explores family, ambition, and the human condition.",2007,10,6,Spain,Sci-Fi & Fantasy,Movie,168.0,
s810,Movie,The City,Lucas Silva,"Maria Rossi, Maria Brown, Fatima Kim",Unknown,2021-02-13,2020,TV-14,154 min,"Sci-Fi & Fantasy, Stand-Up Comedy","An emotional story that explores family, ambition, and the human condition.",2021,2,13,Unknown,Sci-Fi & Fantasy,Movie,154.0,
s1079,TV Show,Last Legacy,Noah Diaz,"Lucas Muller, Noah Chen, Omar Chen, Aiko Sharma, Noah Kim",Spain,2017-09-11,2016,TV-14,1 Season,"Documentaries, Stand-Up Comedy, Sci-Fi & Fantasy","An emotional story that explores family, ambition, and the human condition.",2017,9,11,Spain,Documentaries,TV Show,,1.0
s502,Movie,Silent City,Sofia Kim,"Wei Rossi, Liam Sharma, Kenji Garcia",India,2002-01-26,2000,R,62 min,"Stand-Up Comedy, International Movies","An emotional story that explores family, ambition, and the human condition.",2002,1,26,India,Stand-Up Comedy,Movie,62.0,
s539,Movie,Hidden City,Unknown,Liam Nguyen,United States,2023-10-19,2022,R,91 min,"Crime TV Shows, Stand-Up Comedy, Dramas","An emotional story that explores family, ambition, and the human condition.",2023,10,19,United States,Crime TV Shows,Movie,91.0,
s946,Movie,Last Story,Unknown,"Liam Smith, Fatima Costa, Aiko Silva, Wei Muller",Nigeria,2009-01-26,2007,TV-G,113 min,"Anime, Documentaries","An emotional story that explores family, ambition, and the human condition.",2009,1,26,Nigeria,Anime,Movie,113.0,
s729,Movie,Rising Shadow,Unknown,Unknown,Australia,2015-07-07,2014,PG-13,111 min,"Crime TV Shows, Sci-Fi & Fantasy, Dramas","An emotional story that explores family, ambition, and the human condition.",2015,7,7,Australia,Crime TV Shows,Movie,111.0,
s344,Movie,Broken City,James Kim,"Omar Rossi, James Kim",Nigeria,2018-11-13,2017,PG,130 min,"Dramas, International Movies","An emotional story that explores family, ambition, and the human condition.",2018,11,13,Nigeria,Dramas,Movie,130.0,
s977,TV Show,Golden City,Wei Smith,"Lucas Silva, Kenji Nguyen, Maria Johnson",Mexico,2023-03-13,2022,TV-G,1 Seasons,Dramas,"An emotional story that explores family, ambition, and the human condition.",2023,3,13,Mexico,Dramas,TV Show,,1.0
s890,TV Show,Secret Shadow,Aiko Rossi,"Carlos Smith, Noah Johnson, Kenji Nguyen, Kenji Diaz",United Kingdom,2022-03-07,2020,R,5 Seasons,"Anime, Kids' TV, Reality TV","An emotional story that explores family, ambition, and the human condition.",2022,3,7,United Kingdom,Anime,TV Show,,5.0
s294,Movie,Hidden Heart,Unknown,Unknown,Australia,2009-05-30,2009,TV-14,161 min,"Romantic Movies, Documentaries, Thrillers","An emotional story that explores family, ambition, and the human condition.",2009,5,30,Australia,Romantic Movies,Movie,161.0,
s365,Movie,Broken Kingdom,Unknown,Unknown,South Korea,2007-03-13,2005,TV-G,170 min,"Crime TV Shows, Reality TV","An emotional story that explores family, ambition, and the human condition.",2007,3,13,South Korea,Crime TV Shows,Movie,170.0,
s898,Movie,Golden Dream,Unknown,Aiko Smith,France,2001-12-06,2001,PG,167 min,Thrillers,"An emotional story that explores family, ambition, and the human condition.",2001,12,6,France,Thrillers,Movie,167.0,
s660,Movie,Silent Kingdom,Maria Tanaka,Priya Brown,Canada,2022-06-28,2021,TV-Y,84 min,Dramas,"An emotional story that explores family, ambition, and the human condition.",2022,6,28,Canada,Dramas,Movie,84.0,
s15,Movie,Midnight World,Elena Smith,Unknown,France,2011-11-05,2011,TV-G,175 min,"Stand-Up Comedy, Romantic Movies, Kids' TV","An emotional story that explores family, ambition, and the human condition.",2011,11,5,France,Stand-Up Comedy,Movie,175.0,
s687,Movie,Secret Kingdom,Unknown,Carlos Smith,Canada,2006-09-16,2006,R,109 min,Comedies,"An emotional story that explores family, ambition, and the human condition.",2006,9,16,Canada,Comedies,Movie,109.0,
s87,Movie,Silent World,Priya Costa,"Fatima Kim, Lucas Nguyen, Amara Kim, Kenji Johnson, Amara Silva",Canada,2007-03-19,2006,R,185 min,"Stand-Up Comedy, Thrillers, Horror Movies","An emotional story that explores family, ambition, and the human condition.",2007,3,19,Canada,Stand-Up Comedy,Movie,185.0,
s371,Movie,Golden City,Sofia Costa,Maria Chen,United Kingdom,2019-05-10,2018,R,118 min,Sci-Fi & Fantasy,"An emotional story that explores family, ambition, and the human condition.",2019,5,10,United Kingdom,Sci-Fi & Fantasy,Movie,118.0,
s132,Movie,Broken Dream,Unknown,"Wei Silva, Maria Silva, Maria Muller, Omar Tanaka, Lucas Chen",South Korea,2009-09-10,2007,R,167 min,Documentaries,"An emotional story that explores family, ambition, and the human condition.",2009,9,10,South Korea,Documentaries,Movie,167.0,
s60,TV Show,A World,Aiko Costa,"Amara Nguyen, Kenji Nguyen, Wei Tanaka",France,2013-08-06,2011,TV-G,7 Seasons,"Crime TV Shows, Anime, Sci-Fi & Fantasy","An emotional story that explores family, ambition, and the human condition.",2013,8,6,France,Crime TV Shows,TV Show,,7.0
s710,Movie,Golden Dream,Unknown,"Omar Johnson, Aiko Garcia, Fatima Chen, Wei Kim, Omar Rossi",India,2001-08-27,2001,NR,98 min,Romantic Movies,"An emotional story that explores family, ambition, and the human condition.",2001,8,27,India,Romantic Movies,Movie,98.0,
s355,Movie,Golden Shadow,Maria Smith,"Sofia Tanaka, Priya Muller, Lucas Muller, Liam Garcia, Carlos Smith",Germany,2005-09-22,2004,TV-14,118 min,Sci-Fi & Fantasy,"An emotional story that explores family, ambition, and the human condition.",2005,9,22,Germany,Sci-Fi & Fantasy,Movie,118.0,
s1014,Movie,Hidden City,Elena Johnson,"Amara Khan, Maria Johnson, Sofia Brown",United Kingdom,2016-09-17,2016,TV-Y,152 min,Sci-Fi & Fantasy,"An emotional story that explores family, ambition, and the human condition.",2016,9,17,United Kingdom,Sci-Fi & Fantasy,Movie,152.0,
s425,Movie,Silent Shadow,Unknown,"Wei Diaz, Noah Chen, Aiko Silva, Lucas Garcia, Elena Silva",Canada,2014-11-04,2013,NR,101 min,"Action & Adventure, Documentaries, Crime TV Shows","An emotional story that explores family, ambition, and the human condition.",2014,11,4,Canada,Action & Adventure,Movie,101.0,
s293,TV Show,Last Story,Unknown,"Noah Khan, Kenji Diaz, Carlos Sharma, Omar Silva, Lucas Rossi",Nigeria,2018-12-04,2018,NR,4 Seasons,International Movies,"An emotional story that explores family, ambition, and the human condition.",2018,12,4,Nigeria,International Movies,TV Show,,4.0
s42,Movie,Hidden Legacy,Priya Garcia,"James Diaz, Wei Brown, Elena Kim, Wei Garcia",France,2022-10-09,2020,NR,97 min,"Horror Movies, Anime","An emotional story that explores family, ambition, and the human condition.",2022,10,9,France,Horror Movies,Movie,97.0,
s1082,TV Show,Golden Story,Wei Silva,"James Smith, James Brown, Noah Sharma",Nigeria,2002-02-10,2001,TV-Y,2 Seasons,"Horror Movies, International Movies","An emotional story that explores family, ambition, and the human condition.",2002,2,10,Nigeria,Horror Movies,TV Show,,2.0
s330,Movie,Silent Shadow,Unknown,"Priya Khan, Amara Diaz, Omar Johnson, Sofia Chen, Aiko Nguyen",Unknown,2009-10-06,2008,TV-Y,75 min,Romantic Movies,"An emotional story that explores family, ambition, and the human condition.",2009,10,6,Unknown,Romantic Movies,Movie,75.0,
s615,Movie,A Shadow A Shadow,Unknown,"Wei Brown, Elena Tanaka, Fatima Costa",United States,2006-07-06,2004,PG-13,162 min,Anime,"An emotional story that explores family, ambition, and the human condition.",2006,7,6,United States,Anime,Movie,162.0,
s430,Movie,Rising Journey,Unknown,"James Rossi, James Johnson, Amara Tanaka",South Korea,2013-03-06,2011,NR,106 min,"Kids' TV, Sci-Fi & Fantasy","An emotional story that explores family, ambition, and the human condition.",2013,3,6,South Korea,Kids' TV,Movie,106.0,
s80,TV Show,Rising Shadow,Aiko Johnson,"Carlos Sharma, Maria Diaz, James Chen, Priya Brown",Canada,2002-01-31,2001,TV-PG,4 Seasons,"Kids' TV, Reality TV","An emotional story that explores family, ambition, and the human condition.",2002,1,31,Canada,Kids' TV,TV Show,,4.0
s694,TV Show,Midnight City,Carlos Chen,"Maria Sharma, Sofia Tanaka, Amara Silva, James Brown, Elena Khan",Brazil,2003-01-15,2001,R,5 Seasons,"Anime, Horror Movies","An emotional story that explores family, ambition, and the human condition.",2003,1,15,Brazil,Anime,TV Show,,5.0
s708,TV Show,Golden City,Omar Muller,Fatima Garcia,France,2004-12-08,2004,PG-13,6 Season,"Reality TV, Sci-Fi & Fantasy","An emotional story that explores family, ambition, and the human condition.",2004,12,8,France,Reality TV,TV Show,,6.0
s1025,TV Show,A World,Elena Khan,"Omar Brown, Elena Sharma, Wei Kim",Nigeria,2022-12-03,2022,TV-14,7 Seasons,"Horror Movies, Kids' TV, Stand-Up Comedy","An emotional story that explores family, ambition, and the human condition.",2022,12,3,Nigeria,Horror Movies,TV Show,,7.0
s1187,Movie,Secret Story,Fatima Kim,Unknown,South Korea,2012-10-24,2012,TV-PG,144 min,"Kids' TV, Reality TV, Documentaries","An emotional story that explores family, ambition, and the human condition.",2012,10,24,South Korea,Kids' TV,Movie,144.0,
s255,TV Show,Rising World,Noah Khan,"Sofia Tanaka, Wei Garcia, Carlos Rossi",Germany,2007-06-26,2006,TV-MA,7 Seasons,Romantic Movies,"An emotional story that explores family, ambition, and the human condition.",2007,6,26,Germany,Romantic Movies,TV Show,,7.0
s161,Movie,Midnight Shadow,Fatima Sharma,"Carlos Kim, Noah Nguyen, Sofia Brown, Sofia Garcia",Unknown,2009-12-15,2008,TV-14,108 min,"Comedies, Horror Movies","An emotional story that explores family, ambition, and the human condition.",2009,12,15,Unknown,Comedies,Movie,108.0,
s459,Movie,The Dream,Unknown,"Elena Diaz, Sofia Khan, Fatima Chen, Sofia Brown, Aiko Muller",Canada,2021-09-17,2021,TV-Y,143 min,"Action & Adventure, Romantic Movies, Horror Movies","An emotional story that explores family, ambition, and the human condition.",2021,9,17,Canada,Action & Adventure,Movie,143.0,
s384,Movie,Secret Story,Elena Chen,Sofia Garcia,India,2010-09-23,2010,TV-PG,67 min,"Horror Movies, Action & Adventure","An emotional story that explores family, ambition, and the human condition.",2010,9,23,India,Horror Movies,Movie,67.0,
s314,TV Show,Broken World,Carlos Rossi,"Wei Costa, James Kim, Amara Muller, Elena Chen, Sofia Sharma",Egypt,2018-05-24,2016,TV-MA,3 Seasons,"Documentaries, Horror Movies, Thrillers","An emotional story that explores family, ambition, and the human condition.",2018,5,24,Egypt,Documentaries,TV Show,,3.0
s85,Movie,Silent Journey,Liam Rossi,Sofia Sharma,Mexico,2008-06-08,2007,TV-Y,184 min,Reality TV,"An emotional story that explores family, ambition, and the human condition.",2008,6,8,Mexico,Reality TV,Movie,184.0,
s575,Movie,Broken Journey,Liam Khan,"Priya Johnson, Carlos Smith",Canada,2019-10-06,2018,TV-Y,129 min,"Kids' TV, Reality TV","An emotional story that explores family, ambition, and the human condition.",2019,10,6,Canada,Kids' TV,Movie,129.0,
s763,TV Show,Secret World,Aiko Muller,"James Costa, Sofia Sharma",Nigeria,2004-07-06,2002,NR,3 Seasons,"Romantic Movies, Kids' TV","An emotional story that explores family, ambition, and the human condition.",2004,7,6,Nigeria,Romantic Movies,TV Show,,3.0
s137,TV Show,Secret World,Unknown,Unknown,Canada,2000-12-06,2000,TV-Y,3 Seasons,"Stand-Up Comedy, International Movies, Comedies","An emotional story that explores family, ambition, and the human condition.",2000,12,6,Canada,Stand-Up Comedy,TV Show,,3.0
s112,Movie,Broken City,Priya Chen,Unknown,South Korea,2001-10-27,2001,R,148 min,"Comedies, Action & Adventure","An emotional story that explores family, ambition, and the human condition.",2001,10,27,South Korea,Comedies,Movie,148.0,
s195,Movie,Silent Journey,Maria Diaz,"Elena Diaz, Carlos Rossi, Noah Rossi",Mexico,1999-01-08,1998,R,137 min,"Romantic Movies, Horror Movies, Sci-Fi & Fantasy","An emotional story that explores family, ambition, and the human condition.",1999,1,8,Mexico,Romantic Movies,Movie,137.0,
s853,Movie,Silent Legacy,Noah Johnson,"Fatima Nguyen, Sofia Nguyen, Wei Garcia, Wei Rossi",Nigeria,2021-04-29,2021,TV-PG,148 min,Stand-Up Comedy,"An emotional story that explores family, ambition, and the human condition.",2021,4,29,Nigeria,Stand-Up Comedy,Movie,148.0,
s179,TV Show,Hidden Story,Omar Chen,"Amara Nguyen, Wei Garcia",Australia,1999-07-15,1998,PG,6 Seasons,"Thrillers, Sci-Fi & Fantasy","An emotional story that explores family, ambition, and the human condition.",1999,7,15,Australia,Thrillers,TV Show,,6.0
s556,TV Show,Golden Truth,Liam Silva,"Carlos Muller, Kenji Smith",Italy,2020-05-14,2020,TV-PG,2 Season,"International Movies, Thrillers","An emotional story that explores family, ambition, and the human condition.",2020,5,14,Italy,International Movies,TV Show,,2.0
s724,Movie,A Dream,Carlos Diaz,"Omar Kim, Noah Costa, Omar Rossi, Omar Costa, Sofia Khan",United Kingdom,2000-08-24,1998,TV-G,64 min,"Horror Movies, International Movies","An emotional story that explores family, ambition, and the human condition.",2000,8,24,United Kingdom,Horror Movies,Movie,64.0,
s860,TV Show,The Legacy,Omar Nguyen,"Fatima Brown, Omar Rossi, Maria Rossi, Noah Tanaka",India,2023-07-11,2021,TV-Y,5 Seasons,"Dramas, Action & Adventure, Crime TV Shows","An emotional story that explores family, ambition, and the human condition.",2023,7,11,India,Dramas,TV Show,,5.0
s497,Movie,Rising Shadow,James Rossi,Aiko Nguyen,Italy,2006-07-24,2005,TV-14,136 min,"Crime TV Shows, Documentaries, Kids' TV","An emotional story that explores family, ambition, and the human condition.",2006,7,24,Italy,Crime TV Shows,Movie,136.0,
s904,TV Show,Silent Shadow,Omar Tanaka,"Maria Rossi, Sofia Rossi, Carlos Diaz",Australia,2018-05-31,2018,TV-Y,2 Seasons,"International Movies, Documentaries, Sci-Fi & Fantasy","An emotional story that explores family, ambition, and the human condition.",2018,5,31,Australia,International Movies,TV Show,,2.0
s806,Movie,A Story,Kenji Kim,"Carlos Kim, James Costa",South Korea,2019-02-10,2017,TV-Y,65 min,International Movies,"An emotional story that explores family, ambition, and the human condition.",2019,2,10,South Korea,International Movies,Movie,65.0,
s130,Movie,A Heart,Sofia Silva,Elena Nguyen,France,2020-04-27,2019,R,117 min,"Romantic Movies, Comedies","An emotional story that explores family, ambition, and the human condition.",2020,4,27,France,Romantic Movies,Movie,117.0,
s716,TV Show,Silent Dream,Priya Costa,"Kenji Sharma, Liam Tanaka",Germany,2004-12-03,2004,PG-13,5 Seasons,"Kids' TV, Sci-Fi & Fantasy, International Movies","An emotional story that explores family, ambition, and the human condition.",2004,12,3,Germany,Kids' TV,TV Show,,5.0
s338,Movie,Midnight Journey,Sofia Diaz,"Aiko Diaz, James Muller, James Brown, Sofia Khan",France,2016-11-12,2016,TV-Y,167 min,Action & Adventure,"An emotional story that explores family, ambition, and the human condition.",2016,11,12,France,Action & Adventure,Movie,167.0,
s609,TV Show,A Legacy,Unknown,"James Muller, James Kim, Fatima Garcia, Wei Smith, Noah Smith",Unknown,2012-08-07,2012,TV-PG,7 Seasons,Anime,"An emotional story that explores family, ambition, and the human condition.",2012,8,7,Unknown,Anime,TV Show,,7.0
s125,Movie,Midnight Legacy,Sofia Smith,Amara Sharma,Brazil,2010-08-27,2009,TV-G,181 min,"Horror Movies, International Movies","An emotional story that explores family, ambition, and the human condition.",2010,8,27,Brazil,Horror Movies,Movie,181.0,
s196,Movie,Silent Truth Silent Truth,Priya Chen,"Kenji Silva, Aiko Chen, Wei Chen, Fatima Rossi, Amara Nguyen",Canada,2011-10-18,2011,TV-PG,79 min,"Reality TV, Romantic Movies, Dramas","An emotional story that explores family, ambition, and the human condition.",2011,10,18,Canada,Reality TV,Movie,79.0,
s227,Movie,Secret Truth,Unknown,"Amara Garcia, Lucas Kim, Sofia Khan, Kenji Sharma",South Korea,2021-09-26,2021,NR,78 min,"Thrillers, Horror Movies, Sci-Fi & Fantasy","An emotional story that explores family, ambition, and the human condition.",2021,9,26,South Korea,Thrillers,Movie,78.0,
s690,Movie,Secret Heart,Unknown,Unknown,Japan,2018-02-14,2016,TV-G,169 min,"Comedies, Sci-Fi & Fantasy, Horror Movies","An emotional story that explores family, ambition, and the human condition.",2018,2,14,Japan,Comedies,Movie,169.0,
s269,Movie,Secret Truth,Kenji Diaz,"Noah Smith, Kenji Smith, Elena Garcia",Unknown,2006-06-03,2006,PG-13,107 min,"Documentaries, Dramas","An emotional story that explores family, ambition, and the human condition.",2006,6,3,Unknown,Documentaries,Movie,107.0,
s153,TV Show,Silent Story,Unknown,"Wei Khan, Omar Brown, Fatima Chen, Priya Smith",Spain,1999-07-21,1999,PG,3 Seasons,"Romantic Movies, Sci-Fi & Fantasy, Crime TV Shows","An emotional story that explores family, ambition, and the human condition.",1999,7,21,Spain,Romantic Movies,TV Show,,3.0
s910,Movie,A Heart,James Smith,"Elena Nguyen, Aiko Diaz, Elena Chen, Maria Nguyen, Kenji Garcia",United Kingdom,2001-06-12,2001,TV-14,96 min,"Horror Movies, Kids' TV, Action & Adventure","An emotional story that explores family, ambition, and the human condition.",2001,6,12,United Kingdom,Horror Movies,Movie,96.0,
s585,TV Show,Golden Journey,Unknown,"Noah Chen, Wei Diaz",United States,2008-03-04,2006,TV-Y,2 Season,Action & Adventure,"An emotional story that explores family, ambition, and the human condition.",2008,3,4,United States,Action & Adventure,TV Show,,2.0
s951,Movie,Midnight Story,Maria Tanaka,"James Rossi, Omar Garcia, Fatima Tanaka, Noah Nguyen, Kenji Nguyen",United States,1998-07-27,1998,PG-13,103 min,Anime,"An emotional story that explores family, ambition, and the human condition.",1998,7,27,United States,Anime,Movie,103.0,
s104,Movie,Broken Truth,Kenji Kim,"Amara Kim, Amara Sharma, Priya Chen, Amara Johnson",United Kingdom,2016-02-12,2014,TV-14,116 min,"Dramas, Sci-Fi & Fantasy, Reality TV","An emotional story that explores family, ambition, and the human condition.",2016,2,12,United Kingdom,Dramas,Movie,116.0,
s594,Movie,Secret Truth,Unknown,"Wei Sharma, Elena Chen",Nigeria,2010-09-23,2010,R,130 min,"Comedies, Documentaries","An emotional story that explores family, ambition, and the human condition.",2010,9,23,Nigeria,Comedies,Movie,130.0,
s1121,TV Show,Broken Story,Unknown,"Maria Chen, Kenji Sharma, Elena Kim, Amara Costa",Canada,2008-08-04,2007,PG,7 Seasons,"Stand-Up Comedy, Romantic Movies, Documentaries","An emotional story that explores family, ambition, and the human condition.",2008,8,4,Canada,Stand-Up Comedy,TV Show,,7.0
s1019,Movie,A Story,Elena Tanaka,"Elena Costa, Aiko Johnson",United States,2001-07-25,2000,R,158 min,"Comedies, Romantic Movies, Horror Movies","An emotional story that explores family, ambition, and the human condition.",2001,7,25,United States,Comedies,Movie,158.0,
s885,Movie,The World,Kenji Khan,Wei Smith,Australia,2017-01-16,2016,PG-13,145 min,"Anime, Thrillers, International Movies","An emotional story that explores family, ambition, and the human condition.",2017,1,16,Australia,Anime,Movie,145.0,
s777,TV Show,Golden World,Liam Chen,Fatima Chen,Germany,2011-03-03,2009,TV-Y,3 Seasons,Kids' TV,"An emotional story that explores family, ambition, and the human condition.",2011,3,3,Germany,Kids' TV,TV Show,,3.0
s895,Movie,Last Journey,Unknown,"Carlos Brown, Aiko Kim",France,2008-04-07,2006,NR,150 min,Dramas,"An emotional story that explores family, ambition, and the human condition.",2008,4,7,France,Dramas,Movie,150.0,
s228,Movie,Golden Legacy,Elena Diaz,"Sofia Muller, Aiko Brown",Italy,2021-09-16,2020,PG-13,179 min,"Dramas, Kids' TV, Action & Adventure","An emotional story that explores family, ambition, and the human condition.",2021,9,16,Italy,Dramas,Movie,179.0,
s1143,Movie,Hidden Journey,Fatima Khan,"Sofia Rossi, Carlos Diaz, Lucas Smith",France,2022-02-03,2020,TV-MA,174 min,"International Movies, Horror Movies, Action & Adventure","An emotional story that explores family, ambition, and the human condition.",2022,2,3,France,International Movies,Movie,174.0,
s302,TV Show,Secret City,Unknown,"Aiko Chen, Maria Brown",Nigeria,2010-06-04,2009,TV-MA,4 Seasons,"Kids' TV, Crime TV Shows, Dramas","An emotional story that explores family, ambition, and the human condition.",2010,6,4,Nigeria,Kids' TV,TV Show,,4.0
s855,TV Show,Last Kingdom,Lucas Garcia,"Amara Smith, Kenji Khan, Sofia Garcia, Liam Garcia",Germany,2000-08-17,1999,PG,8 Seasons,"Stand-Up Comedy, Thrillers, Reality TV","An emotional story that explores family, ambition, and the human condition.",2000,8,17,Germany,Stand-Up Comedy,TV Show,,8.0
s276,Movie,Hidden Heart,Unknown,Priya Costa,United States,2020-11-19,2020,TV-14,171 min,"Crime TV Shows, Action & Adventure","An emotional story that explores family, ambition, and the human condition.",2020,11,19,United States,Crime TV Shows,Movie,171.0,
s127,TV Show,Midnight City,Maria Kim,Fatima Kim,United Kingdom,2012-07-06,2011,TV-MA,4 Seasons,Thrillers,"An emotional story that explores family, ambition, and the human condition.",2012,7,6,United Kingdom,Thrillers,TV Show,,4.0
s406,Movie,Broken Journey,Elena Diaz,"Amara Diaz, James Costa",United Kingdom,2010-10-15,2009,NR,76 min,"Horror Movies, Romantic Movies","An emotional story that explores family, ambition, and the human condition.",2010,10,15,United Kingdom,Horror Movies,Movie,76.0,
s776,Movie,The Dream,Noah Tanaka,"Wei Tanaka, Amara Muller, Priya Khan, James Muller",Spain,2001-10-14,1999,TV-G,120 min,"Horror Movies, International Movies","An emotional story that explores family, ambition, and the human condition.",2001,10,14,Spain,Horror Movies,Movie,120.0,
s822,TV Show,Hidden Kingdom,Liam Johnson,"Kenji Kim, Kenji Diaz, Wei Sharma",Canada,2005-10-11,2004,PG,3 Seasons,"Dramas, Anime, Kids' TV","An emotional story that explores family, ambition, and the human condition.",2005,10,11,Canada,Dramas,TV Show,,3.0
s712,TV Show,A Dream,James Garcia,"Amara Silva, Amara Chen",Egypt,2022-11-03,2022,R,7 Seasons,"Dramas, Stand-Up Comedy, Comedies","An emotional story that explores family, ambition, and the human condition.",2022,11,3,Egypt,Dramas,TV Show,,7.0
s766,Movie,Golden Truth,Kenji Chen,"Elena Silva, Lucas Brown, Elena Nguyen, Aiko Nguyen, Aiko Muller",Italy,2007-04-01,2006,PG,81 min,Kids' TV,"An emotional story that explores family, ambition, and the human condition.",2007,4,1,Italy,Kids' TV,Movie,81.0,
s684,Movie,Secret Story,Amara Sharma,"Priya Chen, Liam Smith",United Kingdom,2006-02-28,2005,TV-Y,167 min,Crime TV Shows,"An emotional story that explores family, ambition, and the human condition.",2006,2,28,United Kingdom,Crime TV Shows,Movie,167.0,
s750,TV Show,Broken World,Lucas Silva,"Kenji Costa, James Nguyen, James Nguyen",Spain,2017-11-14,2016,TV-Y,4 Season,Dramas,"An emotional story that explores family, ambition, and the human condition.",2017,11,14,Spain,Dramas,TV Show,,4.0
s1146,TV Show,The World,Unknown,"Wei Tanaka, Carlos Muller, James Johnson",Unknown,1999-06-24,1999,TV-Y,3 Seasons,"Comedies, Horror Movies, Kids' TV","An emotional story that explores family, ambition, and the human condition.",1999,6,24,Unknown,Comedies,TV Show,,3.0
s37,Movie,Last Story,Carlos Chen,"Kenji Nguyen, Priya Garcia, Priya Khan, Liam Khan",India,2003-11-03,2002,NR,168 min,Thrillers,"An emotional story that explores family, ambition, and the human condition.",2003,11,3,India,Thrillers,Movie,168.0,
s140,Movie,Secret Story,Unknown,"Lucas Kim, Carlos Nguyen",Australia,2017-09-06,2017,TV-MA,101 min,"International Movies, Reality TV, Action & Adventure","An emotional story that explores family, ambition, and the human condition.",2017,9,6,Australia,International Movies,Movie,101.0,
s304,Movie,The World,Unknown,"James Diaz, Maria Costa, Aiko Costa, Noah Nguyen, Amara Sharma",Australia,2018-05-08,2017,NR,179 min,Romantic Movies,"An emotional story that explores family, ambition, and the human condition.",2018,5,8,Australia,Romantic Movies,Movie,179.0,
s268,Movie,Silent Dream,Kenji Smith,Unknown,Japan,2015-05-18,2013,TV-14,90 min,"Anime, Crime TV Shows","An emotional story that explores family, ambition, and the human condition.",2015,5,18,Japan,Anime,Movie,90.0,
s835,Movie,Midnight Kingdom,Unknown,"Wei Johnson, Maria Garcia, Noah Kim, Lucas Nguyen, Kenji Muller",India,2022-03-03,2021,TV-G,79 min,"Kids' TV, Crime TV Shows","An emotional story that explores family, ambition, and the human condition.",2022,3,3,India,Kids' TV,Movie,79.0,
s534,Movie,Secret Legacy,Carlos Silva,"Sofia Diaz, Carlos Khan, Sofia Johnson, Liam Costa",Germany,2006-11-30,2005,PG-13,65 min,"Comedies, Action & Adventure, Kids' TV","An emotional story that explores family, ambition, and the human condition.",2006,11,30,Germany,Comedies,Movie,65.0,
s546,Movie,Silent World,Unknown,"Sofia Rossi, Amara Brown, Amara Brown, Priya Nguyen",Brazil,2005-05-10,2003,R,64 min,"Comedies, Romantic Movies, Sci-Fi & Fantasy","An emotional story that explores family, ambition, and the human condition.",2005,5,10,Brazil,Comedies,Movie,64.0,
s213,Movie,A Kingdom,Unknown,"Amara Silva, Sofia Kim, Liam Silva",Nigeria,2007-02-15,2005,TV-PG,113 min,Action & Adventure,"An emotional story that explores family, ambition, and the human condition.",2007,2,15,Nigeria,Action & Adventure,Movie,113.0,
s897,Movie,Secret World,James Chen,"Sofia Silva, Liam Brown, Fatima Chen, Priya Johnson, Fatima Diaz",Italy,2009-08-21,2009,R,93 min,Action & Adventure,"An emotional story that explores family, ambition, and the human condition.",2009,8,21,Italy,Action & Adventure,Movie,93.0,
s469,Movie,A Story,Liam Tanaka,"James Kim, Lucas Nguyen, Sofia Smith",France,2023-12-30,2022,TV-MA,144 min,Thrillers,"An emotional story that explores family, ambition, and the human condition.",2023,12,30,France,Thrillers,Movie,144.0,
s199,Movie,Silent Truth,Noah Muller,Priya Kim,Australia,2017-12-19,2016,TV-MA,114 min,"Kids' TV, Romantic Movies, Documentaries","An emotional story that explores family, ambition, and the human condition.",2017,12,19,Australia,Kids' TV,Movie,114.0,
s1049,Movie,The Story,Unknown,"Fatima Smith, Aiko Brown, Maria Johnson, Sofia Johnson",United States,2011-03-25,2009,NR,133 min,"Documentaries, Reality TV","An emotional story that explores family, ambition, and the human condition.",2011,3,25,United States,Documentaries,Movie,133.0,
s868,Movie,Golden City,Fatima Johnson,"Liam Brown, Carlos Nguyen, Priya Chen, Maria Nguyen, Omar Tanaka",Unknown,2018-01-05,2017,TV-Y,142 min,Reality TV,"An emotional story that explores family, ambition, and the human condition.",2018,1,5,Unknown,Reality TV,Movie,142.0,
s673,TV Show,Midnight Kingdom,Unknown,"Aiko Smith, Omar Kim, Sofia Smith, James Garcia",Australia,2005-01-15,2004,PG,2 Seasons,Action & Adventure,"An emotional story that explores family, ambition, and the human condition.",2005,1,15,Australia,Action & Adventure,TV Show,,2.0
s917,Movie,A World,Lucas Brown,"Maria Tanaka, Liam Muller, Carlos Johnson, Maria Smith",Canada,2014-03-05,2013,TV-PG,156 min,Anime,"An emotional story that explores family, ambition, and the human condition.",2014,3,5,Canada,Anime,Movie,156.0,
s528,TV Show,Midnight Shadow,Unknown,"Priya Brown, Carlos Brown, Maria Tanaka, Liam Muller, Carlos Sharma",Brazil,2014-04-30,2014,NR,4 Seasons,"Comedies, Thrillers, Documentaries","An emotional story that explores family, ambition, and the human condition.",2014,4,30,Brazil,Comedies,TV Show,,4.0
s676,Movie,The Story,Priya Rossi,"Amara Garcia, Sofia Nguyen",South Korea,2021-02-15,2020,PG-13,188 min,Romantic Movies,"An emotional story that explores family, ambition, and the human condition.",2021,2,15,South Korea,Romantic Movies,Movie,188.0,
s1075,TV Show,Broken City,Unknown,"Lucas Muller, Kenji Khan",Nigeria,2014-04-20,2013,TV-G,4 Seasons,"Horror Movies, Crime TV Shows","An emotional story that explores family, ambition, and the human condition.",2014,4,20,Nigeria,Horror Movies,TV Show,,4.0
s815,TV Show,Rising Truth,James Khan,"Wei Smith, Elena Johnson, Omar Silva",Egypt,2010-02-12,2008,PG-13,1 Seasons,"Documentaries, Reality TV","An emotional story that explores family, ambition, and the human condition.",2010,2,12,Egypt,Documentaries,TV Show,,1.0
s242,Movie,Broken World,Aiko Silva,"Lucas Nguyen, Carlos Sharma, Wei Brown",Italy,2011-12-23,2010,NR,83 min,Action & Adventure,"An emotional story that explores family, ambition, and the human condition.",2011,12,23,Italy,Action & Adventure,Movie,83.0,
s343,Movie,Broken Legacy,Unknown,"Liam Johnson, Aiko Chen, Lucas Brown, Liam Costa, Liam Costa",Egypt,2020-12-12,2020,NR,155 min,Comedies,"An emotional story that explores family, ambition, and the human condition.",2020,12,12,Egypt,Comedies,Movie,155.0,
s550,Movie,Secret Legacy,James Rossi,"Omar Garcia, Kenji Tanaka, Wei Sharma, Aiko Smith",South Korea,2015-01-21,2014,TV-G,159 min,International Movies,"An emotional story that explores family, ambition, and the human condition.",2015,1,21,South Korea,International Movies,Movie,159.0,
s387,TV Show,A Heart,Wei Smith,"James Brown, Aiko Sharma, Aiko Garcia",France,2003-08-09,2003,TV-G,8 Seasons,Stand-Up Comedy,"An emotional story that explores family, ambition, and the human condition.",2003,8,9,France,Stand-Up Comedy,TV Show,,8.0
s1125,Movie,Secret Truth,Unknown,"Kenji Costa, Carlos Smith, Aiko Brown, Elena Rossi, Carlos Muller",India,2012-11-24,2011,TV-G,167 min,Crime TV Shows,"An emotional story that explores family, ambition, and the human condition.",2012,11,24,India,Crime TV Shows,Movie,167.0,
s967,Movie,A Kingdom,Unknown,Noah Costa,India,2015-10-04,2014,PG-13,118 min,Dramas,"An emotional story that explores family, ambition, and the human condition.",2015,10,4,India,Dramas,Movie,118.0,
s207,TV Show,Silent Legacy,Carlos Chen,"Priya Diaz, Aiko Tanaka",Egypt,2018-12-18,2018,TV-14,3 Seasons,Comedies,"An emotional story that explores family, ambition, and the human condition.",2018,12,18,Egypt,Comedies,TV Show,,3.0
s296,TV Show,Broken Dream,Maria Chen,"Elena Muller, Fatima Garcia, Omar Rossi, Lucas Brown",South Korea,2021-11-09,2021,TV-Y,8 Season,"Kids' TV, Thrillers","An emotional story that explores family, ambition, and the human condition.",2021,11,9,South Korea,Kids' TV,TV Show,,8.0
s696,Movie,A World,Amara Tanaka,Fatima Chen,Japan,2001-10-12,2001,TV-Y,147 min,"Reality TV, Horror Movies, Thrillers","An emotional story that explores family, ambition, and the human condition.",2001,10,12,Japan,Reality TV,Movie,147.0,
s1092,Movie,Hidden Journey,Lucas Brown,"Elena Johnson, Amara Muller, Kenji Kim",Mexico,2003-09-15,2002,TV-14,164 min,"Sci-Fi & Fantasy, Thrillers, Romantic Movies","An emotional story that explores family, ambition, and the human condition.",2003,9,15,Mexico,Sci-Fi & Fantasy,Movie,164.0,
s74,TV Show,The Kingdom,Noah Johnson,"James Chen, Elena Rossi",Spain,2019-11-30,2018,TV-MA,3 Seasons,"Action & Adventure, Anime, Thrillers","An emotional story that explores family, ambition, and the human condition.",2019,11,30,Spain,Action & Adventure,TV Show,,3.0
s606,Movie,Last Journey,James Costa,"Maria Kim, Fatima Garcia",France,2008-08-04,2006,R,173 min,"Thrillers, International Movies, Kids' TV","An emotional story that explores family, ambition, and the human condition.",2008,8,4,France,Thrillers,Movie,173.0,
s105,Movie,Secret Kingdom,Unknown,"James Rossi, Kenji Kim, Omar Rossi",Mexico,2006-08-05,2005,PG-13,141 min,"International Movies, Dramas, Kids' TV","An emotional story that explores family, ambition, and the human condition.",2006,8,5,Mexico,International Movies,Movie,141.0,
s996,TV Show,Golden Shadow,Sofia Diaz,"Elena Johnson, Noah Silva",United Kingdom,2005-12-04,2005,TV-PG,1 Seasons,Anime,"An emotional story that explores family, ambition, and the human condition.",2005,12,4,United Kingdom,Anime,TV Show,,1.0
s1026,Movie,The Journey,Amara Chen,James Johnson,Japan,2024-03-18,2022,PG,144 min,"Sci-Fi & Fantasy, Romantic Movies","An emotional story that explores family, ambition, and the human condition.",2024,3,18,Japan,Sci-Fi & Fantasy,Movie,144.0,
s1193,Movie,Rising Dream,Unknown,"Lucas Smith, Liam Kim, Kenji Rossi, Fatima Chen, Wei Chen",Canada,2011-08-26,2011,TV-MA,108 min,Sci-Fi & Fantasy,"An emotional story that explores family, ambition, and the human condition.",2011,8,26,Canada,Sci-Fi & Fantasy,Movie,108.0,
s17,Movie,Secret City,Omar Brown,Unknown,Japan,2020-06-10,2018,TV-14,95 min,"Reality TV, Dramas","An emotional story that explores family, ambition, and the human condition.",2020,6,10,Japan,Reality TV,Movie,95.0,
s440,Movie,Rising Heart,Liam Muller,"Amara Garcia, Aiko Khan",Unknown,2011-08-06,2010,TV-MA,65 min,"Horror Movies, Sci-Fi & Fantasy","An emotional story that explores family, ambition, and the human condition.",2011,8,6,Unknown,Horror Movies,Movie,65.0,
s92,TV Show,Golden City,Amara Chen,Unknown,France,2018-12-22,2017,NR,3 Seasons,"Comedies, Romantic Movies","An emotional story that explores family, ambition, and the human condition.",2018,12,22,France,Comedies,TV Show,,3.0
s89,Movie,A Truth,Unknown,Unknown,Canada,2011-03-03,2010,TV-PG,150 min,Kids' TV,"An emotional story that explores family, ambition, and the human condition.",2011,3,3,Canada,Kids' TV,Movie,150.0,
s1059,Movie,Midnight Dream,Liam Brown,"Wei Tanaka, Fatima Diaz, Lucas Rossi, Liam Costa",Unknown,2021-08-20,2021,PG-13,121 min,Action & Adventure,"An emotional story that explores family, ambition, and the human condition.",2021,8,20,Unknown,Action & Adventure,Movie,121.0,
s909,TV Show,Broken Heart,Amara Johnson,"Wei Nguyen, Sofia Diaz, Carlos Kim, Lucas Chen",Unknown,2020-06-10,2019,NR,3 Seasons,"Comedies, Documentaries","An emotional story that explores family, ambition, and the human condition.",2020,6,10,Unknown,Comedies,TV Show,,3.0
s451,TV Show,A Legacy,Omar Nguyen,Wei Diaz,Italy,2002-08-22,2001,TV-G,2 Seasons,Stand-Up Comedy,"An emotional story that explores family, ambition, and the human condition.",2002,8,22,Italy,Stand-Up Comedy,TV Show,,2.0
s718,TV Show,Broken Truth,Wei Garcia,"Carlos Diaz, Lucas Silva, Sofia Tanaka, Kenji Brown",Australia,2008-06-27,2007,PG,7 Seasons,Reality TV,"An emotional story that explores family, ambition, and the human condition.",2008,6,27,Australia,Reality TV,TV Show,,7.0
s239,TV Show,Last Journey,Liam Brown,"Wei Johnson, Aiko Garcia, Wei Chen",Unknown,2006-07-20,2005,R,8 Seasons,"Dramas, Horror Movies, Comedies","An emotional story that explores family, ambition, and the human condition.",2006,7,20,Unknown,Dramas,TV Show,,8.0
s69,Movie,Midnight Kingdom,Lucas Rossi,Elena Costa,Germany,2009-05-24,2008,PG,146 min,Crime TV Shows,"An emotional story that explores family, ambition, and the human condition.",2009,5,24,Germany,Crime TV Shows,Movie,146.0,
s943,TV Show,A Truth,James Tanaka,"Wei Nguyen, Sofia Sharma, Carlos Chen, Kenji Nguyen, Fatima Khan",Brazil,2016-03-28,2014,TV-14,6 Seasons,International Movies,"An emotional story that explores family, ambition, and the human condition.",2016,3,28,Brazil,International Movies,TV Show,,6.0
s247,TV Show,Golden Legacy,Lucas Brown,Carlos Sharma,Brazil,2008-08-13,2007,TV-14,8 Seasons,"Stand-Up Comedy, Anime, Kids' TV","An emotional story that explores family, ambition, and the human condition.",2008,8,13,Brazil,Stand-Up Comedy,TV Show,,8.0
s939,Movie,Hidden Journey,Unknown,"Amara Muller, Sofia Kim, Omar Kim, Elena Kim",Egypt,2004-03-28,2003,TV-G,159 min,Horror Movies,"An emotional story that explores family, ambition, and the human condition.",2004,3,28,Egypt,Horror Movies,Movie,159.0,
s158,Movie,Silent Legacy,Kenji Garcia,"Omar Nguyen, Liam Diaz",Germany,2000-06-27,2000,NR,127 min,"Dramas, Action & Adventure, Documentaries","An emotional story that explores family, ambition, and the human condition.",2000,6,27,Germany,Dramas,Movie,127.0,
s480,Movie,The Truth,Unknown,"Wei Johnson, Wei Johnson, Maria Garcia, Carlos Johnson, Amara Khan",Brazil,2004-07-19,2002,PG,97 min,"Stand-Up Comedy, Horror Movies","An emotional story that explores family, ambition, and the human condition.",2004,7,19,Brazil,Stand-Up Comedy,Movie,97.0,
s6,TV Show,A World,Fatima Garcia,"Priya Smith, Amara Costa",Germany,2018-06-06,2016,TV-PG,7 Seasons,"Sci-Fi & Fantasy, Kids' TV, Dramas","An emotional story that explores family, ambition, and the human condition.",2018,6,6,Germany,Sci-Fi & Fantasy,TV Show,,7.0
s1099,TV Show,Golden Journey,Priya Garcia,"Elena Costa, Lucas Muller, Sofia Garcia, Amara Smith",Spain,2010-11-20,2009,PG-13,2 Seasons,"International Movies, Horror Movies, Romantic Movies","An emotional story that explores family, ambition, and the human condition.",2010,11,20,Spain,International Movies,TV Show,,2.0
s872,TV Show,Silent Story,Kenji Khan,"Priya Smith, Maria Silva",Mexico,2017-11-23,2016,TV-14,6 Seasons,Horror Movies,"An emotional story that explores family, ambition, and the human condition.",2017,11,23,Mexico,Horror Movies,TV Show,,6.0
s966,Movie,Hidden Story,Liam Smith,"Carlos Muller, Elena Garcia, Elena Nguyen",South Korea,2021-01-18,2020,NR,89 min,"Anime, Documentaries","An emotional story that explores family, ambition, and the human condition.",2021,1,18,South Korea,Anime,Movie,89.0,
s19,TV Show,Midnight Journey,Amara Johnson,"Noah Garcia, Liam Costa, Sofia Tanaka, Carlos Smith, Amara Brown",Unknown,2017-08-08,2015,PG,3 Season,"Horror Movies, Anime, Comedies","An emotional story that explores family, ambition, and the human condition.",2017,8,8,Unknown,Horror Movies,TV Show,,3.0
s122,Movie,Rising Legacy,Lucas Diaz,"Liam Garcia, Amara Nguyen",Canada,2009-10-11,2009,TV-14,161 min,Documentaries,"An emotional story that explores family, ambition, and the human condition.",2009,10,11,Canada,Documentaries,Movie,161.0,
s947,Movie,Midnight Dream,Unknown,James Tanaka,Germany,2005-08-15,2005,TV-Y,88 min,Reality TV,"An emotional story that explores family, ambition, and the human condition.",2005,8,15,Germany,Reality TV,Movie,88.0,
s662,Movie,A Heart,Unknown,"Lucas Brown, James Silva",Japan,2002-03-17,2000,TV-14,151 min,Action & Adventure,"An emotional story that explores family, ambition, and the human condition.",2002,3,17,Japan,Action & Adventure,Movie,151.0,
s1017,TV Show,Hidden Heart,Noah Rossi,"Carlos Nguyen, Priya Garcia",Australia,2013-03-11,2013,TV-PG,2 Seasons,"Thrillers, Anime","An emotional story that explores family, ambition, and the human condition.",2013,3,11,Australia,Thrillers,TV Show,,2.0
s275,Movie,Hidden Heart,Unknown,"Priya Muller, Elena Johnson, Priya Smith",Unknown,2021-02-23,2021,NR,147 min,"Anime, Kids' TV","An emotional story that explores family, ambition, and the human condition.",2021,2,23,Unknown,Anime,Movie,147.0,
s434,Movie,Golden Shadow,Elena Johnson,"Aiko Diaz, Amara Brown, Fatima Chen, Omar Sharma",United Kingdom,2002-10-11,2001,TV-MA,179 min,"Action & Adventure, Reality TV","An emotional story that explores family, ambition, and the human condition.",2002,10,11,United Kingdom,Action & Adventure,Movie,179.0,
s812,Movie,Midnight World,Sofia Johnson,"Liam Diaz, Sofia Muller, Priya Silva, Omar Muller, Liam Rossi",Italy,2006-02-03,2004,TV-MA,83 min,Comedies,"An emotional story that explores family, ambition, and the human condition.",2006,2,3,Italy,Comedies,Movie,83.0,
s1151,Movie,The Journey,Fatima Brown,Unknown,Egypt,2024-11-15,2022,PG,162 min,"Crime TV Shows, International Movies","An emotional story that explores family, ambition, and the human condition.",2024,11,15,Egypt,Crime TV Shows,Movie,162.0,
s312,TV Show,Broken Truth,Lucas Sharma,"Fatima Sharma, Noah Johnson",Japan,2009-08-01,2008,NR,8 Seasons,International Movies,"An emotional story that explores family, ambition, and the human condition.",2009,8,1,Japan,International Movies,TV Show,,8.0
s1135,Movie,Hidden Truth,Unknown,"Kenji Diaz, Amara Khan, Liam Sharma, Fatima Kim, Omar Brown",Japan,2015-11-09,2015,TV-Y,178 min,"Action & Adventure, Sci-Fi & Fantasy","An emotional story that explores family, ambition, and the human condition.",2015,11,9,Japan,Action & Adventure,Movie,178.0,
s781,Movie,Secret Truth,Priya Diaz,"Amara Costa, Elena Khan, Wei Rossi, Noah Costa",United Kingdom,2011-03-05,2010,TV-MA,174 min,"Documentaries, Action & Adventure, Dramas","An emotional story that explores family, ambition, and the human condition.",2011,3,5,United Kingdom,Documentaries,Movie,174.0,
s547,TV Show,Hidden Dream,Unknown,"Omar Rossi, Amara Muller, Aiko Rossi",United Kingdom,1999-11-15,1999,TV-G,3 Seasons,"Action & Adventure, Thrillers","An emotional story that explores family, ambition, and the human condition.",1999,11,15,United Kingdom,Action & Adventure,TV Show,,3.0
s182,TV Show,The Legacy,Unknown,"Elena Tanaka, Amara Kim, Noah Brown, Aiko Muller, Lucas Johnson",France,2016-02-13,2015,TV-MA,7 Seasons,Stand-Up Comedy,"An emotional story that explores family, ambition, and the human condition.",2016,2,13,France,Stand-Up Comedy,TV Show,,7.0
s185,Movie,Rising World,Omar Tanaka,"Fatima Silva, Aiko Johnson, Sofia Muller",Germany,1999-02-26,1998,R,153 min,Anime,"An emotional story that explores family, ambition, and the human condition.",1999,2,26,Germany,Anime,Movie,153.0,
s407,Movie,Golden Dream,Carlos Silva,"Amara Nguyen, Noah Brown",Japan,2000-12-22,2000,TV-PG,186 min,"Action & Adventure, Thrillers, Stand-Up Comedy","An emotional story that explores family, ambition, and the human condition.",2000,12,22,Japan,Action & Adventure,Movie,186.0,
s720,TV Show,Rising Story,Unknown,"Maria Smith, Carlos Smith, Omar Rossi",France,2017-11-10,2017,TV-14,5 Seasons,"Sci-Fi & Fantasy, Crime TV Shows","An emotional story that explores family, ambition, and the human condition.",2017,11,10,France,Sci-Fi & Fantasy,TV Show,,5.0
s1024,Movie,The Truth,Maria Silva,Carlos Sharma,Mexico,2007-09-25,2007,TV-G,150 min,Romantic Movies,"An emotional story that explores family, ambition, and the human condition.",2007,9,25,Mexico,Romantic Movies,Movie,150.0,
s607,TV Show,Midnight Legacy,Noah Brown,"Kenji Rossi, Fatima Nguyen, James Rossi, James Diaz, Lucas Khan",Nigeria,2000-03-28,1998,R,3 Season,"Sci-Fi & Fantasy, Reality TV, Action & Adventure","An emotional story that explores family, ambition, and the human condition.",2000,3,28,Nigeria,Sci-Fi & Fantasy,TV Show,,3.0
s693,Movie,Golden Truth,Unknown,James Rossi,United States,2001-10-17,2001,PG-13,175 min,"Reality TV, Kids' TV, Comedies","An emotional story that explores family, ambition, and the human condition.",2001,10,17,United States,Reality TV,Movie,175.0,
s521,Movie,Secret Heart,Unknown,"Carlos Chen, Aiko Kim, Omar Garcia, Noah Nguyen",Canada,2006-09-10,2005,PG-13,185 min,"Romantic Movies, Anime, Crime TV Shows","An emotional story that explores family, ambition, and the human condition.",2006,9,10,Canada,Romantic Movies,Movie,185.0,
s866,Movie,Midnight Legacy,Liam Costa,"Priya Khan, Lucas Sharma, Liam Rossi",Brazil,2019-03-05,2017,R,76 min,"Horror Movies, Crime TV Shows","An emotional story that explores family, ambition, and the human condition.",2019,3,5,Brazil,Horror Movies,Movie,76.0,
s1004,Movie,The Truth,Fatima Tanaka,"James Chen, Aiko Khan",Unknown,2000-04-12,1999,TV-MA,171 min,Crime TV Shows,"An emotional story that explores family, ambition, and the human condition.",2000,4,12,Unknown,Crime TV Shows,Movie,171.0,
s381,Movie,Golden Truth,Sofia Smith,"Kenji Costa, Omar Sharma, Fatima Diaz",Nigeria,2001-04-24,2000,TV-Y,152 min,"Romantic Movies, Anime","An emotional story that explores family, ambition, and the human condition.",2001,4,24,Nigeria,Romantic Movies,Movie,152.0,
s428,Movie,The World,Unknown,"Amara Johnson, Sofia Muller, Sofia Khan",France,2002-10-19,2002,R,116 min,Stand-Up Comedy,"An emotional story that explores family, ambition, and the human condition.",2002,10,19,France,Stand-Up Comedy,Movie,116.0,
s79,TV Show,Midnight Heart,Wei Kim,"Maria Muller, Kenji Chen, Sofia Rossi, Wei Chen, Kenji Rossi",Australia,2020-10-31,2020,TV-Y,5 Seasons,"Anime, Dramas, Thrillers","An emotional story that explores family, ambition, and the human condition.",2020,10,31,Australia,Anime,TV Show,,5.0
s1010,Movie,Secret City,Unknown,"Fatima Smith, Fatima Garcia, Carlos Tanaka",United Kingdom,2017-09-06,2016,TV-G,136 min,"Crime TV Shows, Thrillers","An emotional story that explores family, ambition, and the human condition.",2017,9,6,United Kingdom,Crime TV Shows,Movie,136.0,
s1199,Movie,Silent City,Carlos Kim,"Kenji Kim, Kenji Smith, Aiko Muller",India,2006-06-12,2005,TV-MA,181 min,"Horror Movies, Dramas","An emotional story that explores family, ambition, and the human condition.",2006,6,12,India,Horror Movies,Movie,181.0,
s608,TV Show,The Story,Maria Brown,"Lucas Brown, Liam Diaz, Priya Chen, Elena Khan",France,2013-08-29,2012,R,3 Seasons,Horror Movies,"An emotional story that explores family, ambition, and the human condition.",2013,8,29,France,Horror Movies,TV Show,,3.0
s1077,Movie,Secret City,Liam Silva,"Amara Tanaka, Sofia Silva",India,1999-10-05,1998,TV-14,180 min,"Crime TV Shows, International Movies","An emotional story that explores family, ambition, and the human condition.",1999,10,5,India,Crime TV Shows,Movie,180.0,
s1105,TV Show,The City,Fatima Costa,"Amara Kim, Sofia Brown, Amara Nguyen, Wei Garcia, Noah Costa",South Korea,2007-03-13,2006,TV-14,6 Seasons,Action & Adventure,"An emotional story that explores family, ambition, and the human condition.",2007,3,13,South Korea,Action & Adventure,TV Show,,6.0
s1065,Movie,A Legacy,Unknown,"Kenji Smith, Maria Sharma",Brazil,2001-07-06,2000,PG,113 min,"Thrillers, Crime TV Shows, Dramas","An emotional story that explores family, ambition, and the human condition.",2001,7,6,Brazil,Thrillers,Movie,113.0,
s959,TV Show,Midnight Kingdom,Omar Kim,"Carlos Silva, Amara Nguyen, Priya Johnson, Elena Sharma, Omar Chen",United States,2002-12-30,2001,TV-PG,1 Seasons,"Romantic Movies, Comedies","An emotional story that explores family, ambition, and the human condition.",2002,12,30,United States,Romantic Movies,TV Show,,1.0
s560,Movie,Last City,Liam Muller,"Liam Costa, Sofia Silva",Japan,2006-09-01,2004,NR,148 min,"Documentaries, Romantic Movies","An emotional story that explores family, ambition, and the human condition.",2006,9,1,Japan,Documentaries,Movie,148.0,
s847,Movie,Hidden Legacy,Unknown,"Maria Johnson, Priya Diaz, Aiko Nguyen, Wei Sharma",United States,2016-08-19,2014,TV-14,84 min,Dramas,"An emotional story that explores family, ambition, and the human condition.",2016,8,19,United States,Dramas,Movie,84.0,
s691,TV Show,The Dream,Liam Sharma,"Fatima Garcia, Carlos Tanaka, Priya Costa",Italy,2016-11-25,2015,TV-PG,3 Seasons,"Action & Adventure, Crime TV Shows","An emotional story that explores family, ambition, and the human condition.",2016,11,25,Italy,Action & Adventure,TV Show,,3.0
s1180,Movie,Rising World,Omar Garcia,Carlos Rossi,Australia,2010-01-16,2009,TV-Y,78 min,"Anime, Documentaries","An emotional story that explores family, ambition, and the human condition.",2010,1,16,Australia,Anime,Movie,78.0,
s1133,Movie,Midnight City,Unknown,Maria Diaz,Italy,1999-07-27,1998,TV-PG,140 min,"Comedies, Romantic Movies","An emotional story that explores family, ambition, and the human condition.",1999,7,27,Italy,Comedies,Movie,140.0,
s437,Movie,The Journey,Unknown,"Wei Smith, Omar Tanaka, James Tanaka, Liam Brown",Mexico,2018-03-08,2017,PG-13,91 min,"Comedies, Crime TV Shows","An emotional story that explores family, ambition, and the human condition.",2018,3,8,Mexico,Comedies,Movie,91.0,
s491,TV Show,Silent Dream,Unknown,Sofia Brown,Unknown,2018-02-21,2016,PG,5 Seasons,Thrillers,"An emotional story that explores family, ambition, and the human condition.",2018,2,21,Unknown,Thrillers,TV Show,,5.0
s1114,TV Show,Secret Journey,Unknown,"Noah Brown, Elena Khan",Brazil,2007-10-23,2005,TV-14,6 Seasons,International Movies,"An emotional story that explores family, ambition, and the human condition.",2007,10,23,Brazil,International Movies,TV Show,,6.0
s70,Movie,A World,Unknown,"Lucas Muller, Noah Smith, Liam Nguyen, Priya Smith, Kenji Brown",France,2001-09-03,2001,PG,132 min,Dramas,"An emotional story that explores family, ambition, and the human condition.",2001,9,3,France,Dramas,Movie,132.0,
s809,Movie,A Truth,Aiko Khan,"Kenji Nguyen, Wei Nguyen, Elena Tanaka, Amara Brown, Maria Tanaka",Brazil,2001-07-21,2001,PG,90 min,"Kids' TV, Comedies, Romantic Movies","An emotional story that explores family, ambition, and the human condition.",2001,7,21,Brazil,Kids' TV,Movie,90.0,
s12,Movie,Rising Journey,Unknown,"Omar Nguyen, Noah Chen, James Muller, Maria Nguyen, Wei Garcia",Mexico,2020-02-07,2018,TV-Y,130 min,"Crime TV Shows, Reality TV, Kids' TV","An emotional story that explores family, ambition, and the human condition.",2020,2,7,Mexico,Crime TV Shows,Movie,130.0,
s145,Movie,Rising Journey,Sofia Nguyen,"Fatima Costa, Elena Nguyen, Wei Chen, Aiko Rossi",Brazil,2008-09-25,2007,R,100 min,"Kids' TV, International Movies","An emotional story that explores family, ambition, and the human condition.",2008,9,25,Brazil,Kids' TV,Movie,100.0,
s918,Movie,Rising Heart,Unknown,Noah Sharma,Nigeria,2006-01-20,2004,TV-14,100 min,"Dramas, Romantic Movies, Anime","An emotional story that explores family, ambition, and the human condition.",2006,1,20,Nigeria,Dramas,Movie,100.0,
s640,Movie,Hidden Legacy,Fatima Johnson,"Amara Rossi, Sofia Tanaka",Canada,2003-06-17,2002,TV-PG,60 min,"Horror Movies, Comedies, Kids' TV","An emotional story that explores family, ambition, and the human condition.",2003,6,17,Canada,Horror Movies,Movie,60.0,
s177,Movie,Silent Legacy,Priya Diaz,"Maria Garcia, Lucas Kim, Aiko Smith, Fatima Khan",Nigeria,2002-12-29,2002,TV-Y,89 min,International Movies,"An emotional story that explores family, ambition, and the human condition.",2002,12,29,Nigeria,International Movies,Movie,89.0,
s995,TV Show,Rising Truth,Sofia Brown,"Sofia Nguyen, Priya Brown, Carlos Johnson",Unknown,2003-02-22,2001,TV-G,3 Seasons,"Crime TV Shows, Thrillers, Sci-Fi & Fantasy","An emotional story that explores family, ambition, and the human condition.",2003,2,22,Unknown,Crime TV Shows,TV Show,,3.0
s441,TV Show,Midnight Story,Omar Costa,"Elena Tanaka, James Diaz",Brazil,2000-08-19,2000,TV-14,1 Season,"Crime TV Shows, Comedies, Thrillers","An emotional story that explores family, ambition, and the human condition.",2000,8,19,Brazil,Crime TV Shows,TV Show,,1.0
s522,Movie,Golden Story,Omar Silva,"Kenji Sharma, Priya Johnson, Kenji Brown",Germany,2013-06-03,2013,TV-G,161 min,"Documentaries, Anime","An emotional story that explores family, ambition, and the human condition.",2013,6,3,Germany,Documentaries,Movie,161.0,
s1005,TV Show,Secret Legacy,Kenji Costa,Unknown,Australia,2006-04-22,2004,R,7 Seasons,Action & Adventure,"An emotional story that explores family, ambition, and the human condition.",2006,4,22,Australia,Action & Adventure,TV Show,,7.0
s144,Movie,Hidden World,Unknown,Unknown,United States,2012-08-27,2011,TV-14,131 min,Anime,"An emotional story that explores family, ambition, and the human condition.",2012,8,27,United States,Anime,Movie,131.0,
s754,TV Show,Rising Shadow,Unknown,"Maria Costa, Wei Costa",Brazil,2022-05-27,2021,R,8 Seasons,Anime,"An emotional story that explores family, ambition, and the human condition.",2022,5,27,Brazil,Anime,TV Show,,8.0
s520,Movie,Last World,Amara Muller,Amara Diaz,Italy,2011-08-10,2010,TV-MA,153 min,Action & Adventure,"An emotional story that explores family, ambition, and the human condition.",2011,8,10,Italy,Action & Adventure,Movie,153.0,
s823,Movie,A Truth,Elena Smith,"James Brown, Sofia Johnson",Japan,2006-02-22,2005,R,80 min,"Dramas, Reality TV","An emotional story that explores family, ambition, and the human condition.",2006,2,22,Japan,Dramas,Movie,80.0,
s429,Movie,A Kingdom,Carlos Diaz,"Noah Diaz, Wei Smith",South Korea,2012-12-18,2011,TV-14,141 min,"Comedies, Thrillers","An emotional story that explores family, ambition, and the human condition.",2012,12,18,South Korea,Comedies,Movie,141.0,
s613,Movie,Broken Kingdom,Fatima Muller,"Carlos Sharma, Lucas Johnson, Carlos Johnson, Kenji Diaz",Unknown,2004-04-07,2004,TV-MA,165 min,"Dramas, Reality TV, International Movies","An emotional story that explores family, ambition, and the human condition.",2004,4,7,Unknown,Dramas,Movie,165.0,
s1033,Movie,Hidden World,Aiko Muller,"Kenji Johnson, Aiko Johnson, James Diaz",Egypt,2016-03-24,2014,NR,183 min,Romantic Movies,"An emotional story that explores family, ambition, and the human condition.",2016,3,24,Egypt,Romantic Movies,Movie,183.0,
s157,Movie,Broken Journey,Amara Tanaka,Unknown,France,2003-11-17,2003,TV-14,176 min,Action & Adventure,"An emotional story that explores family, ambition, and the human condition.",2003,11,17,France,Action & Adventure,Movie,176.0,
s540,Movie,Golden City,Fatima Muller,Unknown,South Korea,2009-01-07,2008,TV-14,69 min,Thrillers,"An emotional story that explores family, ambition, and the human condition.",2009,1,7,South Korea,Thrillers,Movie,69.0,
s462,TV Show,A Story,Unknown,"Omar Chen, Maria Garcia, Priya Nguyen",Egypt,2016-03-09,2016,TV-14,5 Seasons,Anime,"An emotional story that explores family, ambition, and the human condition.",2016,3,9,Egypt,Anime,TV Show,,5.0
s577,Movie,Midnight Kingdom,Maria Khan,"Elena Chen, Elena Chen, Sofia Silva, Sofia Tanaka",Spain,2019-08-25,2017,TV-PG,113 min,Reality TV,"An emotional story that explores family, ambition, and the human condition.",2019,8,25,Spain,Reality TV,Movie,113.0,
s256,Movie,Hidden Truth,Priya Rossi,"Elena Tanaka, Amara Johnson, Kenji Johnson",Italy,2017-12-31,2017,PG-13,141 min,"Anime, Stand-Up Comedy, Thrillers","An emotional story that explores family, ambition, and the human condition.",2017,12,31,Italy,Anime,Movie,141.0,
s980,Movie,The Heart,Aiko Garcia,"Elena Rossi, Sofia Rossi, Omar Smith, Maria Garcia, Lucas Silva",Unknown,2022-11-07,2022,R,101 min,Sci-Fi & Fantasy,"An emotional story that explores family, ambition, and the human condition.",2022,11,7,Unknown,Sci-Fi & Fantasy,Movie,101.0,
s1007,Movie,Golden Truth,Sofia Rossi,Maria Chen,Spain,2019-06-01,2018,TV-14,65 min,Romantic Movies,"An emotional story that explores family, ambition, and the human condition.",2019,6,1,Spain,Romantic Movies,Movie,65.0,
s561,Movie,Silent Shadow,Omar Nguyen,"James Muller, Elena Khan, Lucas Sharma",Mexico,2013-05-17,2011,TV-MA,63 min,"Documentaries, Action & Adventure, Crime TV Shows","An emotional story that explores family, ambition, and the human condition.",2013,5,17,Mexico,Documentaries,Movie,63.0,
s209,Movie,Last Story,Priya Khan,Kenji Tanaka,India,2007-07-20,2006,TV-G,129 min,"Horror Movies, Reality TV, Action & Adventure","An emotional story that explores family, ambition, and the human condition.",2007,7,20,India,Horror Movies,Movie,129.0,
s911,TV Show,Rising Dream,Carlos Costa,Unknown,India,2006-11-19,2005,TV-PG,3 Seasons,"Dramas, Reality TV, Romantic Movies","An emotional story that explores family, ambition, and the human condition.",2006,11,19,India,Dramas,TV Show,,3.0
s2,TV Show,Broken Legacy,Unknown,Maria Brown,Egypt,2014-07-09,2014,TV-Y,4 Seasons,Kids' TV,"An emotional story that explores family, ambition, and the human condition.",2014,7,9,Egypt,Kids' TV,TV Show,,4.0
s270,Movie,A Journey,Elena Tanaka,Amara Garcia,Australia,2012-09-18,2010,TV-PG,107 min,"International Movies, Thrillers","An emotional story that explores family, ambition, and the human condition.",2012,9,18,Australia,International Movies,Movie,107.0,
s266,Movie,A Truth,Wei Kim,"Carlos Johnson, Amara Tanaka",Nigeria,2008-04-06,2008,TV-Y,122 min,"Documentaries, Anime","An emotional story that explores family, ambition, and the human condition.",2008,4,6,Nigeria,Documentaries,Movie,122.0,
s915,Movie,Secret City,Unknown,James Khan,Japan,2016-10-31,2015,NR,159 min,"Action & Adventure, Romantic Movies, Crime TV Shows","An emotional story that explores family, ambition, and the human condition.",2016,10,31,Japan,Action & Adventure,Movie,159.0,
s231,TV Show,Broken Kingdom,Fatima Khan,"Liam Costa, Elena Garcia, Elena Johnson, Aiko Diaz",Australia,2003-09-03,2001,PG,4 Season,"Crime TV Shows, Action & Adventure, Horror Movies","An emotional story that explores family, ambition, and the human condition.",2003,9,3,Australia,Crime TV Shows,TV Show,,4.0
s1198,Movie,The Shadow,Unknown,Sofia Chen,South Korea,2008-01-04,2007,R,65 min,"Dramas, Stand-Up Comedy, Thrillers","An emotional story that explores family, ambition, and the human condition.",2008,1,4,South Korea,Dramas,Movie,65.0,
s865,TV Show,Midnight Story,Unknown,Fatima Muller,Canada,1999-06-01,1999,PG,4 Seasons,"Kids' TV, Thrillers, Romantic Movies","An emotional story that explores family, ambition, and the human condition.",1999,6,1,Canada,Kids' TV,TV Show,,4.0
s1067,TV Show,A World,Liam Diaz,"Sofia Tanaka, Liam Khan, Liam Costa, Maria Muller",Italy,2009-07-13,2008,TV-MA,5 Seasons,"Anime, Thrillers","An emotional story that explores family, ambition, and the human condition.",2009,7,13,Italy,Anime,TV Show,,5.0
s874,Movie,A Story,Aiko Garcia,"Fatima Khan, Amara Chen, Noah Johnson, Liam Chen, Omar Diaz",Unknown,2016-06-17,2014,PG,137 min,Stand-Up Comedy,"An emotional story that explores family, ambition, and the human condition.",2016,6,17,Unknown,Stand-Up Comedy,Movie,137.0,
s1086,TV Show,Silent Heart,Lucas Diaz,"James Rossi, Fatima Sharma, Kenji Kim, Aiko Rossi, Carlos Kim",Unknown,2024-03-23,2022,TV-Y,4 Season,Action & Adventure,"An emotional story that explores family, ambition, and the human condition.",2024,3,23,Unknown,Action & Adventure,TV Show,,4.0
s1165,Movie,Silent Kingdom,Elena Khan,"Sofia Costa, Carlos Costa, Liam Costa",United Kingdom,2018-03-27,2017,R,88 min,International Movies,"An emotional story that explores family, ambition, and the human condition.",2018,3,27,United Kingdom,International Movies,Movie,88.0,
s46,TV Show,Secret Heart,Amara Johnson,"Kenji Garcia, Omar Kim",France,2018-01-27,2017,PG,7 Seasons,"Romantic Movies, Action & Adventure, Documentaries","An emotional story that explores family, ambition, and the human condition.",2018,1,27,France,Romantic Movies,TV Show,,7.0
s162,TV Show,Golden Shadow,Omar Kim,"Noah Johnson, Aiko Costa",Unknown,2022-08-20,2020,TV-G,1 Seasons,"International Movies, Romantic Movies","An emotional story that explores family, ambition, and the human condition.",2022,8,20,Unknown,International Movies,TV Show,,1.0
s992,Movie,Midnight Heart,Omar Sharma,Elena Silva,Japan,2005-12-03,2004,TV-Y,78 min,"Kids' TV, Romantic Movies, Action & Adventure","An emotional story that explores family, ambition, and the human condition.",2005,12,3,Japan,Kids' TV,Movie,78.0,
s630,Movie,Hidden Journey,Unknown,"James Diaz, Kenji Silva, Amara Brown, Fatima Khan",Egypt,2000-06-28,1999,NR,170 min,Thrillers,"An emotional story that explores family, ambition, and the human condition.",2000,6,28,Egypt,Thrillers,Movie,170.0,
s289,Movie,Rising Shadow,Kenji Diaz,Aiko Costa,India,2016-05-27,2016,TV-PG,135 min,"Action & Adventure, Documentaries","An emotional story that explores family, ambition, and the human condition.",2016,5,27,India,Action & Adventure,Movie,135.0,
s1060,Movie,Rising Story Rising Story,Noah Brown,Unknown,United States,2000-02-22,1999,TV-PG,104 min,"Kids' TV, Anime, Comedies","An emotional story that explores family, ambition, and the human condition.",2000,2,22,United States,Kids' TV,Movie,104.0,
s1188,Movie,Secret Dream,Kenji Khan,Unknown,South Korea,2024-02-19,2022,TV-PG,173 min,"Romantic Movies, Reality TV","An emotional story that explores family, ambition, and the human condition.",2024,2,19,South Korea,Romantic Movies,Movie,173.0,
s576,TV Show,Secret Truth,Maria Garcia,"Amara Sharma, Amara Rossi, Priya Smith",South Korea,2023-08-28,2022,TV-MA,6 Seasons,"Horror Movies, International Movies, Kids' TV","An emotional story that explores family, ambition, and the human condition.",2023,8,28,South Korea,Horror Movies,TV Show,,6.0
s851,Movie,The Heart,James Garcia,"Fatima Silva, Wei Costa, Liam Chen, Carlos Garcia",France,2009-07-31,2009,R,169 min,"Horror Movies, Comedies","An emotional story that explores family, ambition, and the human condition.",2009,7,31,France,Horror Movies,Movie,169.0,
s912,Movie,Rising Story,Aiko Nguyen,"Lucas Diaz, Liam Kim, Liam Silva",South Korea,2022-08-06,2020,TV-PG,178 min,Crime TV Shows,"An emotional story that explores family, ambition, and the human condition.",2022,8,6,South Korea,Crime TV Shows,Movie,178.0,
s1101,Movie,Silent Legacy,Sofia Costa,"Kenji Sharma, Aiko Garcia",Germany,2002-05-31,2002,PG,187 min,"Anime, International Movies, Reality TV","An emotional story that explores family, ambition, and the human condition.",2002,5,31,Germany,Anime,Movie,187.0,
s933,Movie,Secret Legacy,Unknown,"Maria Nguyen, Lucas Nguyen, Priya Garcia",France,2009-05-07,2008,R,178 min,"Kids' TV, Reality TV","An emotional story that explores family, ambition, and the human condition.",2009,5,7,France,Kids' TV,Movie,178.0,
s248,TV Show,Silent Truth,Carlos Brown,"Carlos Muller, Sofia Rossi, Fatima Costa",Australia,2022-05-14,2020,R,1 Season,"International Movies, Documentaries, Dramas","An emotional story that explores family, ambition, and the human condition.",2022,5,14,Australia,International Movies,TV Show,,1.0
s477,TV Show,Secret Kingdom,Unknown,Noah Garcia,Italy,2007-01-18,2005,PG-13,2 Seasons,"Documentaries, Action & Adventure","An emotional story that explores family, ambition, and the human condition.",2007,1,18,Italy,Documentaries,TV Show,,2.0
s86,TV Show,The Truth,Unknown,Unknown,United Kingdom,2001-09-09,2000,TV-MA,3 Season,"Action & Adventure, Kids' TV, Documentaries","An emotional story that explores family, ambition, and the human condition.",2001,9,9,United Kingdom,Action & Adventure,TV Show,,3.0
s226,Movie,A Story,Unknown,"Elena Khan, Lucas Diaz, James Nguyen, Sofia Silva",Brazil,2005-12-10,2005,R,100 min,"Romantic Movies, Documentaries, Sci-Fi & Fantasy","An emotional story that explores family, ambition, and the human condition.",2005,12,10,Brazil,Romantic Movies,Movie,100.0,
s775,Movie,Golden World,Omar Khan,Noah Tanaka,United Kingdom,2009-07-10,2009,TV-PG,127 min,"Dramas, Anime, International Movies","An emotional story that explores family, ambition, and the human condition.",2009,7,10,United Kingdom,Dramas,Movie,127.0,
s332,Movie,Broken Story,Maria Johnson,"Sofia Chen, Liam Kim, Liam Garcia",Unknown,2021-05-07,2019,NR,142 min,"Anime, Kids' TV, Comedies","An emotional story that explores family, ambition, and the human condition.",2021,5,7,Unknown,Anime,Movie,142.0,
s589,Movie,Midnight Legacy,Sofia Muller,"Lucas Costa, Wei Khan, Liam Khan",Australia,2010-02-22,2009,TV-MA,185 min,Anime,"An emotional story that explores family, ambition, and the human condition.",2010,2,22,Australia,Anime,Movie,185.0,
s476,Movie,Broken World,Priya Silva,Kenji Brown,South Korea,2020-10-10,2020,TV-14,79 min,"Dramas, Anime, Documentaries","An emotional story that explores family, ambition, and the human condition.",2020,10,10,South Korea,Dramas,Movie,79.0,
s600,Movie,The Legacy,Carlos Johnson,"Noah Johnson, Elena Muller",Brazil,2011-12-18,2011,NR,187 min,"Sci-Fi & Fantasy, Documentaries, Horror Movies","An emotional story that explores family, ambition, and the human condition.",2011,12,18,Brazil,Sci-Fi & Fantasy,Movie,187.0,
s422,Movie,The Kingdom,Unknown,"Liam Garcia, Omar Sharma",Unknown,2007-06-28,2006,TV-Y,133 min,Kids' TV,"An emotional story that explores family, ambition, and the human condition.",2007,6,28,Unknown,Kids' TV,Movie,133.0,
s183,Movie,Hidden Story,Amara Diaz,"Noah Diaz, Sofia Tanaka, Lucas Diaz, Aiko Silva, Priya Chen",India,2009-09-01,2008,NR,85 min,"Action & Adventure, Reality TV","An emotional story that explores family, ambition, and the human condition.",2009,9,1,India,Action & Adventure,Movie,85.0,
s989,TV Show,Last Story,Lucas Brown,Fatima Sharma,Japan,2004-08-17,2003,PG,6 Seasons,Action & Adventure,"An emotional story that explores family, ambition, and the human condition.",2004,8,17,Japan,Action & Adventure,TV Show,,6.0
s1001,Movie,Rising Legacy,Amara Rossi,"Amara Chen, Lucas Sharma, Wei Muller, Elena Garcia",Australia,2007-06-29,2006,TV-Y,144 min,Action & Adventure,"An emotional story that explores family, ambition, and the human condition.",2007,6,29,Australia,Action & Adventure,Movie,144.0,
s50,Movie,Secret Legacy,Noah Costa,"James Brown, Carlos Tanaka, Maria Nguyen",India,2011-07-25,2009,R,125 min,Sci-Fi & Fantasy,"An emotional story that explores family, ambition, and the human condition.",2011,7,25,India,Sci-Fi & Fantasy,Movie,125.0,
s1140,TV Show,Golden Heart,Priya Costa,"Sofia Chen, Omar Nguyen, James Johnson, Omar Brown, Carlos Garcia",Italy,2009-09-28,2009,TV-MA,4 Season,Kids' TV,"An emotional story that explores family, ambition, and the human condition.",2009,9,28,Italy,Kids' TV,TV Show,,4.0
s1030,Movie,Secret City,Liam Johnson,Priya Tanaka,Australia,2023-06-19,2021,NR,173 min,Romantic Movies,"An emotional story that explores family, ambition, and the human condition.",2023,6,19,Australia,Romantic Movies,Movie,173.0,
s530,Movie,Silent Shadow,Elena Chen,Unknown,Australia,2001-08-11,2001,PG,97 min,"Documentaries, Horror Movies, Thrillers","An emotional story that explores family, ambition, and the human condition.",2001,8,11,Australia,Documentaries,Movie,97.0,
s487,Movie,Last Truth,Sofia Muller,"Noah Costa, Sofia Costa, Carlos Smith, Lucas Nguyen, Liam Chen",United States,2011-11-09,2011,TV-14,144 min,"Crime TV Shows, Comedies","An emotional story that explores family, ambition, and the human condition.",2011,11,9,United States,Crime TV Shows,Movie,144.0,
s498,TV Show,Rising Shadow,Unknown,Sofia Sharma,France,2002-03-18,2001,TV-MA,7 Seasons,Documentaries,"An emotional story that explores family, ambition, and the human condition.",2002,3,18,France,Documentaries,TV Show,,7.0
s107,Movie,Broken Dream,Unknown,Unknown,Spain,2015-10-31,2014,TV-MA,141 min,Documentaries,"An emotional story that explores family, ambition, and the human condition.",2015,10,31,Spain,Documentaries,Movie,141.0,
s444,Movie,Hidden Journey,Unknown,"Sofia Nguyen, Maria Nguyen, Amara Sharma, Priya Khan, Kenji Kim",South Korea,2013-08-29,2012,PG,103 min,"Sci-Fi & Fantasy, Horror Movies, Dramas","An emotional story that explores family, ambition, and the human condition.",2013,8,29,South Korea,Sci-Fi & Fantasy,Movie,103.0,
s647,Movie,Secret Truth,Unknown,"Amara Garcia, Sofia Costa, Fatima Muller",United Kingdom,2004-03-25,2004,PG,89 min,"Romantic Movies, Action & Adventure, Documentaries","An emotional story that explores family, ambition, and the human condition.",2004,3,25,United Kingdom,Romantic Movies,Movie,89.0,
s1037,Movie,Silent Dream,Unknown,Unknown,United States,2011-04-14,2011,TV-Y,109 min,Anime,"An emotional story that explores family, ambition, and the human condition.",2011,4,14,United States,Anime,Movie,109.0,
s727,TV Show,A World,Liam Diaz,Amara Johnson,United Kingdom,2008-07-04,2008,TV-MA,8 Season,"Dramas, Comedies, Horror Movies","An emotional story that explores family, ambition, and the human condition.",2008,7,4,United Kingdom,Dramas,TV Show,,8.0
s283,TV Show,Silent City,Unknown,"Carlos Tanaka, Fatima Chen, James Diaz",France,2000-10-16,1999,PG-13,3 Seasons,"Action & Adventure, Sci-Fi & Fantasy, Anime","An emotional story that explores family, ambition, and the human condition.",2000,10,16,France,Action & Adventure,TV Show,,3.0
s30,TV Show,Golden Shadow,Carlos Muller,Unknown,India,2022-02-04,2020,TV-G,3 Season,"Sci-Fi & Fantasy, Dramas","An emotional story that explores family, ambition, and the human condition.",2022,2,4,India,Sci-Fi & Fantasy,TV Show,,3.0
s170,Movie,A Story,Unknown,"Aiko Khan, Amara Brown, Carlos Chen, James Muller, Priya Costa",Italy,2007-04-14,2007,TV-G,137 min,Comedies,"An emotional story that explores family, ambition, and the human condition.",2007,4,14,Italy,Comedies,Movie,137.0,
s1002,TV Show,Broken Story,Wei Sharma,"Kenji Silva, Fatima Tanaka, Sofia Sharma, Carlos Rossi, Amara Kim",United States,2017-07-29,2016,TV-G,7 Seasons,"Sci-Fi & Fantasy, Romantic Movies","An emotional story that explores family, ambition, and the human condition.",2017,7,29,United States,Sci-Fi & Fantasy,TV Show,,7.0
s101,Movie,Silent Journey,Noah Muller,"Carlos Tanaka, Fatima Kim",Unknown,2003-09-11,2002,TV-Y,120 min,"Crime TV Shows, Reality TV, Dramas","An emotional story that explores family, ambition, and the human condition.",2003,9,11,Unknown,Crime TV Shows,Movie,120.0,
s496,TV Show,Golden City,Amara Kim,"Elena Tanaka, Sofia Nguyen",Japan,2011-02-16,2010,TV-Y,4 Seasons,Crime TV Shows,"An emotional story that explores family, ambition, and the human condition.",2011,2,16,Japan,Crime TV Shows,TV Show,,4.0
s648,TV Show,Midnight Legacy,Liam Garcia,"James Sharma, Sofia Kim, Kenji Muller, Lucas Brown",India,2006-09-22,2006,R,5 Seasons,"Reality TV, International Movies, Horror Movies","An emotional story that explores family, ambition, and the human condition.",2006,9,22,India,Reality TV,TV Show,,5.0
s988,Movie,Golden World,Liam Diaz,"Kenji Nguyen, Omar Rossi",Canada,2007-02-06,2007,PG-13,101 min,"Romantic Movies, International Movies","An emotional story that explores family, ambition, and the human condition.",2007,2,6,Canada,Romantic Movies,Movie,101.0,
s45,TV Show,Silent Shadow,Priya Garcia,"Fatima Rossi, Carlos Diaz, Carlos Smith, Elena Kim, Liam Silva",Unknown,2003-01-14,2002,PG-13,7 Season,Crime TV Shows,"An emotional story that explores family, ambition, and the human condition.",2003,1,14,Unknown,Crime TV Shows,TV Show,,7.0
s711,Movie,Rising Shadow,Elena Tanaka,"James Brown, Aiko Rossi",Canada,2006-09-28,2006,PG-13,146 min,"Documentaries, Crime TV Shows","An emotional story that explores family, ambition, and the human condition.",2006,9,28,Canada,Documentaries,Movie,146.0,
s374,Movie,A Shadow,Sofia Smith,"Fatima Brown, Priya Sharma, Liam Brown, Fatima Johnson, Priya Khan",United States,2003-01-29,2001,NR,150 min,"Kids' TV, Anime, Comedies","An emotional story that explores family, ambition, and the human condition.",2003,1,29,United States,Kids' TV,Movie,150.0,
s679,Movie,Broken Shadow,Unknown,"Noah Garcia, Aiko Nguyen",United States,2002-09-27,2001,R,101 min,Sci-Fi & Fantasy,"An emotional story that explores family, ambition, and the human condition.",2002,9,27,United States,Sci-Fi & Fantasy,Movie,101.0,
s567,TV Show,Midnight City,Wei Rossi,"Carlos Kim, Aiko Smith, Elena Tanaka, Sofia Silva",United States,2019-05-30,2017,TV-PG,7 Seasons,"Reality TV, Kids' TV, Horror Movies","An emotional story that explores family, ambition, and the human condition.",2019,5,30,United States,Reality TV,TV Show,,7.0
s848,TV Show,Midnight Truth,Amara Smith,"Maria Smith, Carlos Khan, Wei Smith, Omar Tanaka, Liam Smith",Brazil,2018-07-15,2018,PG,8 Seasons,"Crime TV Shows, Action & Adventure, Kids' TV","An emotional story that explores family, ambition, and the human condition.",2018,7,15,Brazil,Crime TV Shows,TV Show,,8.0
s461,Movie,Last Story,Wei Tanaka,"Carlos Tanaka, Noah Nguyen",Nigeria,2015-04-17,2014,TV-PG,87 min,"Dramas, Anime, Crime TV Shows","An emotional story that explores family, ambition, and the human condition.",2015,4,17,Nigeria,Dramas,Movie,87.0,
s40,TV Show,Silent Heart,Unknown,"Noah Diaz, Omar Chen, Elena Garcia, Carlos Johnson, Lucas Nguyen",Italy,2018-05-29,2018,TV-G,4 Seasons,Thrillers,"An emotional story that explores family, ambition, and the human condition.",2018,5,29,Italy,Thrillers,TV Show,,4.0
s435,TV Show,Hidden Heart,Unknown,"Maria Diaz, Noah Chen, Amara Johnson, Lucas Smith",South Korea,2019-03-12,2019,TV-14,5 Seasons,"Action & Adventure, Anime","An emotional story that explores family, ambition, and the human condition.",2019,3,12,South Korea,Action & Adventure,TV Show,,5.0
s974,Movie,Secret Journey,Lucas Kim,"Priya Nguyen, Wei Silva, Aiko Khan",South Korea,2016-01-07,2015,TV-PG,163 min,"Anime, Action & Adventure","An emotional story that explores family, ambition, and the human condition.",2016,1,7,South Korea,Anime,Movie,163.0,
s1008,Movie,Midnight Kingdom,Fatima Rossi,Sofia Chen,Spain,2001-08-10,2000,TV-Y,115 min,"Thrillers, Horror Movies","An emotional story that explores family, ambition, and the human condition.",2001,8,10,Spain,Thrillers,Movie,115.0,
s457,TV Show,Broken Shadow,Omar Nguyen,Unknown,Egypt,2017-07-24,2015,NR,2 Seasons,Anime,"An emotional story that explores family, ambition, and the human condition.",2017,7,24,Egypt,Anime,TV Show,,2.0
s261,TV Show,The Legacy,James Diaz,"Maria Nguyen, Carlos Nguyen, James Tanaka",Australia,2023-07-19,2022,TV-PG,7 Seasons,"Action & Adventure, Documentaries","An emotional story that explores family, ambition, and the human condition.",2023,7,19,Australia,Action & Adventure,TV Show,,7.0
s36,Movie,Midnight Truth,Carlos Sharma,"Amara Brown, Carlos Muller, Noah Sharma",Australia,2022-06-19,2021,TV-MA,116 min,"Reality TV, International Movies, Crime TV Shows","An emotional story that explores family, ambition, and the human condition.",2022,6,19,Australia,Reality TV,Movie,116.0,
s828,Movie,Last Journey,Liam Sharma,James Costa,Unknown,2011-10-08,2009,TV-14,128 min,Kids' TV,"An emotional story that explores family, ambition, and the human condition.",2011,10,8,Unknown,Kids' TV,Movie,128.0,
s310,Movie,Silent World,Priya Muller,"James Brown, Carlos Sharma, Sofia Brown, Sofia Kim, Fatima Johnson",Japan,2001-02-10,2000,TV-MA,123 min,"Horror Movies, Romantic Movies, Comedies","An emotional story that explores family, ambition, and the human condition.",2001,2,10,Japan,Horror Movies,Movie,123.0,
s277,TV Show,A Kingdom,Sofia Tanaka,Unknown,Japan,2012-02-06,2010,R,7 Seasons,Crime TV Shows,"An emotional story that explores family, ambition, and the human condition.",2012,2,6,Japan,Crime TV Shows,TV Show,,7.0
s655,TV Show,Silent World,Maria Rossi,"Fatima Costa, Fatima Kim",Nigeria,2019-12-19,2019,NR,6 Seasons,"Reality TV, Stand-Up Comedy, Action & Adventure","An emotional story that explores family, ambition, and the human condition.",2019,12,19,Nigeria,Reality TV,TV Show,,6.0
s623,Movie,Secret Truth,Kenji Johnson,"Noah Nguyen, Lucas Johnson, Liam Khan, Kenji Silva",United Kingdom,2022-12-28,2021,R,156 min,"Kids' TV, Action & Adventure","An emotional story that explores family, ambition, and the human condition.",2022,12,28,United Kingdom,Kids' TV,Movie,156.0,
s845,Movie,Rising Dream,James Chen,"Amara Sharma, Kenji Brown, James Kim",United Kingdom,2011-04-19,2009,PG-13,186 min,"Comedies, Anime, Action & Adventure","An emotional story that explores family, ambition, and the human condition.",2011,4,19,United Kingdom,Comedies,Movie,186.0,
s394,Movie,Hidden Kingdom,Unknown,"Omar Rossi, Wei Tanaka, Lucas Brown, Carlos Johnson",Brazil,2019-09-27,2017,TV-Y,93 min,"Documentaries, Reality TV, Thrillers","An emotional story that explores family, ambition, and the human condition.",2019,9,27,Brazil,Documentaries,Movie,93.0,
s108,TV Show,Hidden Story,Kenji Costa,"Sofia Kim, James Chen, Omar Nguyen, Fatima Smith, Aiko Rossi",Egypt,2001-05-05,2000,TV-Y,7 Seasons,"Kids' TV, Horror Movies, Romantic Movies","An emotional story that explores family, ambition, and the human condition.",2001,5,5,Egypt,Kids' TV,TV Show,,7.0
s525,Movie,The Journey,Unknown,"Lucas Johnson, Noah Garcia, Kenji Smith",Japan,2017-09-26,2016,TV-PG,165 min,"Horror Movies, Romantic Movies","An emotional story that explores family, ambition, and the human condition.",2017,9,26,Japan,Horror Movies,Movie,165.0,
s785,Movie,Last Kingdom,Priya Brown,"James Garcia, Sofia Johnson",India,2005-10-28,2005,TV-MA,173 min,"Action & Adventure, Stand-Up Comedy","An emotional story that explores family, ambition, and the human condition.",2005,10,28,India,Action & Adventure,Movie,173.0,
s48,Movie,Midnight World,Amara Kim,"Elena Kim, Fatima Garcia, Kenji Tanaka, Priya Smith",Germany,2017-08-01,2015,PG-13,96 min,"Romantic Movies, Comedies, Action & Adventure","An emotional story that explores family, ambition, and the human condition.",2017,8,1,Germany,Romantic Movies,Movie,96.0,
s204,Movie,The Legacy,Unknown,"Lucas Brown, Fatima Kim, Liam Brown",Germany,2010-03-05,2009,PG-13,142 min,Crime TV Shows,"An emotional story that explores family, ambition, and the human condition.",2010,3,5,Germany,Crime TV Shows,Movie,142.0,
s22,Movie,A Story,Aiko Diaz,"Liam Tanaka, Wei Kim, Amara Smith, Omar Johnson",Italy,2017-01-04,2016,R,85 min,Thrillers,"An emotional story that explores family, ambition, and the human condition.",2017,1,4,Italy,Thrillers,Movie,85.0,
s403,Movie,Silent Kingdom,Kenji Diaz,"Elena Tanaka, Omar Rossi, Lucas Costa",Mexico,2003-01-18,2001,R,120 min,"Comedies, International Movies","An emotional story that explores family, ambition, and the human condition.",2003,1,18,Mexico,Comedies,Movie,120.0,
s1108,Movie,Broken Heart,Unknown,"Sofia Johnson, Lucas Khan, Amara Costa, Kenji Brown, Omar Rossi",Japan,2021-09-24,2021,PG-13,164 min,International Movies,"An emotional story that explores family, ambition, and the human condition.",2021,9,24,Japan,International Movies,Movie,164.0,
s1155,Movie,A Kingdom,Kenji Costa,"Kenji Nguyen, Priya Kim, Liam Tanaka, Fatima Tanaka",Canada,2008-02-17,2007,TV-Y,75 min,"Kids' TV, Stand-Up Comedy, International Movies","An emotional story that explores family, ambition, and the human condition.",2008,2,17,Canada,Kids' TV,Movie,75.0,
s742,TV Show,Golden Heart,Liam Johnson,"Amara Garcia, Maria Diaz, Wei Brown, Lucas Nguyen, James Smith",Egypt,2015-09-11,2014,TV-MA,6 Seasons,"Action & Adventure, Anime","An emotional story that explores family, ambition, and the human condition.",2015,9,11,Egypt,Action & Adventure,TV Show,,6.0
s1148,TV Show,Golden World,Unknown,Carlos Smith,United Kingdom,2019-03-30,2017,TV-G,2 Seasons,"Action & Adventure, Crime TV Shows","An emotional story that explores family, ambition, and the human condition.",2019,3,30,United Kingdom,Action & Adventure,TV Show,,2.0
s34,Movie,Rising Dream,Elena Rossi,"Sofia Rossi, James Rossi, Amara Garcia",Canada,2006-08-13,2006,TV-PG,89 min,Romantic Movies,"An emotional story that explores family, ambition, and the human condition.",2006,8,13,Canada,Romantic Movies,Movie,89.0,
s788,TV Show,A Journey,Unknown,"Fatima Chen, Lucas Diaz, Sofia Sharma, Elena Smith, Lucas Garcia",Spain,2023-07-15,2022,TV-Y,3 Seasons,"Sci-Fi & Fantasy, Action & Adventure","An emotional story that explores family, ambition, and the human condition.",2023,7,15,Spain,Sci-Fi & Fantasy,TV Show,,3.0
s924,TV Show,The City,James Brown,"Sofia Costa, James Smith, Elena Muller, Wei Silva, Noah Nguyen",Germany,2009-10-22,2008,TV-MA,6 Seasons,"Thrillers, International Movies","An emotional story that explores family, ambition, and the human condition.",2009,10,22,Germany,Thrillers,TV Show,,6.0
s580,TV Show,Broken Shadow,Amara Chen,Wei Kim,Spain,2024-03-10,2022,TV-MA,7 Seasons,"Reality TV, Romantic Movies, Dramas","An emotional story that explores family, ambition, and the human condition.",2024,3,10,Spain,Reality TV,TV Show,,7.0
s482,Movie,Broken Kingdom,Kenji Muller,"Omar Muller, Wei Silva, Omar Kim, Fatima Costa",Australia,2012-11-21,2012,TV-14,154 min,"Sci-Fi & Fantasy, Thrillers","An emotional story that explores family, ambition, and the human condition.",2012,11,21,Australia,Sci-Fi & Fantasy,Movie,154.0,
s932,TV Show,A Dream,Priya Khan,"Maria Smith, Fatima Costa, James Muller, Elena Kim",Unknown,2006-08-22,2006,TV-G,7 Seasons,Sci-Fi & Fantasy,"An emotional story that explores family, ambition, and the human condition.",2006,8,22,Unknown,Sci-Fi & Fantasy,TV Show,,7.0
s357,TV Show,Silent Shadow,Liam Khan,"Sofia Nguyen, Noah Silva",Unknown,2019-07-17,2017,TV-14,7 Seasons,Stand-Up Comedy,"An emotional story that explores family, ambition, and the human condition.",2019,7,17,Unknown,Stand-Up Comedy,TV Show,,7.0
s760,Movie,Broken Legacy,Priya Costa,"Liam Rossi, Wei Diaz, Maria Muller",Italy,2014-09-05,2013,TV-MA,134 min,"Crime TV Shows, Kids' TV, Anime","An emotional story that explores family, ambition, and the human condition.",2014,9,5,Italy,Crime TV Shows,Movie,134.0,
s93,Movie,Last City,James Silva,"Lucas Silva, Fatima Silva, Sofia Diaz, Sofia Smith",Japan,2017-05-23,2017,NR,118 min,"Sci-Fi & Fantasy, International Movies, Stand-Up Comedy","An emotional story that explores family, ambition, and the human condition.",2017,5,23,Japan,Sci-Fi & Fantasy,Movie,118.0,
s1176,Movie,Silent Story,Omar Johnson,"Omar Garcia, Kenji Rossi, Sofia Kim, Priya Garcia",Brazil,2002-08-07,2001,TV-MA,65 min,"Crime TV Shows, Stand-Up Comedy, Anime","An emotional story that explores family, ambition, and the human condition.",2002,8,7,Brazil,Crime TV Shows,Movie,65.0,
s804,Movie,A City,Elena Rossi,"Sofia Kim, Liam Muller",United Kingdom,2010-06-05,2008,TV-MA,74 min,"Dramas, Crime TV Shows","An emotional story that explores family, ambition, and the human condition.",2010,6,5,United Kingdom,Dramas,Movie,74.0,
s746,Movie,Hidden Story,Wei Muller,"Liam Kim, Sofia Tanaka, Wei Khan, Sofia Garcia, Carlos Smith",Italy,2016-05-12,2015,R,172 min,"Sci-Fi & Fantasy, Action & Adventure","An emotional story that explores family, ambition, and the human condition.",2016,5,12,Italy,Sci-Fi & Fantasy,Movie,172.0,
s280,Movie,The World,Unknown,Sofia Khan,Germany,2012-05-27,2010,TV-14,144 min,Anime,"An emotional story that explores family, ambition, and the human condition.",2012,5,27,Germany,Anime,Movie,144.0,
s765,Movie,Midnight Journey,Lucas Brown,"Fatima Kim, Priya Rossi, James Smith, Kenji Garcia, Wei Silva",United Kingdom,2018-07-16,2017,TV-Y,77 min,"Crime TV Shows, Romantic Movies","An emotional story that explores family, ambition, and the human condition.",2018,7,16,United Kingdom,Crime TV Shows,Movie,77.0,
s605,Movie,Secret World,Unknown,"Amara Sharma, Noah Khan, Maria Johnson, Elena Rossi, Aiko Diaz",Brazil,2003-05-14,2002,TV-G,80 min,"Crime TV Shows, Romantic Movies","An emotional story that explores family, ambition, and the human condition.",2003,5,14,Brazil,Crime TV Shows,Movie,80.0,
s538,TV Show,Midnight World,James Kim,"Liam Smith, Amara Diaz, Carlos Silva, Kenji Smith",Egypt,2021-08-29,2019,NR,4 Seasons,Dramas,"An emotional story that explores family, ambition, and the human condition.",2021,8,29,Egypt,Dramas,TV Show,,4.0
s258,Movie,A Legacy,Unknown,"Liam Rossi, Liam Tanaka, Sofia Tanaka, Noah Chen",South Korea,2018-12-23,2017,PG,156 min,"Stand-Up Comedy, Documentaries, Action & Adventure","An emotional story that explores family, ambition, and the human condition.",2018,12,23,South Korea,Stand-Up Comedy,Movie,156.0,
s945,Movie,Broken Kingdom,Priya Kim,"Elena Brown, Elena Brown, Aiko Rossi",United Kingdom,2010-02-27,2009,TV-MA,136 min,"Action & Adventure, Kids' TV, Documentaries","An emotional story that explores family, ambition, and the human condition.",2010,2,27,United Kingdom,Action & Adventure,Movie,136.0,
s1097,Movie,Rising Heart,Unknown,"James Johnson, Priya Sharma, Aiko Diaz, Maria Johnson",Nigeria,2019-02-28,2018,PG,111 min,"Anime, Dramas","An emotional story that explores family, ambition, and the human condition.",2019,2,28,Nigeria,Anime,Movie,111.0,
s1162,Movie,Rising Shadow,Unknown,Unknown,Australia,2022-05-19,2021,R,108 min,"Anime, Stand-Up Comedy","An emotional story that explores family, ambition, and the human condition.",2022,5,19,Australia,Anime,Movie,108.0,
s495,Movie,Secret Heart,Carlos Tanaka,"Liam Nguyen, Noah Johnson",India,2020-02-28,2019,PG,108 min,"Crime TV Shows, Kids' TV","An emotional story that explores family, ambition, and the human condition.",2020,2,28,India,Crime TV Shows,Movie,108.0,
s773,TV Show,The Journey,Fatima Kim,"Maria Tanaka, Wei Kim",Italy,2005-01-24,2004,PG,4 Seasons,"Thrillers, Dramas","An emotional story that explores family, ambition, and the human condition.",2005,1,24,Italy,Thrillers,TV Show,,4.0
s551,TV Show,Broken City,Elena Garcia,Fatima Kim,Mexico,2015-11-28,2015,TV-MA,6 Seasons,"Anime, Reality TV","An emotional story that explores family, ambition, and the human condition.",2015,11,28,Mexico,Anime,TV Show,,6.0
s202,Movie,Broken City,Amara Tanaka,"Maria Tanaka, Noah Brown",Nigeria,2022-02-13,2021,TV-PG,155 min,"Crime TV Shows, Romantic Movies","An emotional story that explores family, ambition, and the human condition.",2022,2,13,Nigeria,Crime TV Shows,Movie,155.0,
s313,Movie,Midnight Truth,Unknown,Amara Nguyen,Australia,2004-08-15,2003,TV-14,147 min,"Reality TV, International Movies, Kids' TV","An emotional story that explores family, ambition, and the human condition.",2004,8,15,Australia,Reality TV,Movie,147.0,
s291,TV Show,Rising Story,Omar Johnson,"Aiko Sharma, Fatima Silva, Lucas Nguyen",Unknown,2022-09-19,2021,PG-13,6 Seasons,Action & Adventure,"An emotional story that explores family, ambition, and the human condition.",2022,9,19,Unknown,Action & Adventure,TV Show,,6.0
s764,Movie,Hidden Truth,Amara Nguyen,"Fatima Muller, Sofia Tanaka",Brazil,2008-10-08,2007,TV-PG,111 min,"Anime, Sci-Fi & Fantasy, Documentaries","An emotional story that explores family, ambition, and the human condition.",2008,10,8,Brazil,Anime,Movie,111.0,
s1137,TV Show,Broken City,Noah Sharma,Omar Smith,Unknown,2000-01-22,1998,TV-14,3 Seasons,"Action & Adventure, Kids' TV","An emotional story that explores family, ambition, and the human condition.",2000,1,22,Unknown,Action & Adventure,TV Show,,3.0
s950,TV Show,A Kingdom,Elena Silva,Aiko Silva,Australia,2004-02-04,2002,PG,3 Season,"Documentaries, Stand-Up Comedy, Reality TV","An emotional story that explores family, ambition, and the human condition.",2004,2,4,Australia,Documentaries,TV Show,,3.0
s184,Movie,Midnight Journey,Wei Smith,"Sofia Smith, Lucas Costa, Kenji Rossi",France,2020-10-18,2019,TV-PG,164 min,"Comedies, Sci-Fi & Fantasy, Kids' TV","An emotional story that explores family, ambition, and the human condition.",2020,10,18,France,Comedies,Movie,164.0,
s1177,Movie,Secret Heart,Unknown,Unknown,United Kingdom,2014-03-26,2012,TV-G,120 min,"Documentaries, Stand-Up Comedy, Action & Adventure","An emotional story that explores family, ambition, and the human condition.",2014,3,26,United Kingdom,Documentaries,Movie,120.0,
s1069,TV Show,Last Truth,Unknown,"Sofia Nguyen, Liam Silva",United Kingdom,2014-11-11,2014,TV-G,7 Seasons,"Crime TV Shows, Reality TV","An emotional story that explores family, ambition, and the human condition.",2014,11,11,United Kingdom,Crime TV Shows,TV Show,,7.0
s1031,TV Show,Secret Heart,Omar Costa,Unknown,Egypt,2010-06-24,2009,NR,2 Seasons,"Anime, Documentaries, Comedies","An emotional story that explores family, ambition, and the human condition.",2010,6,24,Egypt,Anime,TV Show,,2.0
s251,Movie,Golden World,Unknown,"Maria Chen, Carlos Nguyen, James Khan",Mexico,2022-11-29,2021,PG-13,149 min,"Reality TV, Horror Movies, Stand-Up Comedy","An emotional story that explores family, ambition, and the human condition.",2022,11,29,Mexico,Reality TV,Movie,149.0,
s824,TV Show,A World,Priya Sharma,"Omar Garcia, Elena Brown, Fatima Chen, Carlos Silva, Carlos Costa",Japan,1999-12-28,1998,TV-G,8 Season,"Crime TV Shows, Documentaries, Thrillers","An emotional story that explores family, ambition, and the human condition.",1999,12,28,Japan,Crime TV Shows,TV Show,,8.0
s1100,Movie,Midnight Dream,Carlos Smith,"Elena Johnson, Liam Diaz",France,2006-09-25,2006,TV-G,88 min,"Anime, Documentaries, Comedies","An emotional story that explores family, ambition, and the human condition.",2006,9,25,France,Anime,Movie,88.0,
s941,Movie,Broken World,Unknown,"Elena Muller, Maria Silva, Omar Khan, Sofia Smith",United States,2011-05-31,2009,TV-G,150 min,"Crime TV Shows, Dramas","An emotional story that explores family, ambition, and the human condition.",2011,5,31,United States,Crime TV Shows,Movie,150.0,
s905,Movie,Last City,Wei Chen,"Liam Kim, Fatima Kim",Australia,2018-02-09,2017,R,182 min,International Movies,"An emotional story that explores family, ambition, and the human condition.",2018,2,9,Australia,International Movies,Movie,182.0,
s731,Movie,Last Shadow,Fatima Kim,Unknown,United Kingdom,2009-09-04,2009,TV-MA,79 min,"Documentaries, Reality TV","An emotional story that explores family, ambition, and the human condition.",2009,9,4,United Kingdom,Documentaries,Movie,79.0,
s555,Movie,A Dream,Fatima Costa,"Liam Brown, James Chen, Amara Silva",Brazil,2008-01-16,2007,NR,66 min,Stand-Up Comedy,"An emotional story that explores family, ambition, and the human condition.",2008,1,16,Brazil,Stand-Up Comedy,Movie,66.0,
s367,Movie,The Journey,Noah Kim,"Sofia Costa, Noah Johnson, Wei Chen",Australia,2015-11-13,2014,NR,164 min,"Reality TV, Dramas, Romantic Movies","An emotional story that explores family, ambition, and the human condition.",2015,11,13,Australia,Reality TV,Movie,164.0,
s346,Movie,Midnight World,James Smith,"Sofia Silva, Aiko Nguyen, Lucas Silva, Amara Brown, Noah Garcia",Egypt,2000-11-13,1999,TV-MA,174 min,"Horror Movies, Documentaries","An emotional story that explores family, ambition, and the human condition.",2000,11,13,Egypt,Horror Movies,Movie,174.0,
s536,Movie,Rising Kingdom,Lucas Brown,"Carlos Nguyen, Noah Khan, Noah Garcia",Egypt,2022-12-30,2022,TV-G,123 min,"Sci-Fi & Fantasy, International Movies, Anime","An emotional story that explores family, ambition, and the human condition.",2022,12,30,Egypt,Sci-Fi & Fantasy,Movie,123.0,
s920,Movie,Silent City,Unknown,"Amara Brown, Liam Khan",Egypt,2016-01-15,2015,TV-14,186 min,Horror Movies,"An emotional story that explores family, ambition, and the human condition.",2016,1,15,Egypt,Horror Movies,Movie,186.0,
s212,Movie,Broken Kingdom,Sofia Tanaka,"Wei Johnson, Carlos Khan, Fatima Kim, Noah Sharma, Lucas Diaz",India,2018-02-20,2016,PG,138 min,"Anime, Crime TV Shows","An emotional story that explores family, ambition, and the human condition.",2018,2,20,India,Anime,Movie,138.0,
s503,TV Show,Rising Shadow,Unknown,"Amara Muller, Noah Garcia, James Khan",Brazil,2007-10-28,2007,NR,8 Seasons,International Movies,"An emotional story that explores family, ambition, and the human condition.",2007,10,28,Brazil,International Movies,TV Show,,8.0
s176,TV Show,The Kingdom,Unknown,Lucas Rossi,Mexico,2002-04-17,2001,PG,8 Season,Reality TV,"An emotional story that explores family, ambition, and the human condition.",2002,4,17,Mexico,Reality TV,TV Show,,8.0
