show_id,type,title,director,cast,country,date_added,release_year,rating,duration,listed_in,description
s52,Movie,Last Shadow,Noah Garcia,"Priya Johnson, Fatima Muller, Sofia Garcia, Priya Muller",  australia  ,"September 21, 2002",2001,TV-G,91 min,"Romantic Movies, Anime","An emotional story that explores family, ambition, and the human condition."
s523,Movie,Last Story,Fatima Diaz,"Lucas Costa, Priya Nguyen",Spain,"Dec 07, 2009",2009,TV-Y,172 min,Kids' TV,"An emotional story that explores family, ambition, and the human condition."
s180,Movie,Broken Truth,Carlos Nguyen,"Amara Diaz, Omar Muller, Kenji Tanaka",Australia,"Oct 01, 2003",2001,PG,98 min,"Comedies, Sci-Fi & Fantasy, Horror Movies","An emotional story that explores family, ambition, and the human condition."
s1174,TV Show,The Story,,"Priya Johnson, Priya Sharma",Brazil,07/02/2015,2014,TV-G,1 Seasons,"Kids' TV, Romantic Movies, Documentaries","An emotional story that explores family, ambition, and the human condition."
s938,Movie,Midnight City,Amara Muller,"Sofia Johnson, Omar Nguyen, Kenji Rossi",Australia,2023-04-01,2022,PG,159 min,"Action & Adventure, Kids' TV, Stand-Up Comedy","An emotional story that explores family, ambition, and the human condition."
s1153,TV Show,Midnight Legacy,Carlos Nguyen,Lucas Diaz,France,"April 30, 2004",2002,TV-G,8 Seasons,"Romantic Movies, Reality TV","An emotional story that explores family, ambition, and the human condition."
s206,TV Show,Silent Story,Priya Garcia,"Kenji Johnson, Aiko Kim, Amara Tanaka, Lucas Khan",Japan,"October 19, 2014",2014,PG,1 Seasons,Kids' TV,"An emotional story that explores family, ambition, and the human condition."
s1091,Movie,Broken Truth,Omar Brown,"Wei Sharma, Amara Chen",  spain  ,,2018,TV-PG,180 min,Thrillers,"An emotional story that explores family, ambition, and the human condition."
s657,Movie,Broken World,Sofia Khan,Aiko Kim,United Kingdom,"April 23, 2005",2005,TV-14,77 min,"International Movies, Documentaries, Romantic Movies","An emotional story that explores family, ambition, and the human condition."
s1115,TV Show,The Dream,,"Fatima Diaz, Sofia Rossi, Wei Smith",Egypt,"Sep 19, 2012",2011,PG-13,3 Seasons,Dramas,"An emotional story that explores family, ambition, and the human condition."
s35,Movie,Hidden Story,,"Maria Kim, Aiko Costa, Carlos Johnson, Lucas Kim",Nigeria,"Jan 12, 2014",2012,TV-PG,147 min,Dramas,"An emotional story that explores family, ambition, and the human condition."
s736,TV Show,Last Story,Kenji Diaz,"Kenji Kim, James Nguyen, Carlos Tanaka",Canada,11/27/2021,2020,TV-14,2 Seasons,"Stand-Up Comedy, Documentaries","An emotional story that explores family, ambition, and the human condition."
s64,Movie,A Shadow,Fatima Nguyen,"Maria Kim, Kenji Brown, Noah Khan, James Khan, Carlos Chen",Japan,"Mar 26, 2009",2008,TV-14,189 min,"Sci-Fi & Fantasy, Kids' TV, Stand-Up Comedy","An emotional story that explores family, ambition, and the human condition."
s642,TV Show,Secret Heart,Maria Silva,"Noah Johnson, Noah Silva",South Korea,10/03/2004,2004,,4 Season,"Anime, Sci-Fi & Fantasy, Romantic Movies","An emotional story that explores family, ambition, and the human condition."
s762,Movie,Hidden Legacy,Noah Kim,,Japan,"December 29, 2010",2009,TV-G,68 min,Horror Movies,"An emotional story that explores family, ambition, and the human condition."
s928,Movie,The Dream,Liam Muller,"Elena Costa, Fatima Chen, Carlos Smith, Liam Chen",  united kingdom  ,2021-02-20,2019,TV-Y,102 min,Action & Adventure,"An emotional story that explores family, ambition, and the human condition."
s455,TV Show,Broken Shadow,,"Kenji Sharma, Kenji Rossi",Canada,2010-10-25,2009,R,7 Seasons,Anime,"An emotional story that explores family, ambition, and the human condition."
s356,Movie,Last Shadow,Elena Kim,"Fatima Muller, Wei Johnson",South Korea,,2001,PG-13,171 min,"Action & Adventure, Dramas, Sci-Fi & Fantasy","An emotional story that explores family, ambition, and the human condition."
s1074,Movie,Midnight City,,"Lucas Diaz, Carlos Diaz, James Chen, Omar Sharma",Mexico,2005-07-26,2004,TV-PG,180 min,"Crime TV Shows, Dramas","An emotional story that explores family, ambition, and the human condition."
s446,Movie,Midnight Journey,Liam Muller,"Amara Khan, Wei Diaz, Kenji Garcia, Fatima Brown",  germany  ,2017-10-23,2016,TV-MA,100 min,"Action & Adventure, Reality TV","An emotional story that explores family, ambition, and the human condition."
s351,Movie,Midnight Truth,Liam Sharma,"Wei Johnson, Wei Muller, Kenji Sharma, Lucas Sharma, Kenji Sharma",Brazil,"Jul 22, 2003",2001,PG,144 min,"Dramas, Anime, Thrillers","An emotional story that explores family, ambition, and the human condition."
s173,TV Show,The City,Priya Johnson,"Wei Rossi, Liam Johnson, Fatima Rossi, James Nguyen",Egypt,2006-07-28,2005,TV-14,8 Seasons,"Anime, Horror Movies","An emotional story that explores family, ambition, and the human condition."
s514,Movie,Hidden Shadow,Maria Garcia,"Wei Rossi, Priya Kim, Omar Johnson, Aiko Costa, Wei Costa",  united kingdom  ,2012-12-12,2011,TV-PG,142 min,Reality TV,"An emotional story that explores family, ambition, and the human condition."
s628,Movie,Midnight Dream,,"Kenji Khan, Carlos Diaz",  nigeria  ,,2004,TV-Y,127 min,Horror Movies,"An emotional story that explores family, ambition, and the human condition."
s221,Movie,Secret Legacy,Aiko Garcia,"Fatima Smith, Wei Johnson, Carlos Rossi, Maria Brown",United States,"Feb 24, 2020",2018,TV-14,184 min,Action & Adventure,"An emotional story that explores family, ambition, and the human condition."
s791,TV Show,Midnight Journey,,"Priya Rossi, Omar Johnson, Kenji Sharma, Fatima Brown",France,02/09/2023,2021,TV-Y,3 Seasons,Documentaries,"An emotional story that explores family, ambition, and the human condition."
s373,Movie,Golden Legacy,Priya Sharma,"Kenji Costa, Lucas Rossi, Kenji Smith, Aiko Tanaka",Spain,2004-05-15,2003,PG,74 min,"Kids' TV, Comedies","An emotional story that explores family, ambition, and the human condition."
s254,TV Show,A Legacy,,"James Rossi, Lucas Silva, Kenji Costa",Canada,"April 09, 2021",2020,TV-PG,2 Seasons,"Comedies, Dramas","An emotional story that explores family, ambition, and the human condition."
s1039,TV Show,Secret Dream,Omar Chen,"Fatima Tanaka, James Chen, Noah Costa, Carlos Rossi",Egypt,2010-08-14,2009,,1 Seasons,"Documentaries, Romantic Movies","An emotional story that explores family, ambition, and the human condition."
s632,Movie,Golden Truth,Elena Sharma,"Lucas Kim, Maria Rossi, Maria Smith",Canada,"May 10, 2007",2007,,161 min,"Documentaries, Reality TV, Dramas","An emotional story that explores family, ambition, and the human condition."
s453,Movie,Last Kingdom,,"Elena Brown, Noah Tanaka, Kenji Costa, Carlos Chen",India,05/10/2008,2007,TV-G,125 min,"Kids' TV, Stand-Up Comedy","An emotional story that explores family, ambition, and the human condition."
s545,Movie,Hidden Legacy,Sofia Costa,,Mexico,03/13/2010,2009,TV-14,166 min,Horror Movies,"An emotional story that explores family, ambition, and the human condition."
s526,Movie,Secret Journey,,Noah Brown,United States,"Dec 22, 2009",2009,TV-14,144 min,"Anime, Romantic Movies","An emotional story that explores family, ambition, and the human condition."
s190,TV Show,Golden Heart,Noah Chen,"Sofia Nguyen, Carlos Tanaka",Mexico,"August 13, 2023",2022,TV-14,3 Seasons,"Comedies, Documentaries","An emotional story that explores family, ambition, and the human condition."
s102,TV Show,Secret Truth,Priya Tanaka,"Carlos Costa, James Tanaka, Omar Tanaka",India,2021-04-17,2019,NR,1 Seasons,"Sci-Fi & Fantasy, International Movies","An emotional story that explores family, ambition, and the human condition."
s735,Movie,Last Shadow,Amara Smith,"Liam Silva, Liam Johnson, Carlos Nguyen, Carlos Muller",Egypt,09/13/2019,2019,NR,187 min,"Action & Adventure, International Movies, Horror Movies","An emotional story that explores family, ambition, and the human condition."
s335,Movie,Hidden Shadow,,Liam Garcia,,2000-03-01,1998,PG,149 min,"Anime, Stand-Up Comedy, Reality TV","An emotional story that explores family, ambition, and the human condition."
s998,Movie,A Dream,,"Wei Smith, Omar Chen",Australia,1998-10-03,1998,TV-14,71 min,Romantic Movies,"An emotional story that explores family, ambition, and the human condition."
s447,TV Show,A Kingdom,,"Lucas Diaz, Wei Muller",Brazil,"Sep 08, 2000",1999,PG,6 Seasons,"Reality TV, Romantic Movies, Dramas","An emotional story that explores family, ambition, and the human condition."
s171,TV Show,A Kingdom,Priya Silva,Maria Nguyen,United States,"May 19, 2017",2015,TV-MA,7 Season,Reality TV,"An emotional story that explores family, ambition, and the human condition."
s633,TV Show,Broken Legacy,,"Sofia Diaz, Wei Sharma, Carlos Diaz, Kenji Rossi",United States,"Nov 21, 1999",1999,NR,8 Seasons,"Documentaries, Stand-Up Comedy, Comedies","An emotional story that explores family, ambition, and the human condition."
s370,TV Show,Last Legacy,,"Elena Silva, Omar Garcia",,"November 27, 2020",2019,R,6 Seasons,"Thrillers, Documentaries","An emotional story that explores family, ambition, and the human condition."
s286,Movie,Last Story,James Sharma,"Elena Diaz, Liam Chen",Japan,"December 22, 2019",2019,PG,179 min,"Dramas, International Movies, Romantic Movies","An emotional story that explores family, ambition, and the human condition."
s1034,Movie,Midnight Heart,Kenji Muller,Maria Brown,France,"August 28, 2007",2005,R,92 min,"Sci-Fi & Fantasy, Dramas","An emotional story that explores family, ambition, and the human condition."
s573,Movie,Broken Shadow,Fatima Kim,"Aiko Johnson, Maria Johnson",France,12/20/2007,2006,R,118 min,"Anime, Action & Adventure, Horror Movies","An emotional story that explores family, ambition, and the human condition."
s28,Movie,Secret Kingdom,Kenji Rossi,"Lucas Smith, Fatima Muller, Liam Kim, Fatima Garcia, Noah Kim",Egypt,2008-10-20,2007,TV-Y,185 min,Stand-Up Comedy,"An emotional story that explores family, ambition, and the human condition."
s427,Movie,Golden Dream,Wei Smith,,Japan,"Apr 21, 2008",2006,TV-G,131 min,"Horror Movies, International Movies","An emotional story that explores family, ambition, and the human condition."
s1200,Movie,Rising Kingdom,Omar Garcia,"Sofia Silva, Lucas Kim, Kenji Kim, Kenji Tanaka",Nigeria,"August 26, 2017",2017,R,168 min,"Horror Movies, Crime TV Shows, Dramas","An emotional story that explores family, ambition, and the human condition."
s279,Movie,A Truth,Lucas Johnson,"Aiko Chen, Kenji Silva",South Korea,2022-04-27,2022,TV-14,170 min,"Reality TV, Sci-Fi & Fantasy, International Movies","An emotional story that explores family, ambition, and the human condition."
s1111,Movie,Midnight Truth,Sofia Nguyen,Wei Nguyen,  france  ,2007-02-14,2006,NR,95 min,Dramas,"An emotional story that explores family, ambition, and the human condition."
s666,Movie,Last World,Priya Muller,Sofia Chen,Nigeria,2013-06-30,2012,TV-Y,149 min,Reality TV,"An emotional story that explores family, ambition, and the human condition."
s962,TV Show,Silent World,Maria Rossi,,Egypt,2022-12-18,2022,NR,6 Season,Romantic Movies,"An emotional story that explores family, ambition, and the human condition."
s651,Movie,Last Kingdom,,"Amara Costa, Fatima Garcia, Carlos Brown, Kenji Smith",United States,"Jan 29, 2007",2006,TV-MA,89 min,"Action & Adventure, Dramas","An emotional story that explores family, ambition, and the human condition."
s681,Movie,The Dream,,"Aiko Nguyen, Sofia Nguyen",Nigeria,"Oct 11, 2013",2013,TV-MA,98 min,Romantic Movies,"An emotional story that explores family, ambition, and the human condition."
s499,Movie,Golden Journey,,"Amara Nguyen, Lucas Johnson, James Khan, Maria Brown, Sofia Diaz",India,"May 09, 2007",2006,NR,135 min,Anime,"An emotional story that explores family, ambition, and the human condition."
s114,Movie,Broken Legacy,Sofia Muller,"James Diaz, Priya Diaz, Aiko Sharma, Lucas Silva, Elena Diaz",,12/15/2013,2012,TV-PG,163 min,"Romantic Movies, Sci-Fi & Fantasy, Reality TV","An emotional story that explores family, ambition, and the human condition."
s129,TV Show,Last Kingdom,,"Fatima Diaz, Aiko Kim, Amara Chen, Omar Brown",Spain,2006-06-27,2006,TV-Y,5 Seasons,"Sci-Fi & Fantasy, Action & Adventure","An emotional story that explores family, ambition, and the human condition."
s653,TV Show,Silent Heart,,"Aiko Diaz, Priya Johnson",,2006-06-01,2004,TV-G,8 Seasons,Stand-Up Comedy,"An emotional story that explores family, ambition, and the human condition."
s674,Movie,Hidden Legacy,,"Aiko Muller, Sofia Smith, Wei Garcia, Sofia Diaz",France,"Oct 14, 2011",2011,TV-PG,119 min,Documentaries,"An emotional story that explores family, ambition, and the human condition."
s47,Movie,Rising Legacy,Elena Chen,"Lucas Silva, Amara Nguyen, Fatima Johnson, Maria Sharma",United Kingdom,2016-03-20,2014,NR,121 min,"Comedies, Sci-Fi & Fantasy","An emotional story that explores family, ambition, and the human condition."
s1150,TV Show,A Heart,Carlos Muller,"James Chen, Wei Smith, Liam Garcia",  united states  ,"Dec 26, 2004",2004,TV-G,8 Season,Crime TV Shows,"An emotional story that explores family, ambition, and the human condition."
s1189,Movie,Rising Journey,Priya Kim,"Elena Khan, Wei Chen, Noah Costa, Kenji Rossi",Brazil,"Jan 18, 2022",2020,NR,142 min,Action & Adventure,"An emotional story that explores family, ambition, and the human condition."
s397,Movie,A Kingdom,Liam Kim,"Wei Chen, Fatima Chen, Amara Chen, Aiko Sharma",India,"Oct 28, 2004",2004,R,182 min,"Reality TV, Romantic Movies","An emotional story that explores family, ambition, and the human condition."
s510,Movie,Secret Legacy,Kenji Brown,,  france  ,2009-06-23,2008,PG,99 min,"International Movies, Crime TV Shows","An emotional story that explores family, ambition, and the human condition."
s798,Movie,Hidden Truth,Carlos Kim,"Omar Costa, Liam Johnson, Sofia Muller, Priya Kim",India,2005-02-15,2004,PG-13,119 min,Romantic Movies,"An emotional story that explores family, ambition, and the human condition."
s456,Movie,The Legacy,,"Elena Nguyen, Maria Diaz, Priya Kim, Priya Brown, Liam Khan",Germany,12/01/2005,2005,TV-PG,160 min,"Romantic Movies, Reality TV, International Movies","An emotional story that explores family, ambition, and the human condition."
s1134,Movie,Golden Legacy,Lucas Kim,"Omar Garcia, James Chen, Kenji Khan",Brazil,08/03/2000,1998,PG,181 min,"Romantic Movies, Crime TV Shows","An emotional story that explores family, ambition, and the human condition."
s644,Movie,Broken World,Fatima Brown,"Elena Johnson, James Kim, Carlos Khan, Sofia Johnson, Sofia Smith",United States,"April 27, 2010",2008,TV-14,131 min,"Action & Adventure, Stand-Up Comedy, Documentaries","An emotional story that explores family, ambition, and the human condition."
s661,TV Show,Hidden Journey,Noah Chen,"Liam Johnson, Omar Muller, Kenji Diaz, James Silva, Sofia Garcia",Spain,,2018,TV-Y,1 Seasons,Anime,"An emotional story that explores family, ambition, and the human condition."
s725,Movie,The Heart,Noah Sharma,"Maria Johnson, Amara Chen, Omar Smith, Aiko Diaz, Amara Muller",India,"Mar 07, 2019",2017,TV-PG,106 min,"Documentaries, Sci-Fi & Fantasy, Action & Adventure","An emotional story that explores family, ambition, and the human condition."
s925,Movie,Rising World,Priya Silva,Noah Khan,Egypt,"March 29, 2023",2022,,139 min,Anime,"An emotional story that explores family, ambition, and the human condition."
s621,Movie,Silent Truth,,"Omar Diaz, Aiko Kim, Priya Rossi, Carlos Khan",Mexico,"Sep 15, 2009",2008,TV-PG,78 min,"International Movies, Action & Adventure","An emotional story that explores family, ambition, and the human condition."
s221,Movie,Secret Legacy,Aiko Garcia,"Fatima Smith, Wei Johnson, Carlos Rossi, Maria Brown",United States,"Feb 24, 2020",2018,TV-14,184 min,Action & Adventure,"An emotional story that explores family, ambition, and the human condition."
s409,TV Show,A World,Wei Kim,"James Garcia, Aiko Brown",Brazil,"April 09, 2005",2004,TV-Y,1 Seasons,"Anime, Reality TV","An emotional story that explores family, ambition, and the human condition."
s922,Movie,Silent Truth,Noah Smith,"Priya Silva, Kenji Kim, Priya Silva, Noah Khan, Kenji Rossi",France,09/03/2009,2009,TV-G,149 min,International Movies,"An emotional story that explores family, ambition, and the human condition."
s285,TV Show,Rising Journey,Lucas Johnson,Priya Sharma,Germany,"Feb 13, 2014",2012,R,6 Seasons,"Comedies, Dramas, Thrillers","An emotional story that explores family, ambition, and the human condition."
s879,TV Show,Broken Journey,Sofia Khan,Omar Brown,Italy,"August 23, 2015",2014,PG-13,8 Seasons,"Anime, Sci-Fi & Fantasy","An emotional story that explores family, ambition, and the human condition."
s368,Movie,Secret Heart,Kenji Sharma,"Sofia Diaz, Fatima Nguyen, Sofia Rossi, Fatima Rossi",Japan,"October 08, 2022",2022,R,180 min,"Crime TV Shows, Documentaries","An emotional story that explores family, ambition, and the human condition."
s1175,Movie,Hidden Journey Hidden Journey,Wei Garcia,,Egypt,"Mar 02, 2019",2017,TV-MA,140 min,"Stand-Up Comedy, Anime","An emotional story that explores family, ambition, and the human condition."
s431,Movie,Hidden Shadow,,"Amara Smith, Omar Costa, Lucas Muller, Priya Muller, Amara Diaz",France,"Feb 21, 2023",2022,NR,126 min,International Movies,"An emotional story that explores family, ambition, and the human condition."
s759,Movie,Silent Heart,Lucas Chen,Fatima Johnson,,"Nov 30, 2008",2008,PG,61 min,"Anime, Action & Adventure","An emotional story that explores family, ambition, and the human condition."
s61,TV Show,Golden Legacy,,"Lucas Silva, Sofia Smith, Fatima Muller",,09/22/2013,2013,TV-14,1 Seasons,"Crime TV Shows, Kids' TV, Romantic Movies","An emotional story that explores family, ambition, and the human condition."
s229,TV Show,Midnight Journey,,Lucas Nguyen,Egypt,"Apr 09, 2014",2012,TV-G,2 Seasons,"Action & Adventure, Reality TV","An emotional story that explores family, ambition, and the human condition."
s826,Movie,Midnight Legacy,Elena Sharma,"Kenji Chen, Carlos Brown, Aiko Smith, Lucas Garcia",Australia,"Apr 07, 2007",2006,NR,127 min,"Documentaries, Crime TV Shows, Thrillers","An emotional story that explores family, ambition, and the human condition."
s362,TV Show,Midnight Heart,,"Sofia Silva, Kenji Muller, Omar Sharma, James Brown, Kenji Kim",United States,2000-08-03,1999,NR,7 Seasons,Stand-Up Comedy,"An emotional story that explores family, ambition, and the human condition."
s650,Movie,Silent Story,,"Maria Rossi, Maria Costa",,03/12/2019,2019,PG-13,148 min,"Romantic Movies, Stand-Up Comedy","An emotional story that explores family, ambition, and the human condition."
s542,Movie,Golden Truth,,Aiko Kim,India,"Mar 08, 2002",2000,TV-PG,88 min,"Dramas, Romantic Movies","An emotional story that explores family, ambition, and the human condition."
s1179,Movie,A Journey,Omar Chen,Noah Smith,Japan,2023-10-23,2021,TV-G,87 min,"Reality TV, Documentaries, Sci-Fi & Fantasy","An emotional story that explores family, ambition, and the human condition."
s1106,TV Show,Broken Heart,Omar Smith,"Wei Kim, Amara Tanaka",Australia,"Apr 30, 2009",2008,TV-G,4 Seasons,"Crime TV Shows, Stand-Up Comedy","An emotional story that explores family, ambition, and the human condition."
s111,Movie,Last Kingdom,Noah Muller,Maria Khan,Australia,,2006,TV-14,145 min,"Kids' TV, Documentaries, Crime TV Shows","An emotional story that explores family, ambition, and the human condition."
s529,Movie,The Dream,Priya Rossi,"Fatima Chen, Lucas Kim, Maria Garcia",Canada,2001-05-01,2000,TV-G,187 min,"Stand-Up Comedy, Crime TV Shows, Documentaries","An emotional story that explores family, ambition, and the human condition."
s627,Movie,Last Story,,"Liam Sharma, Wei Johnson, James Rossi, Amara Nguyen",Spain,04/04/2022,2022,TV-14,119 min,"Comedies, Action & Adventure","An emotional story that explores family, ambition, and the human condition."
s464,Movie,Midnight Kingdom,,,United Kingdom,,2002,TV-14,114 min,"Stand-Up Comedy, Action & Adventure, International Movies","An emotional story that explores family, ambition, and the human condition."
s1170,Movie,Rising Heart,,,Brazil,"Jul 14, 2022",2021,NR,127 min,Crime TV Shows,"An emotional story that explores family, ambition, and the human condition."
s290,Movie,The Shadow,Omar Chen,"Priya Diaz, Kenji Smith, Carlos Tanaka, Maria Smith",Canada,08/30/2001,2000,PG,128 min,"Crime TV Shows, Anime","An emotional story that explores family, ambition, and the human condition."
s10,Movie,Golden Kingdom,,"Wei Silva, Priya Tanaka, Elena Costa, Maria Sharma",Egypt,"July 28, 2022",2021,R,161 min,Romantic Movies,"An emotional story that explores family, ambition, and the human condition."
s817,Movie,Broken City,,"Lucas Johnson, Priya Brown",Spain,09/23/2016,2015,TV-Y,77 min,Comedies,"An emotional story that explores family, ambition, and the human condition."
s54,Movie,A Legacy,Fatima Chen,"Maria Garcia, Elena Garcia, Maria Brown, Maria Diaz",  nigeria  ,"August 17, 2015",2014,TV-Y,145 min,"Dramas, International Movies, Crime TV Shows","An emotional story that explores family, ambition, and the human condition."
s1016,Movie,Silent Journey,Carlos Costa,"Elena Nguyen, James Rossi, Fatima Brown",India,,2008,TV-14,88 min,Stand-Up Comedy,"An emotional story that explores family, ambition, and the human condition."
s768,Movie,Hidden Legacy,Carlos Nguyen,Aiko Silva,India,"May 09, 2008",2006,TV-G,63 min,Dramas,"An emotional story that explores family, ambition, and the human condition."
s398,Movie,Hidden Kingdom,,"Maria Silva, Maria Khan, James Rossi, Aiko Sharma",  nigeria  ,"January 16, 2011",2011,NR,99 min,Romantic Movies,"An emotional story that explores family, ambition, and the human condition."
s1126,Movie,The Dream,Aiko Khan,James Garcia,India,"Jan 25, 2023",2022,PG-13,180 min,"Crime TV Shows, Dramas, Comedies","An emotional story that explores family, ambition, and the human condition."
s263,Movie,Silent Dream,,"Priya Nguyen, Amara Tanaka, Amara Muller, Carlos Brown, Omar Muller",United States,2008-10-27,2007,TV-14,149 min,Stand-Up Comedy,"An emotional story that explores family, ambition, and the human condition."
s41,Movie,Golden Legacy,Priya Costa,"Amara Tanaka, Sofia Brown",Nigeria,2020-10-20,2019,TV-PG,110 min,"Dramas, Action & Adventure","An emotional story that explores family, ambition, and the human condition."
s110,Movie,Broken Kingdom,,Maria Silva,Brazil,"April 26, 2011",2010,PG-13,84 min,"Horror Movies, Sci-Fi & Fantasy","An emotional story that explores family, ambition, and the human condition."
s610,Movie,Last World,Elena Kim,"Fatima Rossi, Wei Costa, Priya Diaz, Elena Costa, Lucas Chen",Egypt,"February 28, 2008",2008,PG-13,171 min,"Comedies, Horror Movies","An emotional story that explores family, ambition, and the human condition."
s846,TV Show,A City,Lucas Johnson,"Elena Smith, James Chen, Elena Brown",Brazil,"Jun 03, 2008",2008,PG,5 Seasons,"Anime, Reality TV, Crime TV Shows","An emotional story that explores family, ambition, and the human condition."
s1066,Movie,Last Shadow,,"Priya Rossi, Carlos Smith, Amara Brown",Brazil,2005-02-28,2003,PG,73 min,"Thrillers, Comedies, Crime TV Shows","An emotional story that explores family, ambition, and the human condition."
s1084,TV Show,Broken Heart,Lucas Costa,"Noah Kim, Liam Smith",Nigeria,"Jun 08, 2002",2000,PG-13,7 Seasons,"Comedies, Documentaries, International Movies","An emotional story that explores family, ambition, and the human condition."
s84,Movie,Rising Dream,,"Lucas Sharma, Noah Sharma, Wei Rossi",United Kingdom,03/26/2014,2013,NR,138 min,"Kids' TV, Thrillers, Stand-Up Comedy","An emotional story that explores family, ambition, and the human condition."
s565,Movie,Rising Story,,"Lucas Nguyen, Sofia Johnson, Lucas Garcia",Japan,"Feb 08, 2004",2003,PG,113 min,"Stand-Up Comedy, Comedies, Thrillers","An emotional story that explores family, ambition, and the human condition."
s867,Movie,Midnight Dream,Lucas Muller,Liam Tanaka,  united kingdom  ,,2008,TV-MA,79 min,"Horror Movies, Crime TV Shows, International Movies","An emotional story that explores family, ambition, and the human condition."
s408,Movie,Last Heart,Amara Kim,,  australia  ,"May 24, 2002",2001,TV-14,183 min,"Thrillers, Action & Adventure","An emotional story that explores family, ambition, and the human condition."
s99,Movie,Hidden Journey,,"Aiko Johnson, Elena Johnson, James Chen, Noah Silva, Aiko Nguyen",Australia,"Sep 13, 2007",2005,TV-PG,165 min,"Kids' TV, Documentaries, Romantic Movies","An emotional story that explores family, ambition, and the human condition."
s634,TV Show,A Heart,Aiko Chen,"Carlos Rossi, Liam Muller, Kenji Silva, Aiko Brown, Carlos Nguyen",Canada,"Aug 06, 2010",2009,TV-14,2 Seasons,"Horror Movies, Stand-Up Comedy","An emotional story that explores family, ambition, and the human condition."
s1098,Movie,A World,Omar Diaz,"Amara Nguyen, Carlos Silva, James Silva",Germany,2017-12-18,2017,TV-14,136 min,Documentaries,"An emotional story that explores family, ambition, and the human condition."
s375,TV Show,Secret Kingdom,Noah Tanaka,"Carlos Silva, Amara Nguyen, Lucas Kim",Canada,"October 05, 2011",2010,PG-13,5 Seasons,"Sci-Fi & Fantasy, Romantic Movies","An emotional story that explores family, ambition, and the human condition."
s271,Movie,A Story,,"Carlos Chen, Lucas Garcia, Carlos Johnson",,09/10/2016,2016,TV-14,102 min,"Documentaries, Crime TV Shows","An emotional story that explores family, ambition, and the human condition."
s337,Movie,A City,Priya Sharma,"Sofia Tanaka, Aiko Silva, Sofia Nguyen, Elena Brown",,2001-10-10,2000,TV-G,119 min,"Crime TV Shows, Reality TV, Stand-Up Comedy","An emotional story that explores family, ambition, and the human condition."
s999,Movie,A Story,James Costa,Liam Costa,Italy,07/03/2008,2008,R,170 min,Romantic Movies,"An emotional story that explores family, ambition, and the human condition."
s152,Movie,Silent City,,,Mexico,04/30/2002,2002,TV-G,129 min,International Movies,"An emotional story that explores family, ambition, and the human condition."
s512,TV Show,A Kingdom,Sofia Muller,"Amara Brown, Noah Diaz, Maria Nguyen, Omar Muller, Lucas Smith",Mexico,05/13/2013,2012,PG,1 Seasons,Sci-Fi & Fantasy,"An emotional story that explores family, ambition, and the human condition."
s929,TV Show,Last Kingdom,Aiko Costa,"Priya Johnson, James Silva, Priya Silva",South Korea,"Apr 20, 2007",2006,PG,7 Seasons,Comedies,"An emotional story that explores family, ambition, and the human condition."
s620,TV Show,Broken World,Wei Diaz,"James Chen, Omar Garcia, Kenji Tanaka",,"March 19, 2017",2017,TV-MA,5 Seasons,"Kids' TV, Comedies, Dramas","An emotional story that explores family, ambition, and the human condition."
s1094,TV Show,Broken City,Noah Silva,"Liam Tanaka, Noah Smith, Elena Chen, James Kim",India,"September 09, 2012",2010,TV-MA,5 Seasons,"Reality TV, Horror Movies, Stand-Up Comedy","An emotional story that explores family, ambition, and the human condition."
s319,Movie,Midnight Journey,James Nguyen,Amara Costa,Canada,04/25/2003,2001,TV-14,184 min,"Reality TV, Documentaries, Thrillers","An emotional story that explores family, ambition, and the human condition."
s232,Movie,Secret City,Liam Sharma,"Noah Garcia, Aiko Brown, Carlos Johnson, Liam Chen, Wei Khan",Australia,2012-06-07,2011,TV-PG,62 min,Thrillers,"An emotional story that explores family, ambition, and the human condition."
s253,Movie,Silent World,Lucas Nguyen,,Germany,"April 13, 2019",2019,,164 min,Anime,"An emotional story that explores family, ambition, and the human condition."
s858,Movie,Midnight Story,Amara Chen,"Amara Garcia, Maria Brown, Fatima Rossi, Sofia Diaz, Aiko Diaz",,"Dec 26, 2014",2013,R,163 min,International Movies,"An emotional story that explores family, ambition, and the human condition."
s1122,Movie,The Dream,Noah Chen,"Sofia Kim, Aiko Rossi, Sofia Johnson, Omar Johnson",  mexico  ,"September 29, 2017",2017,NR,133 min,"Documentaries, Stand-Up Comedy, Thrillers","An emotional story that explores family, ambition, and the human condition."
s55,Movie,A Truth,,Fatima Nguyen,India,"December 21, 2010",2009,PG-13,171 min,Action & Adventure,"An emotional story that explores family, ambition, and the human condition."
s380,Movie,A Dream,Wei Nguyen,"Elena Diaz, Kenji Sharma, Wei Rossi, Sofia Silva",Germany,,1998,TV-14,95 min,"Crime TV Shows, Sci-Fi & Fantasy","An emotional story that explores family, ambition, and the human condition."
s432,Movie,Last Shadow,,"Elena Tanaka, Noah Garcia",,03/01/2020,2018,NR,155 min,"Stand-Up Comedy, Action & Adventure","An emotional story that explores family, ambition, and the human condition."
s142,TV Show,Secret Story,,"Maria Smith, Priya Smith, Wei Costa",Egypt,"Aug 27, 2021",2020,TV-PG,8 Seasons,"International Movies, Thrillers","An emotional story that explores family, ambition, and the human condition."
s811,Movie,A World,,"Kenji Smith, Noah Muller, Omar Diaz, James Nguyen, Liam Sharma",  united kingdom  ,"November 18, 2000",2000,PG,110 min,"Action & Adventure, Romantic Movies, Anime","An emotional story that explores family, ambition, and the human condition."
s98,TV Show,Secret Journey,Priya Kim,"Noah Brown, Elena Tanaka, Aiko Sharma, Fatima Chen",Italy,"December 09, 2016",2015,TV-14,2 Seasons,Crime TV Shows,"An emotional story that explores family, ambition, and the human condition."
s757,Movie,Last Kingdom,Sofia Muller,Kenji Tanaka,Italy,2014-09-29,2013,TV-G,134 min,Sci-Fi & Fantasy,"An emotional story that explores family, ambition, and the human condition."
s985,TV Show,Last Heart,Wei Nguyen,"James Johnson, Liam Rossi, Kenji Johnson, Liam Muller, Fatima Nguyen",South Korea,04/11/2007,2006,TV-14,3 Seasons,Crime TV Shows,"An emotional story that explores family, ambition, and the human condition."
s572,TV Show,The Shadow,Priya Kim,"Priya Muller, Carlos Kim, Carlos Silva, Elena Muller, Aiko Khan",Germany,"Mar 09, 2015",2014,PG,1 Seasons,"Thrillers, Reality TV, Action & Adventure","An emotional story that explores family, ambition, and the human condition."
s433,Movie,Hidden Shadow,,"Aiko Diaz, Carlos Chen, Carlos Smith",Egypt,10/29/2012,2011,NR,175 min,Reality TV,"An emotional story that explores family, ambition, and the human condition."
s524,TV Show,Midnight Legacy,Liam Brown,Carlos Sharma,Japan,"Apr 12, 2000",1999,TV-14,1 Seasons,"Crime TV Shows, Horror Movies, Action & Adventure","An emotional story that explores family, ambition, and the human condition."
s13,Movie,Midnight Heart,Carlos Brown,"Priya Khan, Omar Johnson, Omar Garcia",,"Jan 29, 2010",2009,TV-PG,118 min,"Comedies, Documentaries","An emotional story that explores family, ambition, and the human condition."
s686,Movie,Hidden Story,Fatima Smith,"Maria Costa, Priya Johnson, Priya Brown, Lucas Muller, James Kim",Brazil,1999-02-07,1998,TV-G,155 min,"Stand-Up Comedy, Anime, International Movies","An emotional story that explores family, ambition, and the human condition."
s818,Movie,Midnight Kingdom,Elena Muller,"Noah Johnson, Noah Kim, Liam Smith",,2019-12-20,2019,TV-G,134 min,"Action & Adventure, Documentaries, Comedies","An emotional story that explores family, ambition, and the human condition."
s147,TV Show,Broken Truth,Wei Chen,"Lucas Kim, Priya Kim, Fatima Chen, Amara Muller",Italy,"Apr 19, 2020",2018,PG-13,8 Seasons,Action & Adventure,"An emotional story that explores family, ambition, and the human condition."
s680,TV Show,Hidden Kingdom,,"Noah Garcia, Lucas Sharma",Japan,"September 25, 2011",2011,TV-PG,7 Season,"Kids' TV, Dramas","An emotional story that explores family, ambition, and the human condition."
s1136,Movie,Broken Legacy,James Sharma,,,"March 28, 2014",2012,TV-MA,70 min,"Kids' TV, Anime","An emotional story that explores family, ambition, and the human condition."
s14,Movie,Last Story,Sofia Johnson,Kenji Nguyen,Italy,"Jul 05, 2003",2003,R,71 min,"Horror Movies, Documentaries, Anime","An emotional story that explores family, ambition, and the human condition."
s618,Movie,The Dream,Lucas Garcia,"Fatima Sharma, Amara Chen, Priya Rossi, Lucas Smith, Kenji Costa",Canada,"Jan 24, 2009",2008,PG-13,144 min,Horror Movies,"An emotional story that explores family, ambition, and the human condition."
s552,Movie,The Shadow,Maria Rossi,"Noah Khan, Lucas Sharma, Amara Khan, Elena Muller",India,"August 14, 1999",1998,PG,172 min,"Crime TV Shows, International Movies, Documentaries","An emotional story that explores family, ambition, and the human condition."
s889,TV Show,Hidden Dream,,"Carlos Khan, Lucas Silva",Italy,12/29/2016,2016,TV-Y,4 Seasons,"Crime TV Shows, Reality TV, Documentaries","An emotional story that explores family, ambition, and the human condition."
s699,Movie,The Story,Carlos Muller,"James Silva, Fatima Smith, Liam Rossi, Kenji Johnson",,03/29/2012,2010,R,75 min,"International Movies, Reality TV","An emotional story that explores family, ambition, and the human condition."
s21,Movie,Golden Story,Noah Sharma,"Kenji Garcia, Carlos Muller",Australia,"Mar 05, 2015",2014,TV-MA,161 min,Thrillers,"An emotional story that explores family, ambition, and the human condition."
s896,Movie,Golden City,,Wei Costa,India,06/03/2009,2008,TV-MA,120 min,"Documentaries, Horror Movies","An emotional story that explores family, ambition, and the human condition."
s352,TV Show,A City,Lucas Johnson,"Kenji Garcia, Kenji Muller, Maria Tanaka, Sofia Muller, Sofia Johnson",,"April 28, 2014",2013,NR,1 Seasons,Dramas,"An emotional story that explores family, ambition, and the human condition."
s875,Movie,Hidden Legacy,Kenji Tanaka,"Wei Chen, Kenji Diaz",Spain,"Mar 24, 2001",1999,,121 min,"Reality TV, Thrillers","An emotional story that explores family, ambition, and the human condition."
s307,TV Show,Silent Shadow,Sofia Silva,"Fatima Sharma, Kenji Rossi, Liam Sharma, Noah Silva",  spain  ,"Oct 07, 2013",2012,,2 Seasons,"Dramas, Comedies, Thrillers","An emotional story that explores family, ambition, and the human condition."
s825,TV Show,Rising Kingdom,Lucas Costa,"Aiko Kim, Sofia Garcia, Wei Muller",Germany,2021-11-30,2020,NR,1 Seasons,"Sci-Fi & Fantasy, Action & Adventure, Stand-Up Comedy","An emotional story that explores family, ambition, and the human condition."
s400,Movie,Rising Shadow,Aiko Khan,"Noah Brown, Kenji Tanaka, James Kim, Elena Khan",,08/13/2011,2011,R,150 min,"Thrillers, Romantic Movies, Stand-Up Comedy","An emotional story that explores family, ambition, and the human condition."
s205,TV Show,Silent Dream,,Noah Garcia,Japan,03/13/2019,2017,TV-Y,7 Season,"Thrillers, Sci-Fi & Fantasy, Documentaries","An emotional story that explores family, ambition, and the human condition."
s1172,Movie,Golden World,Liam Muller,"James Nguyen, Elena Johnson",United Kingdom,2008-11-15,2008,TV-Y,149 min,"Crime TV Shows, Kids' TV","An emotional story that explores family, ambition, and the human condition."
s678,Movie,Secret Shadow,Priya Chen,"Kenji Muller, Sofia Muller, Lucas Tanaka, Elena Smith, Liam Khan",,"September 12, 2016",2016,NR,165 min,"Thrillers, Action & Adventure","An emotional story that explores family, ambition, and the human condition."
s1196,TV Show,Midnight World,,"Kenji Costa, Fatima Kim",South Korea,2016-12-14,2015,NR,5 Seasons,"Documentaries, Action & Adventure","An emotional story that explores family, ambition, and the human condition."
s18,TV Show,Secret Heart,Carlos Nguyen,"Aiko Smith, Kenji Tanaka",France,02/27/2015,2013,TV-14,2 Seasons,"Action & Adventure, Crime TV Shows","An emotional story that explores family, ambition, and the human condition."
s390,Movie,The World,Elena Silva,"Elena Diaz, Fatima Khan",  germany  ,2001-06-23,2000,TV-PG,160 min,"Anime, Dramas","An emotional story that explores family, ambition, and the human condition."
s881,Movie,Hidden Story,Fatima Diaz,"James Khan, Fatima Silva, Sofia Garcia, Lucas Chen",  mexico  ,11/15/2022,2022,PG-13,118 min,Crime TV Shows,"An emotional story that explores family, ambition, and the human condition."
s504,TV Show,Secret Kingdom,Wei Smith,"Kenji Johnson, Priya Garcia, James Sharma, Elena Smith",Australia,2013-11-14,2013,TV-Y,6 Seasons,"Thrillers, Dramas","An emotional story that explores family, ambition, and the human condition."
s535,Movie,Broken Legacy,Sofia Silva,"Kenji Costa, Priya Tanaka, Wei Smith, Lucas Tanaka, Aiko Garcia",  australia  ,"March 16, 2010",2010,TV-G,161 min,"Anime, Thrillers","An emotional story that explores family, ambition, and the human condition."
s273,Movie,Broken Truth Broken Truth,Lucas Sharma,"Elena Diaz, Lucas Johnson, Lucas Garcia, Noah Tanaka",,05/03/2004,2002,PG-13,149 min,"Dramas, Anime","An emotional story that explores family, ambition, and the human condition."
s116,Movie,A Shadow,Noah Rossi,"Priya Khan, Liam Sharma",Australia,04/06/2021,2021,TV-14,188 min,Reality TV,"An emotional story that explores family, ambition, and the human condition."
s208,Movie,Silent Truth Silent Truth,James Nguyen,"Fatima Sharma, Omar Costa, Omar Rossi, Elena Silva, Priya Chen",Italy,2011-02-18,2009,NR,90 min,Kids' TV,"An emotional story that explores family, ambition, and the human condition."
s493,Movie,Last Truth,Kenji Muller,"Sofia Rossi, Fatima Rossi, Sofia Nguyen",  united states  ,"July 31, 2007",2006,TV-G,122 min,"Sci-Fi & Fantasy, Documentaries","An emotional story that explores family, ambition, and the human condition."
s717,TV Show,The Kingdom,Aiko Costa,"Lucas Kim, Omar Muller",Australia,"June 09, 2004",2002,TV-MA,5 Seasons,"Sci-Fi & Fantasy, Stand-Up Comedy","An emotional story that explores family, ambition, and the human condition."
s993,TV Show,Last World,James Sharma,"Wei Smith, Priya Kim, Omar Brown",United Kingdom,"Sep 26, 2012",2012,TV-Y,8 Seasons,"Romantic Movies, Stand-Up Comedy","An emotional story that explores family, ambition, and the human condition."
s976,Movie,Golden Journey,Maria Johnson,"Sofia Sharma, Carlos Chen, Wei Tanaka, Fatima Nguyen, Carlos Johnson",United States,"August 15, 2023",2022,PG,63 min,"Romantic Movies, International Movies, Crime TV Shows","An emotional story that explores family, ambition, and the human condition."
s141,Movie,Broken Story,Maria Sharma,"Maria Smith, James Nguyen",  canada  ,"April 18, 2002",2000,PG-13,139 min,Dramas,"An emotional story that explores family, ambition, and the human condition."
s887,Movie,Broken Heart,Priya Tanaka,,France,"January 23, 2009",2007,PG,183 min,Crime TV Shows,"An emotional story that explores family, ambition, and the human condition."
s264,TV Show,Midnight Story,Sofia Garcia,Kenji Kim,Australia,2014-07-12,2013,TV-G,2 Seasons,"Stand-Up Comedy, Horror Movies, Romantic Movies","An emotional story that explores family, ambition, and the human condition."
s1160,Movie,Golden Kingdom,Elena Brown,"Omar Brown, Amara Sharma, Wei Rossi, Aiko Diaz",United States,06/02/2017,2016,TV-14,138 min,Crime TV Shows,"An emotional story that explores family, ambition, and the human condition."
s419,Movie,Silent Journey,Noah Costa,"Priya Muller, Kenji Kim, Omar Muller, Amara Garcia",Australia,02/09/2011,2009,NR,121 min,"Crime TV Shows, Dramas, Reality TV","An emotional story that explores family, ambition, and the human condition."
s566,TV Show,Silent Heart,Amara Sharma,"Amara Silva, Sofia Silva, Sofia Smith, Lucas Chen",  france  ,06/24/2020,2019,TV-PG,5 Seasons,"Anime, International Movies, Thrillers","An emotional story that explores family, ambition, and the human condition."
s485,TV Show,Midnight Heart,Aiko Johnson,"Liam Brown, Omar Garcia, Omar Silva, Omar Silva",United Kingdom,"Jun 26, 2006",2004,TV-Y,7 Seasons,"Documentaries, International Movies, Sci-Fi & Fantasy","An emotional story that explores family, ambition, and the human condition."
s1171,Movie,Golden Story,Aiko Khan,"Sofia Kim, Sofia Johnson",United Kingdom,2012-05-18,2010,TV-G,120 min,"Kids' TV, Dramas","An emotional story that explores family, ambition, and the human condition."
s557,Movie,Golden Kingdom,,Sofia Silva,Australia,2015-07-26,2013,NR,90 min,Horror Movies,"An emotional story that explores family, ambition, and the human condition."
s748,Movie,Hidden Legacy,Noah Chen,"Lucas Smith, Elena Nguyen, Carlos Nguyen, James Costa, Fatima Brown",India,"September 04, 2002",2000,TV-PG,60 min,"Crime TV Shows, Sci-Fi & Fantasy","An emotional story that explores family, ambition, and the human condition."
s359,Movie,Broken World,Lucas Brown,Noah Smith,Egypt,2006-10-31,2005,PG,145 min,"Action & Adventure, Sci-Fi & Fantasy","An emotional story that explores family, ambition, and the human condition."
s109,TV Show,Last Kingdom,James Garcia,Fatima Rossi,Australia,2019-03-12,2017,PG,1 Seasons,"Romantic Movies, Reality TV, Action & Adventure","An emotional story that explores family, ambition, and the human condition."
s672,Movie,Midnight World,,,Spain,"Sep 13, 2020",2019,PG,97 min,Dramas,"An emotional story that explores family, ambition, and the human condition."
s1084,TV Show,Broken Heart,Lucas Costa,"Noah Kim, Liam Smith",Nigeria,"Jun 08, 2002",2000,PG-13,7 Seasons,"Comedies, Documentaries, International Movies","An emotional story that explores family, ambition, and the human condition."
s1113,Movie,Silent Kingdom,Kenji Muller,"Wei Khan, Lucas Sharma, Elena Smith",Germany,"Mar 18, 2008",2007,TV-14,120 min,"International Movies, Action & Adventure","An emotional story that explores family, ambition, and the human condition."
s100,Movie,The World,Omar Chen,"Noah Sharma, James Khan, Kenji Kim, Liam Johnson",Brazil,2013-03-30,2012,R,131 min,"Reality TV, Stand-Up Comedy","An emotional story that explores family, ambition, and the human condition."
s217,Movie,Broken World,,"Elena Brown, Aiko Silva, Maria Brown, Kenji Tanaka",Nigeria,09/26/2005,2004,TV-14,119 min,Action & Adventure,"An emotional story that explores family, ambition, and the human condition."
s586,TV Show,Last City,Lucas Chen,,South Korea,,2007,,1 Season,Thrillers,"An emotional story that explores family, ambition, and the human condition."
s386,Movie,The Journey,,"Omar Garcia, Lucas Nguyen",United Kingdom,06/22/1999,1998,R,65 min,"Documentaries, Kids' TV, Romantic Movies","An emotional story that explores family, ambition, and the human condition."
s421,Movie,Hidden Dream,Omar Kim,Omar Sharma,Egypt,02/21/2002,2000,TV-MA,134 min,"Stand-Up Comedy, Action & Adventure","An emotional story that explores family, ambition, and the human condition."
s413,Movie,Golden World,Sofia Muller,Kenji Nguyen,,"Jun 01, 2022",2022,NR,113 min,Crime TV Shows,"An emotional story that explores family, ambition, and the human condition."
s707,Movie,Broken Shadow,,"Amara Silva, Elena Brown",France,2014-12-28,2013,PG-13,83 min,"Dramas, Reality TV","An emotional story that explores family, ambition, and the human condition."
s942,Movie,Last World,Sofia Tanaka,"Maria Kim, Elena Kim, Fatima Diaz",  nigeria  ,12/27/2004,2004,TV-Y,138 min,Stand-Up Comedy,"An emotional story that explores family, ambition, and the human condition."
s558,Movie,Golden Story,Priya Tanaka,"Kenji Brown, Carlos Brown",,07/10/2021,2019,NR,117 min,"International Movies, Reality TV","An emotional story that explores family, ambition, and the human condition."
s794,Movie,Secret World,Aiko Smith,"Fatima Garcia, James Nguyen",Japan,2020-03-18,2019,R,156 min,Dramas,"An emotional story that explores family, ambition, and the human condition."
s306,Movie,Silent Legacy,Priya Kim,"Noah Kim, Kenji Garcia, Maria Chen, Liam Brown",India,03/10/2011,2010,TV-Y,90 min,Documentaries,"An emotional story that explores family, ambition, and the human condition."
s914,TV Show,A Story,Elena Johnson,"Sofia Rossi, Carlos Rossi, Amara Muller, Maria Kim, Wei Muller",India,2022-08-14,2022,TV-PG,5 Seasons,"Dramas, Reality TV, Sci-Fi & Fantasy","An emotional story that explores family, ambition, and the human condition."
s663,Movie,Hidden Truth,Lucas Diaz,"Omar Diaz, Fatima Kim, Noah Garcia, Liam Sharma, James Silva",Brazil,10/30/2013,2013,NR,121 min,Action & Adventure,"An emotional story that explores family, ambition, and the human condition."
s991,TV Show,Golden Shadow,Wei Smith,"Maria Smith, Priya Tanaka, James Nguyen, Noah Sharma",South Korea,"May 13, 2012",2010,TV-MA,2 Seasons,Comedies,"An emotional story that explores family, ambition, and the human condition."
s364,Movie,Golden Journey,Aiko Garcia,"Priya Johnson, Maria Kim, Priya Rossi, Maria Garcia, James Costa",,"September 02, 2022",2022,TV-G,91 min,International Movies,"An emotional story that explores family, ambition, and the human condition."
s24,Movie,Rising Kingdom,,"Maria Brown, Liam Khan",  south korea  ,"March 02, 2012",2010,TV-Y,65 min,"Dramas, Horror Movies","An emotional story that explores family, ambition, and the human condition."
s1040,Movie,Midnight Journey,,"Noah Johnson, Maria Diaz, Noah Nguyen",Japan,1999-06-07,1999,PG-13,181 min,"Kids' TV, Action & Adventure, Comedies","An emotional story that explores family, ambition, and the human condition."
s265,Movie,Midnight Shadow,Sofia Diaz,"Carlos Smith, Kenji Sharma, Sofia Chen, Sofia Smith, Kenji Silva",  australia  ,12/10/1999,1999,PG-13,78 min,"Reality TV, International Movies","An emotional story that explores family, ambition, and the human condition."
s756,Movie,Last Truth,,"James Nguyen, Maria Brown, Carlos Silva, James Tanaka, Priya Tanaka",  egypt  ,2005-12-06,2005,TV-G,105 min,"Kids' TV, Action & Adventure, Sci-Fi & Fantasy","An emotional story that explores family, ambition, and the human condition."
s1123,Movie,Secret Journey,,Priya Diaz,Egypt,2017-08-11,2016,TV-MA,158 min,"Action & Adventure, Romantic Movies, Stand-Up Comedy","An emotional story that explores family, ambition, and the human condition."
s187,TV Show,Broken Kingdom,Omar Diaz,Amara Kim,Spain,03/19/2001,2001,R,4 Season,"Romantic Movies, Reality TV","An emotional story that explores family, ambition, and the human condition."
s563,TV Show,Last Story,Fatima Chen,Aiko Rossi,Canada,"February 05, 2016",2015,PG,8 Seasons,Documentaries,"An emotional story that explores family, ambition, and the human condition."
s863,Movie,Midnight Truth,Wei Nguyen,"Liam Costa, Elena Garcia",United Kingdom,12/09/2022,2022,NR,96 min,"Horror Movies, International Movies, Anime","An emotional story that explores family, ambition, and the human condition."
s948,Movie,A Shadow,Priya Garcia,"Aiko Rossi, Fatima Johnson, Aiko Costa, James Rossi, Liam Rossi",South Korea,"March 28, 2016",2014,TV-PG,166 min,"Kids' TV, Sci-Fi & Fantasy, International Movies","An emotional story that explores family, ambition, and the human condition."
s124,TV Show,Broken Journey,Wei Diaz,"Wei Diaz, Fatima Nguyen",Egypt,2012-03-18,2010,TV-14,6 Seasons,"Sci-Fi & Fantasy, Reality TV, Comedies","An emotional story that explores family, ambition, and the human condition."
s639,Movie,Midnight City,Sofia Brown,"Wei Muller, Carlos Khan, Amara Khan, Lucas Diaz, Elena Chen",  spain  ,10/13/2009,2008,PG,172 min,"Thrillers, Sci-Fi & Fantasy, International Movies","An emotional story that explores family, ambition, and the human condition."
s903,Movie,Hidden Kingdom,,,India,2021-05-01,2020,TV-MA,102 min,"Comedies, Thrillers, Dramas","An emotional story that explores family, ambition, and the human condition."
s1051,TV Show,Broken Legacy,Maria Johnson,Omar Diaz,Nigeria,"Oct 18, 2019",2019,PG,1 Seasons,International Movies,"An emotional story that explores family, ambition, and the human condition."
s769,Movie,Golden Truth,Maria Nguyen,"Carlos Garcia, Fatima Silva, Priya Garcia, Fatima Nguyen",India,2022-12-06,2021,NR,154 min,Documentaries,"An emotional story that explores family, ambition, and the human condition."
s587,Movie,Last Dream,Sofia Diaz,"Maria Smith, Fatima Costa",South Korea,2007-06-06,2006,TV-MA,86 min,"Thrillers, Reality TV","An emotional story that explores family, ambition, and the human condition."
s1139,TV Show,Hidden Truth,,,Germany,"February 21, 2004",2003,R,4 Seasons,"Anime, Dramas","An emotional story that explores family, ambition, and the human condition."
s1076,Movie,Hidden Heart,Sofia Diaz,"Amara Rossi, Elena Muller, Amara Silva, Elena Rossi",France,,2018,PG,175 min,"Dramas, International Movies","An emotional story that explores family, ambition, and the human condition."
s148,TV Show,Hidden Dream,Sofia Smith,"Omar Johnson, Sofia Tanaka, Kenji Rossi",  spain  ,08/02/2004,2003,TV-14,8 Seasons,"Anime, Reality TV, Stand-Up Comedy","An emotional story that explores family, ambition, and the human condition."
s934,Movie,Secret Kingdom,Elena Johnson,,Egypt,2022-12-17,2021,TV-PG,180 min,"Comedies, Horror Movies, Action & Adventure","An emotional story that explores family, ambition, and the human condition."
s494,TV Show,Secret Kingdom,,"Omar Garcia, James Rossi, Carlos Garcia, James Nguyen",Spain,11/20/2011,2011,TV-G,7 Seasons,"Action & Adventure, Anime","An emotional story that explores family, ambition, and the human condition."
s225,Movie,The Heart,,,South Korea,05/16/2004,2002,TV-14,167 min,Documentaries,"An emotional story that explores family, ambition, and the human condition."
s832,Movie,Hidden Truth,James Muller,"Lucas Muller, Lucas Tanaka, Liam Brown",France,2008-02-19,2006,TV-G,76 min,Kids' TV,"An emotional story that explores family, ambition, and the human condition."
s71,Movie,Golden City,Amara Sharma,"Maria Diaz, Lucas Sharma",,10/23/2010,2010,NR,161 min,"Reality TV, Kids' TV","An emotional story that explores family, ambition, and the human condition."
s692,Movie,Broken Kingdom,,"Noah Brown, Priya Costa",Nigeria,,2018,TV-PG,101 min,"Reality TV, Horror Movies","An emotional story that explores family, ambition, and the human condition."
s281,TV Show,Silent Story,James Smith,"Aiko Brown, Carlos Khan, Sofia Johnson",  spain  ,"June 04, 2005",2003,TV-14,7 Seasons,Documentaries,"An emotional story that explores family, ambition, and the human condition."
s172,Movie,Last Legacy,Sofia Silva,Fatima Nguyen,India,2003-09-07,2002,TV-PG,96 min,Action & Adventure,"An emotional story that explores family, ambition, and the human condition."
s749,Movie,Last Dream,,"Liam Khan, Liam Kim, Maria Costa, Elena Tanaka, James Muller",  south korea  ,05/17/2004,2003,TV-14,116 min,"Reality TV, Documentaries","An emotional story that explores family, ambition, and the human condition."
s169,Movie,The Journey,Liam Garcia,"Amara Chen, Aiko Diaz, Kenji Kim, James Silva",India,2018-01-30,2016,TV-14,83 min,"Stand-Up Comedy, Crime TV Shows, Comedies","An emotional story that explores family, ambition, and the human condition."
s892,Movie,Broken Legacy,Wei Nguyen,Aiko Smith,,2017-08-05,2016,TV-PG,177 min,"Crime TV Shows, Documentaries, Reality TV","An emotional story that explores family, ambition, and the human condition."
s284,TV Show,Last Truth,Maria Brown,"Elena Tanaka, Sofia Sharma, Elena Sharma, Carlos Smith",Brazil,"Jun 29, 2017",2016,TV-MA,1 Seasons,"Dramas, Reality TV","An emotional story that explores family, ambition, and the human condition."
s1053,Movie,Silent Story Silent Story,,Amara Silva,  france  ,"Jan 10, 2004",2003,NR,137 min,Anime,"An emotional story that explores family, ambition, and the human condition."
s126,Movie,Hidden City,Fatima Costa,James Garcia,Egypt,"August 08, 2002",2002,TV-Y,134 min,Stand-Up Comedy,"An emotional story that explores family, ambition, and the human condition."
s1156,Movie,Golden Dream,Maria Silva,"Carlos Tanaka, James Smith, James Diaz, Aiko Sharma, Elena Khan",Canada,"February 18, 2001",2000,PG-13,110 min,"Horror Movies, Crime TV Shows","An emotional story that explores family, ambition, and the human condition."
s1197,Movie,Silent Story,Omar Muller,"Aiko Chen, Lucas Costa, Kenji Brown",Australia,"Sep 21, 2013",2011,TV-Y,177 min,"Stand-Up Comedy, Horror Movies, Kids' TV","An emotional story that explores family, ambition, and the human condition."
s165,Movie,Broken World,,"Aiko Khan, Liam Rossi",  spain  ,"Feb 26, 2022",2021,TV-MA,183 min,Thrillers,"An emotional story that explores family, ambition, and the human condition."
s1029,TV Show,Golden Legacy,Kenji Silva,"Elena Garcia, Amara Sharma",,"June 24, 2021",2019,TV-Y,8 Seasons,"Stand-Up Comedy, Thrillers, Dramas","An emotional story that explores family, ambition, and the human condition."
s1154,TV Show,Golden Journey,Kenji Costa,Wei Smith,United Kingdom,"November 14, 2023",2022,TV-14,8 Seasons,"Crime TV Shows, Dramas, Action & Adventure","An emotional story that explores family, ambition, and the human condition."
s532,TV Show,Silent City,Liam Smith,"Carlos Diaz, Omar Costa, Kenji Silva, Noah Khan",Japan,"Dec 27, 2016",2016,PG,6 Seasons,"Crime TV Shows, International Movies, Thrillers","An emotional story that explores family, ambition, and the human condition."
s841,Movie,Secret Dream,Carlos Sharma,"Elena Diaz, Maria Rossi, Lucas Diaz, Noah Costa",Spain,"November 28, 2001",2000,PG,80 min,Action & Adventure,"An emotional story that explores family, ambition, and the human condition."
s43,TV Show,Silent World,,"Aiko Diaz, Maria Brown, Maria Johnson",  egypt  ,"January 23, 2004",2003,TV-MA,6 Seasons,"Horror Movies, Reality TV","An emotional story that explores family, ambition, and the human condition."
s782,TV Show,Midnight World,Kenji Costa,"Noah Nguyen, Sofia Sharma, Fatima Kim, Aiko Diaz, Amara Diaz",Japan,2001-02-03,2000,TV-MA,2 Seasons,Dramas,"An emotional story that explores family, ambition, and the human condition."
s919,TV Show,Hidden City Hidden City,Noah Muller,"Aiko Johnson, Maria Rossi, Wei Sharma",  south korea  ,2014-01-14,2013,NR,1 Seasons,"Documentaries, Kids' TV, Stand-Up Comedy","An emotional story that explores family, ambition, and the human condition."
s689,Movie,Golden World,Amara Rossi,"Lucas Rossi, Lucas Costa, Aiko Tanaka",South Korea,2003-04-20,2002,PG-13,145 min,"Comedies, Action & Adventure","An emotional story that explores family, ambition, and the human condition."
s579,Movie,Broken Journey,Fatima Johnson,"Sofia Khan, Kenji Garcia, Amara Garcia",Germany,"February 13, 2014",2012,TV-G,84 min,"Anime, Documentaries, Comedies","An emotional story that explores family, ambition, and the human condition."
s133,Movie,Broken Kingdom,Carlos Kim,"Maria Smith, Amara Chen",United Kingdom,11/28/1999,1998,TV-PG,176 min,"Sci-Fi & Fantasy, International Movies, Stand-Up Comedy","An emotional story that explores family, ambition, and the human condition."
s1015,TV Show,Midnight Story,Sofia Johnson,"Kenji Smith, Maria Nguyen",Nigeria,"Feb 21, 2010",2009,TV-MA,3 Seasons,"Stand-Up Comedy, Anime, Romantic Movies","An emotional story that explores family, ambition, and the human condition."
s468,Movie,A World,Omar Johnson,Sofia Costa,Mexico,"May 20, 2019",2018,TV-G,164 min,International Movies,"An emotional story that explores family, ambition, and the human condition."
s39,TV Show,Silent Story,Sofia Johnson,"Carlos Muller, James Muller",Canada,"Jun 14, 2000",2000,PG-13,3 Seasons,"Stand-Up Comedy, International Movies, Romantic Movies","An emotional story that explores family, ambition, and the human condition."
s964,TV Show,Last Journey,Omar Tanaka,James Smith,,2013-05-25,2012,TV-14,7 Seasons,"Dramas, Reality TV, Kids' TV","An emotional story that explores family, ambition, and the human condition."
s191,TV Show,Silent Legacy,Aiko Garcia,Omar Tanaka,Spain,06/30/2012,2010,TV-Y,5 Seasons,Dramas,"An emotional story that explores family, ambition, and the human condition."
s1043,TV Show,Hidden City,Lucas Diaz,"Fatima Johnson, Noah Diaz",South Korea,"Jan 12, 2007",2005,TV-Y,4 Seasons,International Movies,"An emotional story that explores family, ambition, and the human condition."
s509,Movie,Last World,James Muller,Amara Silva,United States,08/02/2015,2015,NR,118 min,"Comedies, Kids' TV","An emotional story that explores family, ambition, and the human condition."
s167,TV Show,Rising Heart,,"Amara Costa, Fatima Silva",South Korea,07/11/2001,2001,TV-G,1 Seasons,"Kids' TV, Crime TV Shows, Reality TV","An emotional story that explores family, ambition, and the human condition."
s541,Movie,Hidden Heart,Kenji Diaz,Carlos Silva,India,2018-01-23,2017,TV-14,144 min,Stand-Up Comedy,"An emotional story that explores family, ambition, and the human condition."
s72,Movie,The Heart,James Nguyen,"Maria Johnson, Fatima Brown, Omar Brown",Italy,10/27/2023,2022,NR,146 min,"Sci-Fi & Fantasy, Comedies","An emotional story that explores family, ambition, and the human condition."
s907,TV Show,Silent Shadow,Liam Brown,"Wei Costa, Sofia Diaz",Canada,"Dec 14, 2005",2004,PG,8 Seasons,"Action & Adventure, Dramas, Romantic Movies","An emotional story that explores family, ambition, and the human condition."
s906,Movie,Silent Journey,Priya Muller,"James Silva, Priya Smith, Lucas Chen",,05/19/2021,2019,PG,157 min,Sci-Fi & Fantasy,"An emotional story that explores family, ambition, and the human condition."
s637,Movie,Last Dream,Elena Kim,"Sofia Chen, Aiko Garcia",,"May 09, 2002",2001,TV-PG,60 min,"Reality TV, Kids' TV","An emotional story that explores family, ambition, and the human condition."
s994,Movie,Hidden City,Amara Muller,"James Brown, Omar Kim, Amara Smith, Lucas Silva, Noah Costa",South Korea,06/03/2000,2000,PG-13,102 min,Horror Movies,"An emotional story that explores family, ambition, and the human condition."
s927,TV Show,A World,Kenji Johnson,,Nigeria,10/26/2002,2002,PG-13,8 Seasons,"Action & Adventure, Crime TV Shows","An emotional story that explores family, ambition, and the human condition."
s5,Movie,Last Heart,Amara Rossi,"Liam Khan, Aiko Chen, Noah Sharma, Maria Johnson, James Nguyen",Mexico,2013-07-16,2011,TV-G,186 min,"International Movies, Kids' TV, Dramas","An emotional story that explores family, ambition, and the human condition."
s340,TV Show,Silent City,,"Priya Silva, Aiko Tanaka, Noah Smith, James Khan",Japan,,2022,TV-Y,4 Seasons,Crime TV Shows,"An emotional story that explores family, ambition, and the human condition."
s695,Movie,Silent City,,,  united kingdom  ,01/04/2002,2001,PG,160 min,"Documentaries, Stand-Up Comedy, Thrillers","An emotional story that explores family, ambition, and the human condition."
s715,TV Show,The Story,,"Wei Silva, Carlos Chen, Liam Johnson",,04/25/2021,2019,TV-G,7 Seasons,Stand-Up Comedy,"An emotional story that explores family, ambition, and the human condition."
s378,Movie,The City,Fatima Rossi,"Omar Rossi, Sofia Nguyen, Liam Brown, Aiko Brown, Maria Muller",  spain  ,"July 31, 2003",2001,NR,165 min,Dramas,"An emotional story that explores family, ambition, and the human condition."
s448,TV Show,Broken Heart,Maria Chen,"Maria Johnson, James Chen, Lucas Nguyen, Carlos Muller",Nigeria,"May 23, 1998",1998,TV-PG,4 Seasons,International Movies,"An emotional story that explores family, ambition, and the human condition."
s652,Movie,Secret Story,Noah Silva,"Priya Garcia, Amara Diaz, Wei Tanaka, Maria Brown, Kenji Brown",,"December 03, 2017",2016,TV-MA,102 min,"Comedies, Sci-Fi & Fantasy, International Movies","An emotional story that explores family, ambition, and the human condition."
s1054,Movie,Broken Dream,Amara Diaz,,Italy,"August 14, 2022",2020,NR,160 min,"Dramas, Action & Adventure, Romantic Movies","An emotional story that explores family, ambition, and the human condition."
s501,Movie,Last Kingdom,Omar Khan,"Liam Costa, James Tanaka, Aiko Garcia",Canada,"November 04, 2011",2011,R,127 min,Comedies,"An emotional story that explores family, ambition, and the human condition."
s805,Movie,A Shadow,,Fatima Brown,,06/02/2018,2017,NR,63 min,"Documentaries, Horror Movies, Stand-Up Comedy","An emotional story that explores family, ambition, and the human condition."
s1078,Movie,Golden Heart,,,South Korea,09/18/2015,2015,PG-13,72 min,Reality TV,"An emotional story that explores family, ambition, and the human condition."
s95,Movie,Hidden Kingdom,Noah Tanaka,"Wei Khan, Elena Muller",Mexico,2000-01-17,1999,TV-G,72 min,Kids' TV,"An emotional story that explores family, ambition, and the human condition."
s96,Movie,Hidden Journey,Carlos Diaz,,United States,"November 18, 2009",2009,TV-MA,177 min,Thrillers,"An emotional story that explores family, ambition, and the human condition."
s309,TV Show,A Dream,Priya Sharma,,Mexico,"Nov 07, 2017",2017,TV-Y,1 Seasons,"Sci-Fi & Fantasy, Comedies","An emotional story that explores family, ambition, and the human condition."
s747,TV Show,Broken Dream,James Brown,Noah Sharma,  mexico  ,"Apr 18, 2021",2019,R,7 Seasons,"Crime TV Shows, Documentaries, Horror Movies","An emotional story that explores family, ambition, and the human condition."
s490,TV Show,Hidden Kingdom,Wei Chen,"Wei Muller, Amara Diaz",Spain,1999-09-01,1999,PG-13,6 Seasons,"Romantic Movies, Stand-Up Comedy","An emotional story that explores family, ambition, and the human condition."
s603,TV Show,Midnight Truth,,"Elena Smith, Aiko Muller, Wei Kim, Carlos Smith",Egypt,"Nov 25, 1998",1998,PG-13,3 Seasons,Dramas,"An emotional story that explores family, ambition, and the human condition."
s59,Movie,Broken Truth,Carlos Garcia,"Wei Johnson, Sofia Sharma, Elena Diaz",India,"April 29, 2012",2011,PG-13,71 min,"Horror Movies, Documentaries, Reality TV","An emotional story that explores family, ambition, and the human condition."
s1147,Movie,Silent Shadow,James Brown,"Sofia Johnson, Liam Smith, Wei Silva, Wei Khan",Canada,02/09/2004,2002,PG-13,116 min,"Action & Adventure, Documentaries","An emotional story that explores family, ambition, and the human condition."
s326,TV Show,Golden City,Sofia Chen,"Priya Costa, Fatima Costa, Priya Chen, Maria Khan, Amara Muller",  france  ,05/31/2014,2013,TV-Y,4 Seasons,"International Movies, Crime TV Shows","An emotional story that explores family, ambition, and the human condition."
s518,Movie,A Shadow,Omar Chen,"Sofia Johnson, Maria Costa, Aiko Kim",India,,2022,NR,158 min,"Sci-Fi & Fantasy, Documentaries, Dramas","An emotional story that explores family, ambition, and the human condition."
s25,Movie,Broken Dream,Lucas Rossi,"Aiko Silva, Liam Sharma, James Brown, Fatima Kim",South Korea,2013-05-03,2011,TV-MA,80 min,Anime,"An emotional story that explores family, ambition, and the human condition."
s1055,Movie,Hidden Legacy,Carlos Diaz,"Aiko Nguyen, Aiko Diaz, Aiko Khan, Amara Brown, Wei Tanaka",,"August 12, 2015",2014,NR,161 min,Sci-Fi & Fantasy,"An emotional story that explores family, ambition, and the human condition."
s245,TV Show,The Truth,,"Noah Johnson, James Rossi, Omar Sharma, Aiko Tanaka",Spain,"Apr 10, 2023",2021,PG-13,4 Seasons,"Anime, Kids' TV, Documentaries","An emotional story that explores family, ambition, and the human condition."
s26,Movie,Silent City,Aiko Sharma,"Carlos Johnson, Elena Brown, Carlos Nguyen, Maria Sharma",,"August 26, 2017",2016,TV-MA,148 min,Documentaries,"An emotional story that explores family, ambition, and the human condition."
s223,Movie,Last Shadow,Priya Muller,"Aiko Rossi, Wei Muller, Fatima Khan, Amara Sharma",Egypt,1999-11-15,1999,PG-13,121 min,"Horror Movies, Thrillers, Dramas","An emotional story that explores family, ambition, and the human condition."
s604,TV Show,Silent Story,Sofia Tanaka,"Sofia Brown, Kenji Rossi, Omar Costa, Liam Diaz, Carlos Diaz",Japan,"May 28, 2005",2004,PG,3 Seasons,Stand-Up Comedy,"An emotional story that explores family, ambition, and the human condition."
s106,TV Show,Broken City,,"Sofia Muller, Carlos Nguyen",Nigeria,"Sep 26, 2002",2001,TV-14,5 Season,"Reality TV, Anime, Dramas","An emotional story that explores family, ambition, and the human condition."
s1087,TV Show,Midnight Shadow,Elena Smith,Fatima Costa,  nigeria  ,"May 26, 2005",2003,PG-13,4 Season,Dramas,"An emotional story that explores family, ambition, and the human condition."
s131,Movie,Hidden Kingdom,Fatima Costa,"Elena Nguyen, Sofia Brown, Fatima Muller, Kenji Chen",  nigeria  ,"October 17, 2005",2005,TV-Y,62 min,"International Movies, Anime, Stand-Up Comedy","An emotional story that explores family, ambition, and the human condition."
s154,Movie,The Dream,Noah Kim,"Sofia Costa, Aiko Sharma, Carlos Garcia, Liam Costa",United States,"May 03, 2024",2022,TV-G,189 min,Action & Adventure,"An emotional story that explores family, ambition, and the human condition."
s1080,Movie,Golden Dream,Sofia Rossi,"Liam Smith, Lucas Kim, Fatima Muller",Spain,"Nov 25, 2001",2000,TV-G,119 min,Documentaries,"An emotional story that explores family, ambition, and the human condition."
s1144,Movie,Rising Dream,,,Spain,"May 31, 2023",2022,PG,108 min,Thrillers,"An emotional story that explores family, ambition, and the human condition."
s871,TV Show,Midnight Shadow,Kenji Sharma,,Mexico,,2014,PG,3 Seasons,"Reality TV, Action & Adventure, Documentaries","An emotional story that explores family, ambition, and the human condition."
s569,TV Show,Secret Legacy,Maria Khan,"Noah Muller, Elena Diaz, Noah Nguyen",,"Aug 17, 2013",2012,TV-PG,4 Seasons,"Anime, Documentaries, Sci-Fi & Fantasy","An emotional story that explores family, ambition, and the human condition."
s76,Movie,A Story,Maria Johnson,"Kenji Khan, Amara Garcia, Noah Muller",France,10/07/2002,2000,TV-14,160 min,Sci-Fi & Fantasy,"An emotional story that explores family, ambition, and the human condition."
s1112,TV Show,Golden World,,"Aiko Garcia, Carlos Tanaka, Sofia Garcia, Fatima Garcia",France,"October 14, 2010",2009,TV-MA,8 Seasons,"Sci-Fi & Fantasy, Kids' TV","An emotional story that explores family, ambition, and the human condition."
s1071,Movie,Secret City,,"Priya Kim, Maria Rossi, Sofia Muller",  australia  ,"October 20, 2008",2007,PG-13,91 min,"Horror Movies, Action & Adventure, Romantic Movies","An emotional story that explores family, ambition, and the human condition."
s923,TV Show,Rising Legacy,Noah Johnson,"Carlos Johnson, Sofia Muller, James Silva, Carlos Khan",,2013-08-14,2011,PG,1 Seasons,Comedies,"An emotional story that explores family, ambition, and the human condition."
s317,TV Show,Broken Legacy,Liam Nguyen,"Aiko Garcia, Sofia Diaz",India,"April 15, 2006",2004,TV-14,7 Seasons,"Horror Movies, Crime TV Shows","An emotional story that explores family, ambition, and the human condition."
s986,TV Show,Golden City,,"Omar Silva, Elena Chen, Liam Garcia, James Sharma",Canada,11/21/2016,2015,TV-PG,7 Seasons,"Reality TV, Documentaries","An emotional story that explores family, ambition, and the human condition."
s743,Movie,Golden Heart,,"Fatima Smith, Elena Brown, Noah Muller",  australia  ,"Apr 08, 2019",2017,NR,183 min,"International Movies, Stand-Up Comedy","An emotional story that explores family, ambition, and the human condition."
s200,TV Show,Silent Dream,Omar Johnson,"Maria Brown, Wei Silva, Priya Johnson, Aiko Costa, Elena Garcia",Italy,"May 12, 1998",1998,TV-14,8 Seasons,"Dramas, Romantic Movies, Anime","An emotional story that explores family, ambition, and the human condition."
s862,Movie,The Dream,Wei Garcia,"Fatima Khan, James Silva, Sofia Silva, Lucas Johnson",France,09/18/1999,1998,R,131 min,"Documentaries, Crime TV Shows, Romantic Movies","An emotional story that explores family, ambition, and the human condition."
s135,TV Show,Hidden Kingdom,James Nguyen,"James Sharma, Fatima Brown",United Kingdom,11/19/2012,2011,PG,3 Season,"Reality TV, Comedies","An emotional story that explores family, ambition, and the human condition."
s327,TV Show,Midnight World,Fatima Diaz,"Noah Nguyen, Omar Kim",  spain  ,2007-10-23,2007,TV-G,6 Seasons,"Comedies, Thrillers","An emotional story that explores family, ambition, and the human condition."
s260,TV Show,Hidden Journey,Priya Muller,"Sofia Sharma, Aiko Tanaka, Kenji Costa, Fatima Silva, Sofia Johnson",France,"July 09, 2012",2011,NR,3 Seasons,"Reality TV, Action & Adventure","An emotional story that explores family, ambition, and the human condition."
s973,Movie,Silent Dream,Elena Johnson,"Carlos Brown, Amara Smith, Omar Silva",  italy  ,03/26/2011,2010,TV-MA,98 min,Crime TV Shows,"An emotional story that explores family, ambition, and the human condition."
s4,TV Show,Last Story,Kenji Diaz,"Elena Johnson, Lucas Smith, Aiko Nguyen",,03/13/2016,2015,TV-G,2 Season,"Anime, Thrillers","An emotional story that explores family, ambition, and the human condition."
s849,Movie,Secret Legacy,James Khan,James Brown,Australia,2018-02-09,2018,NR,166 min,Comedies,"An emotional story that explores family, ambition, and the human condition."
s211,Movie,Silent City,Noah Muller,"Carlos Silva, Noah Nguyen, Sofia Smith, Liam Garcia",United States,02/19/2023,2021,PG,172 min,"Kids' TV, Sci-Fi & Fantasy, International Movies","An emotional story that explores family, ambition, and the human condition."
s197,Movie,Last Truth,,"Wei Smith, Wei Silva, Omar Chen, Noah Brown, Sofia Rossi",Italy,"Sep 13, 2014",2013,TV-G,169 min,"Action & Adventure, Documentaries","An emotional story that explores family, ambition, and the human condition."
s1044,Movie,Midnight World,Elena Johnson,"Elena Tanaka, Maria Khan, Aiko Rossi, Noah Diaz, Aiko Johnson",United Kingdom,,2016,PG-13,73 min,Anime,"An emotional story that explores family, ambition, and the human condition."
s537,Movie,Broken Legacy,Elena Sharma,"Amara Brown, Aiko Rossi, Noah Costa",Canada,04/03/2019,2019,TV-MA,188 min,"International Movies, Horror Movies, Comedies","An emotional story that explores family, ambition, and the human condition."
s592,Movie,Rising Heart,Lucas Smith,"Noah Rossi, Lucas Chen, Sofia Nguyen",United States,"Feb 08, 2009",2008,TV-14,175 min,"Action & Adventure, Anime, Sci-Fi & Fantasy","An emotional story that explores family, ambition, and the human condition."
s27,Movie,The Truth,,"Aiko Sharma, Amara Silva, Lucas Khan, Wei Rossi, Sofia Diaz",Nigeria,,2021,TV-Y,156 min,"Stand-Up Comedy, Documentaries","An emotional story that explores family, ambition, and the human condition."
s1090,Movie,Silent Heart,Wei Nguyen,Fatima Garcia,Germany,08/21/2013,2012,TV-Y,179 min,"Reality TV, Horror Movies","An emotional story that explores family, ambition, and the human condition."
s902,Movie,Last Legacy,Wei Chen,Lucas Rossi,Japan,"May 28, 2006",2005,TV-G,62 min,Anime,"An emotional story that explores family, ambition, and the human condition."
s1131,Movie,Rising World,,,Germany,2001-09-30,2000,TV-14,180 min,"Documentaries, Romantic Movies, Thrillers","An emotional story that explores family, ambition, and the human condition."
s595,TV Show,Midnight City,,"Aiko Sharma, Wei Kim",  japan  ,2023-01-01,2022,TV-G,3 Seasons,"Reality TV, Comedies","An emotional story that explores family, ambition, and the human condition."
s62,Movie,Rising Journey,Kenji Tanaka,"Noah Chen, James Sharma, Maria Johnson, Omar Nguyen",  brazil  ,2008-12-16,2008,NR,187 min,"Crime TV Shows, Action & Adventure, Horror Movies","An emotional story that explores family, ambition, and the human condition."
s723,TV Show,Secret Legacy,Carlos Nguyen,"Amara Garcia, Elena Costa",  south korea  ,2022-11-29,2021,TV-PG,5 Seasons,Comedies,"An emotional story that explores family, ambition, and the human condition."
s1032,Movie,Secret Legacy,Sofia Diaz,,Nigeria,"Aug 11, 2003",2003,PG,121 min,"Thrillers, Documentaries, Dramas","An emotional story that explores family, ambition, and the human condition."
s984,TV Show,Rising Heart,James Sharma,"Elena Garcia, Omar Costa, James Chen, Lucas Silva, Noah Smith",Brazil,,2007,PG-13,6 Seasons,"Reality TV, International Movies, Documentaries","An emotional story that explores family, ambition, and the human condition."
s682,Movie,Midnight Story,Lucas Brown,"Omar Muller, Priya Kim, Noah Khan, Lucas Rossi",Egypt,2004-07-07,2003,TV-MA,127 min,Comedies,"An emotional story that explores family, ambition, and the human condition."
s638,Movie,Secret Story,Liam Nguyen,Fatima Garcia,,"Oct 24, 2006",2005,TV-G,74 min,Romantic Movies,"An emotional story that explores family, ambition, and the human condition."
s780,Movie,Silent Heart,Aiko Smith,"Elena Silva, Sofia Johnson, Lucas Sharma",  brazil  ,"Apr 07, 2016",2014,TV-G,147 min,Action & Adventure,"An emotional story that explores family, ambition, and the human condition."
s598,Movie,Midnight Kingdom,Priya Muller,"Liam Rossi, Noah Nguyen, Omar Kim, Liam Smith, Sofia Garcia",Nigeria,"May 27, 2006",2006,TV-Y,175 min,"Stand-Up Comedy, Reality TV","An emotional story that explores family, ambition, and the human condition."
s574,Movie,Broken City,Wei Khan,"Kenji Rossi, Lucas Brown, Lucas Diaz, Carlos Tanaka",Spain,10/07/2015,2015,PG,115 min,"International Movies, Romantic Movies","An emotional story that explores family, ambition, and the human condition."
s458,Movie,Hidden Journey,Aiko Tanaka,"Liam Garcia, Aiko Nguyen, Priya Garcia, Fatima Johnson, Omar Sharma",Egypt,"Dec 20, 2016",2016,PG-13,110 min,"International Movies, Reality TV, Romantic Movies","An emotional story that explores family, ambition, and the human condition."
s926,Movie,Broken Dream,Lucas Rossi,"James Costa, Fatima Brown",Germany,12/28/2008,2007,TV-MA,117 min,"Sci-Fi & Fantasy, Thrillers, Stand-Up Comedy","An emotional story that explores family, ambition, and the human condition."
s886,Movie,The Journey,Priya Brown,"Kenji Johnson, Liam Sharma, Liam Silva, Sofia Sharma, Sofia Sharma",Italy,02/18/2003,2002,TV-MA,99 min,"Reality TV, Horror Movies","An emotional story that explores family, ambition, and the human condition."
s9,TV Show,Golden Kingdom,,"Wei Diaz, Omar Costa, Sofia Rossi, Priya Tanaka, Lucas Sharma",  canada  ,2011-11-11,2010,TV-MA,3 Seasons,"Anime, Reality TV, Comedies","An emotional story that explores family, ambition, and the human condition."
s979,Movie,Midnight Kingdom,,Amara Brown,,"Apr 17, 2018",2016,TV-14,75 min,"Stand-Up Comedy, Anime, Kids' TV","An emotional story that explores family, ambition, and the human condition."
s667,Movie,Broken Journey,Fatima Brown,"Amara Costa, Wei Sharma",Nigeria,05/01/2021,2019,TV-14,124 min,"Crime TV Shows, Dramas","An emotional story that explores family, ambition, and the human condition."
s1173,TV Show,Secret Shadow,Lucas Diaz,"Fatima Chen, Elena Muller",France,"Oct 10, 2013",2012,TV-MA,2 Seasons,"Crime TV Shows, Thrillers, Action & Adventure","An emotional story that explores family, ambition, and the human condition."
s649,Movie,Secret Truth,Aiko Muller,,,2021-03-04,2020,TV-G,122 min,"Crime TV Shows, Sci-Fi & Fantasy","An emotional story that explores family, ambition, and the human condition."
s658,Movie,Secret World,Aiko Smith,,Canada,"January 10, 1999",1998,PG,179 min,"Romantic Movies, Dramas, Stand-Up Comedy","An emotional story that explores family, ambition, and the human condition."
s820,Movie,Hidden Dream,Priya Muller,"Fatima Silva, Noah Chen",India,08/20/2007,2006,PG-13,129 min,Dramas,"An emotional story that explores family, ambition, and the human condition."
s1118,Movie,Hidden World,,Amara Johnson,Japan,"Jul 08, 2002",2000,NR,99 min,"Anime, Horror Movies, Action & Adventure","An emotional story that explores family, ambition, and the human condition."
s75,TV Show,Golden Story,Noah Khan,"Aiko Garcia, James Diaz, Wei Sharma",Italy,"Feb 15, 2007",2006,PG-13,1 Season,"Thrillers, Documentaries, Comedies","An emotional story that explores family, ambition, and the human condition."
s564,Movie,A Journey,Liam Nguyen,"Elena Brown, Maria Johnson, Liam Silva, Omar Diaz",Brazil,"December 12, 2014",2014,TV-Y,93 min,"Sci-Fi & Fantasy, Dramas, Horror Movies","An emotional story that explores family, ambition, and the human condition."
s1020,Movie,Midnight Kingdom,,"Kenji Costa, Liam Muller, Fatima Sharma, Liam Costa",United States,"Aug 21, 2001",2000,TV-MA,103 min,"Romantic Movies, Sci-Fi & Fantasy","An emotional story that explores family, ambition, and the human condition."
s58,Movie,Secret City,,"Amara Brown, Wei Chen, Liam Muller, Amara Tanaka",Egypt,"July 14, 2014",2013,TV-G,133 min,Reality TV,"An emotional story that explores family, ambition, and the human condition."
s1028,TV Show,Midnight Kingdom,Priya Muller,"Fatima Tanaka, Noah Johnson, Fatima Kim, Sofia Johnson",South Korea,"Jun 17, 2021",2020,NR,4 Seasons,"Romantic Movies, Dramas","An emotional story that explores family, ambition, and the human condition."
s479,Movie,Silent City,Liam Khan,,  italy  ,2013-12-04,2013,TV-G,90 min,Thrillers,"An emotional story that explores family, ambition, and the human condition."
s298,TV Show,Secret Journey,,Sofia Diaz,Spain,"September 20, 2013",2012,TV-MA,1 Season,"Action & Adventure, Crime TV Shows","An emotional story that explores family, ambition, and the human condition."
s955,Movie,Broken Heart,,"Amara Kim, Wei Smith, Omar Costa, Wei Johnson",,2018-06-10,2017,TV-14,138 min,"Horror Movies, Documentaries, Romantic Movies","An emotional story that explores family, ambition, and the human condition."
s218,Movie,Silent Truth,Priya Tanaka,"James Muller, James Chen",France,"Dec 23, 2011",2011,,92 min,Horror Movies,"An emotional story that explores family, ambition, and the human condition."
s713,TV Show,Last Heart,,,India,1998-05-03,1998,TV-14,1 Seasons,"Horror Movies, Romantic Movies","An emotional story that explores family, ambition, and the human condition."
s669,Movie,Rising Truth,Wei Sharma,"Fatima Muller, Noah Rossi, Kenji Garcia, Carlos Kim",France,06/06/2020,2019,R,129 min,"International Movies, Documentaries","An emotional story that explores family, ambition, and the human condition."
s345,TV Show,Hidden City,Aiko Costa,"Kenji Sharma, Amara Khan, Omar Johnson, Lucas Kim, Liam Johnson",  france  ,"Oct 15, 2001",2000,NR,4 Seasons,"Documentaries, Comedies","An emotional story that explores family, ambition, and the human condition."
s714,Movie,Rising Shadow,,"Liam Khan, Aiko Nguyen",Mexico,"October 30, 2002",2001,TV-PG,90 min,Sci-Fi & Fantasy,"An emotional story that explores family, ambition, and the human condition."
s481,TV Show,Hidden Story,Amara Kim,,Egypt,,2002,TV-Y,4 Seasons,"Documentaries, Stand-Up Comedy","An emotional story that explores family, ambition, and the human condition."
s940,TV Show,Rising Shadow,,Lucas Silva,Canada,"April 21, 2001",2000,R,4 Seasons,"Dramas, Documentaries, Kids' TV","An emotional story that explores family, ambition, and the human condition."
s755,Movie,Hidden City Hidden City,,"Elena Muller, Kenji Khan",Spain,2007-10-15,2007,NR,141 min,"International Movies, Reality TV","An emotional story that explores family, ambition, and the human condition."
s1041,Movie,Hidden Story,,"Liam Chen, Aiko Chen, Aiko Brown, James Brown",Spain,"December 08, 2014",2013,PG-13,108 min,"Reality TV, Thrillers, Anime","An emotional story that explores family, ambition, and the human condition."
s703,TV Show,Secret Kingdom,Carlos Chen,"Fatima Garcia, Noah Johnson, Elena Johnson, Noah Sharma",Spain,"August 19, 2012",2012,TV-Y,4 Seasons,Kids' TV,"An emotional story that explores family, ambition, and the human condition."
s869,Movie,Midnight World,,"Elena Garcia, Carlos Johnson, Fatima Costa, Carlos Tanaka",United States,"May 11, 2012",2010,TV-MA,111 min,Kids' TV,"An emotional story that explores family, ambition, and the human condition."
s958,Movie,A Story,Carlos Tanaka,"Elena Tanaka, Lucas Silva",Nigeria,2003-03-10,2002,,182 min,"Action & Adventure, Documentaries","An emotional story that explores family, ambition, and the human condition."
s267,Movie,Last Heart,James Kim,James Chen,Spain,2004-06-22,2002,TV-PG,114 min,"Reality TV, Romantic Movies, Dramas","An emotional story that explores family, ambition, and the human condition."
s7,Movie,Silent Journey,Elena Johnson,Aiko Costa,  india  ,"Nov 05, 2017",2017,TV-G,126 min,"Action & Adventure, International Movies, Kids' TV","An emotional story that explores family, ambition, and the human condition."
s818,Movie,Midnight Kingdom,Elena Muller,"Noah Johnson, Noah Kim, Liam Smith",,2019-12-20,2019,TV-G,134 min,"Action & Adventure, Documentaries, Comedies","An emotional story that explores family, ambition, and the human condition."
s123,TV Show,Hidden Legacy,Liam Chen,"Elena Tanaka, Lucas Smith",Germany,08/02/2000,1999,PG-13,1 Seasons,"Anime, Comedies, Action & Adventure","An emotional story that explores family, ambition, and the human condition."
s1050,Movie,Secret Shadow,Elena Silva,"Carlos Muller, Sofia Smith, Lucas Silva, Priya Brown",,"Feb 16, 2015",2013,TV-14,147 min,Stand-Up Comedy,"An emotional story that explores family, ambition, and the human condition."
s139,Movie,Broken City,,"Amara Nguyen, Amara Khan, Fatima Sharma, Carlos Tanaka",,"November 24, 2017",2016,TV-G,182 min,"Romantic Movies, Comedies","An emotional story that explores family, ambition, and the human condition."
s164,Movie,Rising City,Kenji Garcia,"Amara Nguyen, Carlos Brown",Japan,2006-01-27,2004,TV-14,60 min,"Documentaries, Kids' TV","An emotional story that explores family, ambition, and the human condition."
s734,TV Show,Last Legacy,Liam Tanaka,"Maria Sharma, Elena Smith, Elena Brown",Mexico,"July 11, 2016",2015,R,2 Seasons,"Anime, Horror Movies, Sci-Fi & Fantasy","An emotional story that explores family, ambition, and the human condition."
s549,Movie,Silent Heart,,"Liam Johnson, Fatima Costa",Mexico,08/27/2001,2000,TV-MA,181 min,Crime TV Shows,"An emotional story that explores family, ambition, and the human condition."
s1073,Movie,Silent Heart,,"Amara Smith, Liam Brown, Omar Silva, Amara Sharma, James Costa",United States,"January 31, 2007",2006,PG,104 min,Crime TV Shows,"An emotional story that explores family, ambition, and the human condition."
s44,Movie,Secret World,Wei Chen,"Elena Brown, Sofia Kim, Aiko Sharma, Omar Rossi, Wei Tanaka",France,"Feb 20, 2003",2001,PG,168 min,"International Movies, Anime, Romantic Movies","An emotional story that explores family, ambition, and the human condition."
s779,TV Show,Golden Truth,Noah Muller,"Fatima Kim, Fatima Diaz",Nigeria,07/31/2001,2000,TV-14,8 Seasons,"Stand-Up Comedy, Anime","An emotional story that explores family, ambition, and the human condition."
s1057,Movie,Last Dream,,"Fatima Muller, James Khan, Wei Johnson, Liam Tanaka, Wei Kim",Australia,"Apr 19, 2001",2000,PG,121 min,Crime TV Shows,"An emotional story that explores family, ambition, and the human condition."
s320,Movie,Broken Shadow,Lucas Tanaka,"Omar Sharma, Kenji Khan",Nigeria,2001-04-01,2001,TV-Y,71 min,"Stand-Up Comedy, Romantic Movies","An emotional story that explores family, ambition, and the human condition."
s801,Movie,The Shadow,Omar Muller,Aiko Khan,Nigeria,2013-02-17,2011,TV-14,155 min,Thrillers,"An emotional story that explores family, ambition, and the human condition."
s796,Movie,Hidden Kingdom,Amara Nguyen,James Silva,  south korea  ,,2011,TV-14,127 min,Thrillers,"An emotional story that explores family, ambition, and the human condition."
s452,TV Show,A Shadow,Priya Chen,"Sofia Smith, Sofia Johnson, Liam Smith",Japan,"October 01, 2014",2014,TV-Y,1 Seasons,"International Movies, Anime","An emotional story that explores family, ambition, and the human condition."
s295,Movie,Hidden World,Fatima Brown,"Fatima Brown, Fatima Smith, Carlos Khan, Fatima Silva",Egypt,2023-07-22,2022,PG-13,163 min,Sci-Fi & Fantasy,"An emotional story that explores family, ambition, and the human condition."
s588,TV Show,Midnight City,Sofia Kim,"Priya Diaz, Elena Nguyen, Sofia Tanaka, Wei Tanaka",Nigeria,2011-07-15,2011,TV-14,1 Seasons,Documentaries,"An emotional story that explores family, ambition, and the human condition."
s559,TV Show,Silent Story,Wei Rossi,"Liam Johnson, James Johnson, Carlos Muller, Amara Sharma",South Korea,"November 24, 1999",1998,R,8 Seasons,Comedies,"An emotional story that explores family, ambition, and the human condition."
s1021,Movie,Golden Legacy,James Garcia,"Sofia Rossi, Sofia Tanaka, Wei Silva, Amara Chen",,10/04/2003,2002,PG-13,81 min,Sci-Fi & Fantasy,"An emotional story that explores family, ambition, and the human condition."
s507,Movie,The Shadow,Maria Tanaka,"Fatima Rossi, Liam Smith, Sofia Silva",Mexico,,2004,PG,63 min,"Reality TV, Action & Adventure","An emotional story that explores family, ambition, and the human condition."
s20,TV Show,Midnight World,Liam Diaz,"Aiko Brown, Kenji Brown",Italy,"November 29, 2023",2022,R,4 Seasons,"Sci-Fi & Fantasy, Crime TV Shows","An emotional story that explores family, ambition, and the human condition."
s519,Movie,The Legacy,Sofia Brown,"Wei Nguyen, Priya Silva, Omar Garcia, Amara Diaz, Omar Nguyen",Italy,"September 20, 2014",2014,TV-14,177 min,"Sci-Fi & Fantasy, Documentaries, Stand-Up Comedy","An emotional story that explores family, ambition, and the human condition."
s474,Movie,Silent Dream,,"Lucas Muller, Noah Nguyen, Fatima Johnson, Carlos Diaz, Priya Kim",  germany  ,2000-03-14,1999,NR,116 min,Sci-Fi & Fantasy,"An emotional story that explores family, ambition, and the human condition."
s675,Movie,The Heart,Elena Rossi,"Aiko Tanaka, Maria Nguyen, Maria Brown, Amara Sharma",Brazil,,2022,R,138 min,"Thrillers, Romantic Movies, Kids' TV","An emotional story that explores family, ambition, and the human condition."
s700,TV Show,The Heart,Liam Silva,,Canada,,2022,TV-14,3 Season,"Kids' TV, Reality TV","An emotional story that explores family, ambition, and the human condition."
s1056,TV Show,Broken Story,Sofia Muller,Sofia Chen,,"March 23, 2003",2002,PG-13,7 Seasons,Comedies,"An emotional story that explores family, ambition, and the human condition."
s410,Movie,The Kingdom,,"Aiko Smith, Sofia Rossi, Sofia Sharma, Carlos Diaz, Amara Garcia",United Kingdom,"Feb 10, 2015",2013,TV-14,115 min,"Reality TV, Sci-Fi & Fantasy, Kids' TV","An emotional story that explores family, ambition, and the human condition."
s1102,Movie,Secret Heart,,"Maria Muller, Fatima Kim, Amara Silva",Australia,10/21/2001,2000,TV-Y,163 min,"Stand-Up Comedy, International Movies","An emotional story that explores family, ambition, and the human condition."
s138,Movie,Secret Dream,,"Maria Smith, Omar Tanaka, Omar Nguyen",Brazil,"Nov 18, 2014",2014,TV-Y,154 min,Crime TV Shows,"An emotional story that explores family, ambition, and the human condition."
s1038,TV Show,Midnight Shadow,Sofia Brown,"Kenji Silva, Fatima Muller",Italy,,2018,TV-PG,3 Seasons,"Action & Adventure, Anime","An emotional story that explores family, ambition, and the human condition."
s527,Movie,Midnight Kingdom,Amara Johnson,James Diaz,Australia,"Oct 18, 2012",2011,PG-13,184 min,"Romantic Movies, Kids' TV","An emotional story that explores family, ambition, and the human condition."
s186,TV Show,Broken Kingdom,Carlos Smith,"Noah Johnson, Noah Sharma, Priya Smith",Mexico,"December 10, 2000",2000,R,6 Seasons,"Anime, Sci-Fi & Fantasy, Documentaries","An emotional story that explores family, ambition, and the human condition."
s972,Movie,Secret World,,,Italy,12/20/2012,2011,TV-MA,91 min,"International Movies, Kids' TV, Stand-Up Comedy","An emotional story that explores family, ambition, and the human condition."
s1141,Movie,A Journey,,"Aiko Silva, Maria Rossi, Fatima Nguyen",Nigeria,2012-11-15,2012,PG-13,162 min,"Anime, Action & Adventure, Kids' TV","An emotional story that explores family, ambition, and the human condition."
s1158,TV Show,Last Dream,,"Elena Costa, Fatima Garcia",Spain,"Apr 29, 2011",2010,PG,2 Seasons,"Romantic Movies, Horror Movies, Reality TV","An emotional story that explores family, ambition, and the human condition."
s873,Movie,Rising Journey,Priya Nguyen,"Maria Silva, Wei Khan",Egypt,"Mar 13, 2005",2005,TV-14,145 min,Sci-Fi & Fantasy,"An emotional story that explores family, ambition, and the human condition."
s1169,Movie,Silent Kingdom,Amara Muller,"Priya Diaz, Maria Brown",Japan,"December 24, 2000",1999,TV-G,63 min,"Thrillers, Horror Movies","An emotional story that explores family, ambition, and the human condition."
s508,Movie,The Story The Story,,"Aiko Brown, James Rossi, Maria Silva, Omar Rossi, Noah Khan",Spain,"Sep 27, 2014",2013,TV-MA,180 min,Comedies,"An emotional story that explores family, ambition, and the human condition."
s328,Movie,Golden World,Elena Diaz,Fatima Garcia,France,"Aug 26, 1999",1998,TV-MA,153 min,"Sci-Fi & Fantasy, Crime TV Shows, Action & Adventure","An emotional story that explores family, ambition, and the human condition."
s318,TV Show,Secret Dream,,"Priya Brown, Carlos Nguyen, Sofia Smith",Japan,"Aug 22, 2012",2011,TV-PG,3 Seasons,"Thrillers, Stand-Up Comedy","An emotional story that explores family, ambition, and the human condition."
s838,Movie,Rising City,,Wei Brown,,,2003,PG,81 min,"Anime, Stand-Up Comedy, Dramas","An emotional story that explores family, ambition, and the human condition."
s975,Movie,The World,Lucas Brown,"Wei Nguyen, Wei Silva, Maria Costa, Sofia Costa",South Korea,05/20/2015,2014,TV-14,60 min,"Action & Adventure, Crime TV Shows, Dramas","An emotional story that explores family, ambition, and the human condition."
s722,TV Show,Golden Story,,"James Kim, Carlos Tanaka, Wei Nguyen, Wei Tanaka, Amara Smith",Canada,2023-02-01,2022,TV-PG,2 Seasons,Comedies,"An emotional story that explores family, ambition, and the human condition."
s732,Movie,Hidden World,James Johnson,"Wei Chen, Maria Smith, Carlos Johnson, James Costa, Maria Nguyen",Egypt,09/22/2006,2006,TV-PG,185 min,"Thrillers, Reality TV, Documentaries","An emotional story that explores family, ambition, and the human condition."
s800,Movie,A Truth,,"Wei Costa, Liam Nguyen, Kenji Chen",,"Jan 10, 2009",2007,TV-Y,135 min,Reality TV,"An emotional story that explores family, ambition, and the human condition."
s472,Movie,Hidden Dream,,"Maria Chen, Fatima Nguyen, Wei Johnson, Sofia Costa",Italy,"Dec 25, 2007",2007,TV-G,102 min,"Horror Movies, Sci-Fi & Fantasy","An emotional story that explores family, ambition, and the human condition."
s484,Movie,Hidden Kingdom,Liam Khan,James Silva,Italy,"April 19, 2002",2000,TV-PG,94 min,"Documentaries, Romantic Movies, Crime TV Shows","An emotional story that explores family, ambition, and the human condition."
s786,Movie,Rising Story,,"James Silva, Sofia Tanaka",Japan,07/24/2017,2017,TV-14,177 min,Sci-Fi & Fantasy,"An emotional story that explores family, ambition, and the human condition."
s149,TV Show,Silent Journey,,,India,"Apr 06, 2006",2005,TV-G,5 Seasons,"Horror Movies, Kids' TV","An emotional story that explores family, ambition, and the human condition."
s489,Movie,Hidden Kingdom,,Elena Muller,United States,"Sep 20, 2018",2017,NR,139 min,"Reality TV, Crime TV Shows","An emotional story that explores family, ambition, and the human condition."
s1000,TV Show,Last Shadow,Aiko Nguyen,"Wei Rossi, Carlos Johnson, Priya Brown, Aiko Costa",Germany,11/13/2018,2017,TV-PG,1 Season,"Crime TV Shows, Stand-Up Comedy","An emotional story that explores family, ambition, and the human condition."
s709,Movie,Rising Kingdom,Sofia Nguyen,"Omar Muller, Kenji Silva, Maria Costa",  italy  ,"May 07, 2011",2009,TV-14,137 min,"Dramas, Comedies, Thrillers","An emotional story that explores family, ambition, and the human condition."
s1185,Movie,A Heart,Noah Costa,"Lucas Johnson, Maria Chen, Wei Kim, Kenji Brown, Noah Garcia",Egypt,09/06/2009,2008,TV-MA,186 min,"Stand-Up Comedy, Documentaries","An emotional story that explores family, ambition, and the human condition."
s1167,TV Show,Hidden Journey,James Silva,,Japan,11/27/2005,2005,TV-14,6 Seasons,"Kids' TV, Anime","An emotional story that explores family, ambition, and the human condition."
s366,Movie,The Story,Maria Garcia,,Australia,08/26/2004,2004,TV-G,67 min,"Crime TV Shows, Thrillers, Action & Adventure","An emotional story that explores family, ambition, and the human condition."
s913,Movie,Broken City,,,United States,"April 06, 2018",2016,TV-G,86 min,"Crime TV Shows, Sci-Fi & Fantasy, Stand-Up Comedy","An emotional story that explores family, ambition, and the human condition."
s531,TV Show,Rising World,Maria Costa,Liam Chen,United Kingdom,"August 27, 2018",2018,TV-Y,6 Seasons,"Action & Adventure, Anime","An emotional story that explores family, ambition, and the human condition."
s821,Movie,Broken Shadow,Kenji Sharma,"Elena Tanaka, Elena Costa",,2011-08-11,2011,NR,153 min,"Sci-Fi & Fantasy, Stand-Up Comedy, Reality TV","An emotional story that explores family, ambition, and the human condition."
s816,TV Show,Hidden Journey,,"Lucas Brown, Omar Brown, Lucas Chen",United Kingdom,2003-04-15,2002,PG,2 Seasons,Dramas,"An emotional story that explores family, ambition, and the human condition."
s953,Movie,Secret World,,"Carlos Garcia, Kenji Costa, Wei Chen, Lucas Silva, Noah Sharma",,2020-07-17,2018,TV-Y,90 min,Action & Adventure,"An emotional story that explores family, ambition, and the human condition."
s570,TV Show,Silent City,Noah Silva,,Egypt,"Jan 21, 2001",2000,TV-G,3 Seasons,"Comedies, Kids' TV","An emotional story that explores family, ambition, and the human condition."
s233,Movie,Silent Dream,,"Aiko Tanaka, Maria Silva, Lucas Brown, Fatima Kim, Omar Rossi",Mexico,"December 24, 2015",2015,TV-PG,67 min,"Crime TV Shows, Sci-Fi & Fantasy","An emotional story that explores family, ambition, and the human condition."
s957,TV Show,Silent City,,"Sofia Smith, Amara Muller, Priya Costa, Maria Kim",United Kingdom,10/12/2009,2009,TV-14,8 Seasons,"Comedies, Crime TV Shows","An emotional story that explores family, ambition, and the human condition."
s1186,Movie,A Journey,Aiko Kim,"James Nguyen, Sofia Brown",Canada,"August 10, 2005",2004,TV-14,70 min,"International Movies, Action & Adventure, Anime","An emotional story that explores family, ambition, and the human condition."
s813,Movie,Hidden City,Priya Khan,"Omar Diaz, James Khan, Maria Garcia, Priya Garcia",  brazil  ,"May 08, 2021",2019,R,140 min,"Stand-Up Comedy, Anime","An emotional story that explores family, ambition, and the human condition."
s591,Movie,Silent World,,"Carlos Garcia, Lucas Khan, Liam Kim, James Muller, Wei Garcia",Spain,12/17/2006,2006,TV-Y,118 min,"Comedies, Kids' TV, Action & Adventure","An emotional story that explores family, ambition, and the human condition."
s159,TV Show,Secret Journey,Omar Khan,"Fatima Nguyen, Priya Muller, Liam Kim",  mexico  ,2011-02-14,2009,PG,3 Season,"Action & Adventure, International Movies","An emotional story that explores family, ambition, and the human condition."
s316,Movie,Broken Dream,,"James Silva, Lucas Johnson",Germany,"June 05, 2018",2017,TV-14,142 min,"Crime TV Shows, International Movies","An emotional story that explores family, ambition, and the human condition."
s257,Movie,Secret City,Omar Khan,"Lucas Nguyen, Omar Khan, Priya Sharma",,"Jul 29, 2015",2014,PG,140 min,"Crime TV Shows, Action & Adventure, Kids' TV","An emotional story that explores family, ambition, and the human condition."
s1116,TV Show,Secret Truth,James Khan,Maria Kim,  nigeria  ,09/04/2022,2022,TV-14,3 Season,Documentaries,"An emotional story that explores family, ambition, and the human condition."
s97,Movie,Broken City,Amara Kim,"Omar Brown, Priya Nguyen, Omar Costa",India,06/03/2003,2001,NR,119 min,"Kids' TV, Action & Adventure","An emotional story that explores family, ambition, and the human condition."
s1184,TV Show,Midnight World,,"Fatima Diaz, Carlos Garcia",Italy,"Feb 17, 2010",2008,PG-13,2 Seasons,"Documentaries, Anime, Thrillers","An emotional story that explores family, ambition, and the human condition."
s463,Movie,Golden Story,,,Australia,2002-12-21,2002,NR,152 min,Action & Adventure,"An emotional story that explores family, ambition, and the human condition."
s385,Movie,The World,Elena Kim,Liam Diaz,United States,"Feb 15, 2000",1999,R,140 min,Comedies,"An emotional story that explores family, ambition, and the human condition."
s1109,Movie,The Heart,Omar Nguyen,Wei Diaz,  japan  ,09/10/2022,2021,TV-Y,154 min,"Action & Adventure, Reality TV","An emotional story that explores family, ambition, and the human condition."
s178,Movie,Secret Kingdom,Priya Nguyen,"Maria Johnson, Liam Smith, Omar Kim",  australia  ,"Jun 20, 2006",2004,TV-MA,77 min,"Stand-Up Comedy, Dramas, Kids' TV","An emotional story that explores family, ambition, and the human condition."
s475,Movie,A Shadow,Elena Rossi,"Priya Costa, Maria Diaz",United States,2009-04-07,2009,TV-14,121 min,"Comedies, Horror Movies, Romantic Movies","An emotional story that explores family, ambition, and the human condition."
s329,Movie,A Heart,Omar Khan,,  mexico  ,"Oct 05, 2019",2019,,183 min,"Reality TV, Stand-Up Comedy","An emotional story that explores family, ambition, and the human condition."
s315,Movie,Last Shadow,Elena Nguyen,"Elena Brown, Carlos Nguyen",United Kingdom,"Nov 27, 2021",2020,R,166 min,"Thrillers, Reality TV","An emotional story that explores family, ambition, and the human condition."
s416,TV Show,A City,Sofia Nguyen,Noah Khan,Egypt,"Aug 29, 2021",2021,TV-Y,5 Seasons,Horror Movies,"An emotional story that explores family, ambition, and the human condition."
s358,Movie,Midnight Dream,Lucas Khan,"Kenji Silva, Lucas Diaz, Priya Silva",Japan,,1998,TV-MA,178 min,"Thrillers, Dramas, Sci-Fi & Fantasy","An emotional story that explores family, ambition, and the human condition."
s348,Movie,Last Dream,,,Spain,2020-01-06,2018,TV-G,65 min,"Romantic Movies, Thrillers, Stand-Up Comedy","An emotional story that explores family, ambition, and the human condition."
s505,Movie,Broken City,Kenji Silva,,  italy  ,10/04/2003,2002,R,61 min,Horror Movies,"An emotional story that explores family, ambition, and the human condition."
s299,Movie,Golden Story,,"Fatima Brown, Kenji Costa, Fatima Smith",Germany,"Sep 03, 2011",2011,TV-PG,140 min,"Horror Movies, Reality TV, Anime","An emotional story that explores family, ambition, and the human condition."
s1070,Movie,Midnight City,Sofia Costa,"Amara Muller, Elena Khan",  united states  ,11/28/2006,2006,TV-MA,104 min,Romantic Movies,"An emotional story that explores family, ambition, and the human condition."
s1009,Movie,Rising Dream,,Omar Rossi,Spain,"Apr 05, 2007",2007,NR,130 min,"Horror Movies, Action & Adventure","An emotional story that explores family, ambition, and the human condition."
s789,Movie,The Shadow,Lucas Chen,,  italy  ,"Nov 01, 2013",2012,PG-13,69 min,Action & Adventure,"An emotional story that explores family, ambition, and the human condition."
s706,Movie,Golden Legacy,Fatima Nguyen,"Elena Garcia, Sofia Muller",India,03/04/2013,2011,TV-MA,81 min,"Horror Movies, Documentaries, International Movies","An emotional story that explores family, ambition, and the human condition."
s961,TV Show,Rising Dream,Amara Rossi,"Carlos Sharma, Noah Brown, Lucas Costa, Omar Muller",United Kingdom,07/11/2019,2019,PG-13,8 Seasons,Kids' TV,"An emotional story that explores family, ambition, and the human condition."
s659,Movie,Golden Dream,Sofia Rossi,"Sofia Smith, Kenji Sharma, James Sharma, Fatima Khan, James Silva",Egypt,01/03/2001,2000,TV-G,61 min,Romantic Movies,"An emotional story that explores family, ambition, and the human condition."
s250,Movie,Golden Legacy,James Nguyen,"Elena Khan, Omar Kim, Priya Costa",United States,05/08/2001,1999,TV-Y,112 min,"Dramas, Kids' TV, International Movies","An emotional story that explores family, ambition, and the human condition."
s844,Movie,Golden Story,Fatima Brown,"Wei Diaz, Elena Smith, Sofia Smith, Noah Costa, Fatima Costa",  india  ,"October 05, 2014",2013,TV-14,69 min,Comedies,"An emotional story that explores family, ambition, and the human condition."
s16,Movie,A City,Sofia Muller,"James Silva, Fatima Costa",  egypt  ,"May 05, 2001",1999,NR,171 min,"Crime TV Shows, Stand-Up Comedy","An emotional story that explores family, ambition, and the human condition."
s1145,Movie,Secret Dream,,"James Chen, Fatima Tanaka, Kenji Smith, Noah Silva, Aiko Sharma",Australia,12/31/2020,2019,TV-G,133 min,Horror Movies,"An emotional story that explores family, ambition, and the human condition."
s160,TV Show,A Shadow,,"Elena Tanaka, Kenji Tanaka",France,,2017,TV-PG,3 Seasons,"Sci-Fi & Fantasy, Dramas, Documentaries","An emotional story that explores family, ambition, and the human condition."
s1095,Movie,Rising Kingdom,Lucas Muller,"Elena Kim, Lucas Johnson, Maria Muller, Lucas Chen",United States,"September 16, 2006",2005,TV-MA,186 min,"Crime TV Shows, Action & Adventure","An emotional story that explores family, ambition, and the human condition."
s611,TV Show,Hidden World,,"Sofia Costa, Fatima Sharma",Germany,06/19/2011,2009,TV-PG,8 Seasons,Reality TV,"An emotional story that explores family, ambition, and the human condition."
s361,Movie,Hidden Heart Hidden Heart,Kenji Brown,"Sofia Muller, Priya Chen, Noah Tanaka",Australia,"Apr 16, 1999",1998,TV-PG,80 min,"Crime TV Shows, Documentaries","An emotional story that explores family, ambition, and the human condition."
s49,Movie,The Shadow,,"Wei Brown, Priya Khan, Kenji Diaz, Amara Muller, Liam Rossi",United Kingdom,03/20/2019,2017,PG,132 min,Thrillers,"An emotional story that explores family, ambition, and the human condition."
s203,Movie,Midnight Heart,Amara Brown,"Sofia Kim, Noah Silva, Amara Rossi, James Johnson",Mexico,11/10/2019,2018,NR,116 min,"Stand-Up Comedy, Documentaries, Crime TV Shows","An emotional story that explores family, ambition, and the human condition."
s331,Movie,Secret Dream,Wei Brown,"Kenji Johnson, Kenji Chen, Maria Silva",South Korea,"January 29, 2006",2004,NR,170 min,Thrillers,"An emotional story that explores family, ambition, and the human condition."
s599,Movie,Silent Story,Liam Nguyen,"Kenji Costa, James Tanaka, Sofia Chen, James Kim",India,08/24/2020,2020,PG,99 min,"Documentaries, International Movies","An emotional story that explores family, ambition, and the human condition."
s511,Movie,Golden Journey,,Sofia Tanaka,Germany,"Aug 04, 2003",2001,TV-MA,137 min,"Stand-Up Comedy, Action & Adventure, Romantic Movies","An emotional story that explores family, ambition, and the human condition."
s113,Movie,Broken Legacy,Elena Khan,"Elena Nguyen, Elena Kim, Sofia Chen, Carlos Khan",Brazil,07/18/2001,2000,TV-G,82 min,"Sci-Fi & Fantasy, Documentaries, Horror Movies","An emotional story that explores family, ambition, and the human condition."
s339,Movie,Secret Story,,"Omar Rossi, Elena Nguyen, Amara Kim",Italy,02/12/2010,2008,TV-PG,98 min,"Documentaries, International Movies, Stand-Up Comedy","An emotional story that explores family, ambition, and the human condition."
s308,Movie,Last Dream,Carlos Rossi,Kenji Johnson,Spain,02/15/2021,2019,NR,75 min,"Dramas, Sci-Fi & Fantasy, Reality TV","An emotional story that explores family, ambition, and the human condition."
s790,Movie,The Story,Liam Brown,Liam Tanaka,Egypt,"Oct 20, 2009",2008,TV-MA,77 min,Stand-Up Comedy,"An emotional story that explores family, ambition, and the human condition."
s423,TV Show,A Story,Wei Khan,Fatima Costa,  canada  ,09/15/2012,2012,TV-PG,6 Seasons,"Documentaries, Thrillers, Anime","An emotional story that explores family, ambition, and the human condition."
s417,TV Show,Rising World,Priya Rossi,Kenji Muller,  mexico  ,04/18/2006,2005,R,8 Season,"Crime TV Shows, Romantic Movies, Stand-Up Comedy","An emotional story that explores family, ambition, and the human condition."
s952,TV Show,Secret Kingdom,Fatima Sharma,Carlos Johnson,  united states  ,08/13/2011,2009,R,7 Seasons,International Movies,"An emotional story that explores family, ambition, and the human condition."
s411,Movie,The Dream,Lucas Muller,"Elena Rossi, Noah Diaz, Elena Johnson, Kenji Garcia, Lucas Johnson",Mexico,"December 01, 2018",2017,PG,139 min,Dramas,"An emotional story that explores family, ambition, and the human condition."
s981,TV Show,A Truth,Noah Brown,,Italy,"July 03, 2006",2005,PG-13,3 Seasons,Crime TV Shows,"An emotional story that explores family, ambition, and the human condition."
s792,Movie,A City,,James Muller,,"Aug 05, 2012",2011,,115 min,"Sci-Fi & Fantasy, Romantic Movies, Kids' TV","An emotional story that explores family, ambition, and the human condition."
s856,TV Show,Last Kingdom,Amara Smith,"Omar Tanaka, Priya Muller, Lucas Johnson",Egypt,2001-05-28,1999,NR,7 Seasons,"Horror Movies, International Movies","An emotional story that explores family, ambition, and the human condition."
s645,Movie,Golden Legacy,Lucas Garcia,"James Muller, Liam Kim, Lucas Brown, Amara Chen, Noah Nguyen",Canada,"November 19, 2017",2017,NR,120 min,Dramas,"An emotional story that explores family, ambition, and the human condition."
s396,TV Show,Midnight Shadow,Omar Brown,"Lucas Costa, Omar Diaz, Elena Garcia, Maria Kim",Nigeria,2012-10-09,2012,TV-MA,4 Seasons,Reality TV,"An emotional story that explores family, ambition, and the human condition."
s668,Movie,Rising Kingdom,Lucas Kim,,France,12/10/1999,1998,TV-G,96 min,"Thrillers, Romantic Movies, Stand-Up Comedy","An emotional story that explores family, ambition, and the human condition."
s460,Movie,Broken Heart,Noah Garcia,"Elena Johnson, Kenji Costa, Carlos Nguyen, Noah Chen",  canada  ,"Jan 25, 2006",2006,,61 min,"Kids' TV, Comedies, Crime TV Shows","An emotional story that explores family, ambition, and the human condition."
s656,TV Show,Hidden City,Elena Diaz,"Omar Garcia, Noah Muller, James Muller, Maria Rossi",,03/09/2002,2001,PG,5 Season,"Reality TV, Sci-Fi & Fantasy, Horror Movies","An emotional story that explores family, ambition, and the human condition."
s128,Movie,Hidden Heart,James Diaz,Elena Brown,  spain  ,10/15/2004,2004,TV-PG,183 min,"Sci-Fi & Fantasy, Reality TV","An emotional story that explores family, ambition, and the human condition."
s1058,TV Show,The Story,,"Priya Diaz, Amara Johnson, James Nguyen",Italy,"October 08, 2018",2018,TV-14,4 Seasons,"Crime TV Shows, Horror Movies, Stand-Up Comedy","An emotional story that explores family, ambition, and the human condition."
s1190,Movie,Hidden Story,,"Elena Sharma, Liam Silva, James Muller, Elena Tanaka, Omar Muller",Brazil,08/14/2006,2006,TV-G,115 min,Sci-Fi & Fantasy,"An emotional story that explores family, ambition, and the human condition."
s1093,Movie,Golden Heart,,"Noah Rossi, Kenji Smith, Elena Sharma, Amara Tanaka, Priya Muller",,"August 27, 2023",2022,PG-13,102 min,"Kids' TV, Crime TV Shows","An emotional story that explores family, ambition, and the human condition."
s774,Movie,Broken World,Carlos Silva,"Noah Rossi, Liam Brown, Sofia Rossi, Amara Sharma, Wei Sharma",Brazil,2023-07-17,2022,PG-13,84 min,"Romantic Movies, Action & Adventure, Stand-Up Comedy","An emotional story that explores family, ambition, and the human condition."
s450,TV Show,Rising Story,Kenji Smith,Amara Johnson,Egypt,"Jul 13, 2008",2008,TV-14,3 Seasons,Romantic Movies,"An emotional story that explores family, ambition, and the human condition."
s238,Movie,Midnight Truth,Aiko Kim,"Kenji Johnson, Aiko Nguyen, Wei Silva, Amara Diaz, Omar Muller",South Korea,10/19/2008,2007,NR,167 min,"Comedies, Action & Adventure, Horror Movies","An emotional story that explores family, ambition, and the human condition."
s168,Movie,Last Legacy,Lucas Tanaka,"James Tanaka, Aiko Diaz, Wei Tanaka, Amara Smith",  united kingdom  ,01/28/2021,2020,TV-MA,79 min,"Dramas, Anime, Comedies","An emotional story that explores family, ambition, and the human condition."
s783,Movie,Midnight Heart,Elena Rossi,"Fatima Garcia, Priya Garcia, Fatima Nguyen, Elena Chen, Aiko Nguyen",Italy,"Jul 03, 2001",2001,PG,98 min,"Dramas, Comedies, International Movies","An emotional story that explores family, ambition, and the human condition."
s636,TV Show,Golden Story,Noah Diaz,"Wei Smith, Amara Khan, Liam Sharma, Omar Sharma, Fatima Costa",South Korea,2008-01-18,2007,TV-MA,2 Seasons,Sci-Fi & Fantasy,"An emotional story that explores family, ambition, and the human condition."
s81,Movie,Secret Story,Wei Garcia,,Egypt,10/08/2010,2010,TV-PG,118 min,"Kids' TV, Thrillers","An emotional story that explores family, ambition, and the human condition."
s415,Movie,Broken Dream,Maria Silva,Kenji Muller,Japan,"Mar 16, 2020",2019,TV-14,88 min,"Documentaries, Romantic Movies","An emotional story that explores family, ambition, and the human condition."
s670,TV Show,Rising Dream,Kenji Kim,"Omar Johnson, Wei Johnson, Lucas Diaz, Carlos Tanaka, Kenji Kim",Germany,"Aug 12, 2014",2013,PG-13,4 Seasons,"Documentaries, Reality TV, Crime TV Shows","An emotional story that explores family, ambition, and the human condition."
s301,TV Show,Rising Kingdom,Maria Nguyen,Priya Khan,  japan  ,02/06/2014,2012,PG-13,1 Seasons,Stand-Up Comedy,"An emotional story that explores family, ambition, and the human condition."
s643,Movie,Silent City,Wei Rossi,"Maria Costa, Carlos Sharma, Carlos Tanaka",Spain,"August 31, 2007",2006,PG,113 min,"Thrillers, Horror Movies, Action & Adventure","An emotional story that explores family, ambition, and the human condition."
s325,Movie,Golden Dream,Amara Brown,"Maria Garcia, Noah Smith, James Khan",Spain,"June 25, 2009",2007,,161 min,"Crime TV Shows, Romantic Movies, International Movies","An emotional story that explores family, ambition, and the human condition."
s936,Movie,A Legacy,Carlos Silva,"Maria Diaz, Priya Sharma, Amara Brown, Omar Chen",South Korea,2021-09-27,2021,PG-13,187 min,"Anime, Sci-Fi & Fantasy","An emotional story that explores family, ambition, and the human condition."
s216,Movie,Golden Dream,James Muller,"Fatima Silva, Priya Muller",,2023-12-26,2022,R,172 min,Kids' TV,"An emotional story that explores family, ambition, and the human condition."
s622,Movie,The Dream,,"Elena Tanaka, Liam Chen, Elena Kim, Fatima Tanaka, Liam Brown",Spain,11/30/1999,1998,TV-PG,181 min,"Kids' TV, Documentaries, Sci-Fi & Fantasy","An emotional story that explores family, ambition, and the human condition."
s31,Movie,Secret Dream,Sofia Khan,"Fatima Brown, Amara Muller, Fatima Khan, Amara Sharma, Carlos Silva",India,"Dec 04, 2010",2009,TV-G,163 min,"Stand-Up Comedy, Crime TV Shows","An emotional story that explores family, ambition, and the human condition."
s753,Movie,Broken City,Noah Johnson,,Brazil,"September 30, 2018",2018,PG-13,153 min,Romantic Movies,"An emotional story that explores family, ambition, and the human condition."
s243,TV Show,Rising City,James Chen,"Omar Sharma, Maria Silva",Mexico,2020-07-27,2020,TV-14,2 Seasons,"Stand-Up Comedy, Romantic Movies, Reality TV","An emotional story that explores family, ambition, and the human condition."
s730,Movie,Silent Journey,James Rossi,,Italy,06/05/2003,2002,TV-Y,148 min,"Crime TV Shows, Comedies","An emotional story that explores family, ambition, and the human condition."
s641,Movie,Hidden Shadow,Aiko Johnson,"Fatima Nguyen, Lucas Smith",Canada,"Mar 09, 2002",2000,PG,126 min,"Horror Movies, Crime TV Shows","An emotional story that explores family, ambition, and the human condition."
s336,Movie,Midnight Kingdom,,Amara Tanaka,Canada,"Nov 23, 2011",2011,TV-G,61 min,Thrillers,"An emotional story that explores family, ambition, and the human condition."
s1006,Movie,Secret Dream,Wei Smith,Fatima Rossi,Germany,08/11/2011,2011,TV-14,119 min,Crime TV Shows,"An emotional story that explores family, ambition, and the human condition."
s210,Movie,Secret Dream,Elena Brown,"Sofia Chen, Sofia Kim",India,"Jul 04, 2018",2017,TV-PG,138 min,"Sci-Fi & Fantasy, Dramas","An emotional story that explores family, ambition, and the human condition."
s548,Movie,Last Heart,Maria Chen,"Liam Garcia, Amara Tanaka",Germany,"October 01, 2000",1999,TV-Y,107 min,"Documentaries, Thrillers, Anime","An emotional story that explores family, ambition, and the human condition."
s436,Movie,The Kingdom,Elena Diaz,,Nigeria,2012-02-10,2011,TV-MA,94 min,"Stand-Up Comedy, International Movies, Anime","An emotional story that explores family, ambition, and the human condition."
s1142,Movie,A World,Aiko Smith,"Priya Costa, Noah Kim, Amara Smith",Canada,"February 20, 2022",2021,TV-G,102 min,"Documentaries, Stand-Up Comedy","An emotional story that explores family, ambition, and the human condition."
s1110,Movie,Rising Heart,Lucas Tanaka,Carlos Costa,South Korea,12/19/2008,2007,R,160 min,Horror Movies,"An emotional story that explores family, ambition, and the human condition."
s569,TV Show,Secret Legacy,Maria Khan,"Noah Muller, Elena Diaz, Noah Nguyen",,"Aug 17, 2013",2012,TV-PG,4 Seasons,"Anime, Documentaries, Sci-Fi & Fantasy","An emotional story that explores family, ambition, and the human condition."
s404,Movie,A Legacy,Amara Garcia,"Elena Khan, Liam Rossi",  france  ,10/09/2011,2010,TV-PG,149 min,"Anime, Crime TV Shows, Sci-Fi & Fantasy","An emotional story that explores family, ambition, and the human condition."
s284,TV Show,Last Truth,Maria Brown,"Elena Tanaka, Sofia Sharma, Elena Sharma, Carlos Smith",Brazil,"Jun 29, 2017",2016,TV-MA,1 Seasons,"Dramas, Reality TV","An emotional story that explores family, ambition, and the human condition."
s363,Movie,Midnight Dream,Liam Tanaka,"Lucas Smith, Amara Tanaka, Amara Brown, Maria Costa, Aiko Tanaka",  france  ,"December 02, 2022",2022,PG,164 min,"Documentaries, Comedies","An emotional story that explores family, ambition, and the human condition."
s272,Movie,Silent Kingdom,Aiko Rossi,"Amara Silva, Maria Smith, Maria Garcia, Sofia Diaz",  spain  ,"June 04, 2010",2008,PG-13,109 min,Stand-Up Comedy,"An emotional story that explores family, ambition, and the human condition."
s467,Movie,Last Legacy,,"Lucas Khan, Maria Smith",United States,"Nov 16, 2012",2011,TV-Y,86 min,"Crime TV Shows, Documentaries","An emotional story that explores family, ambition, and the human condition."
s1085,Movie,The Truth,Elena Rossi,"Elena Nguyen, Omar Nguyen, Omar Rossi, Omar Sharma",France,12/18/2011,2011,PG-13,78 min,"Dramas, International Movies, Horror Movies","An emotional story that explores family, ambition, and the human condition."
s778,TV Show,Silent Kingdom,,"Aiko Sharma, Lucas Diaz",Italy,"Nov 04, 1999",1999,R,1 Seasons,"Romantic Movies, Action & Adventure, Comedies","An emotional story that explores family, ambition, and the human condition."
s278,Movie,A Kingdom,Wei Diaz,"Priya Tanaka, Omar Rossi",,"Dec 05, 2010",2009,,129 min,"Comedies, Dramas","An emotional story that explores family, ambition, and the human condition."
s1083,Movie,Last City,Carlos Garcia,"Sofia Sharma, Omar Silva, James Chen, Lucas Nguyen, Elena Tanaka",South Korea,12/07/2023,2022,TV-MA,158 min,"Comedies, Thrillers, Dramas","An emotional story that explores family, ambition, and the human condition."
s1159,Movie,Broken Shadow,Sofia Brown,"Elena Johnson, Sofia Silva, Amara Khan",United States,,2013,TV-PG,187 min,"Romantic Movies, Horror Movies, Reality TV","An emotional story that explores family, ambition, and the human condition."
s1149,Movie,Last Journey,Noah Costa,Fatima Kim,United Kingdom,"February 19, 2004",2003,TV-PG,129 min,"Sci-Fi & Fantasy, Dramas","An emotional story that explores family, ambition, and the human condition."
s698,Movie,The Journey,Lucas Rossi,Maria Sharma,Germany,02/05/2004,2002,NR,163 min,"Crime TV Shows, Reality TV, Documentaries","An emotional story that explores family, ambition, and the human condition."
s443,TV Show,Midnight Kingdom,James Rossi,"Wei Smith, Liam Nguyen, Liam Kim, Omar Sharma, Noah Diaz",Italy,"Jan 10, 2000",1999,TV-14,1 Seasons,"Romantic Movies, Action & Adventure, Stand-Up Comedy","An emotional story that explores family, ambition, and the human condition."
s300,TV Show,Midnight Legacy,Elena Chen,,Japan,"Dec 24, 2002",2002,R,2 Seasons,"Crime TV Shows, Stand-Up Comedy, Kids' TV","An emotional story that explores family, ambition, and the human condition."
s376,TV Show,Hidden Journey,Lucas Chen,"Aiko Diaz, Amara Tanaka",Germany,2013-01-16,2011,TV-14,6 Season,"Reality TV, Documentaries","An emotional story that explores family, ambition, and the human condition."
s664,Movie,Last Kingdom,Priya Kim,"Noah Silva, Priya Garcia, Lucas Kim",  south korea  ,"Aug 02, 2004",2004,TV-Y,71 min,Horror Movies,"An emotional story that explores family, ambition, and the human condition."
s1182,TV Show,Last Journey,Maria Silva,"Lucas Smith, Fatima Garcia, Sofia Smith, Noah Johnson",Canada,"Sep 18, 2007",2006,R,2 Season,Horror Movies,"An emotional story that explores family, ambition, and the human condition."
s612,Movie,Broken Journey,Omar Sharma,"Maria Nguyen, Noah Garcia, Kenji Kim, Fatima Costa, Noah Rossi",Germany,"Apr 14, 2013",2012,R,147 min,"Anime, Romantic Movies","An emotional story that explores family, ambition, and the human condition."
s473,TV Show,Secret Kingdom,,,Egypt,"June 22, 2001",2000,TV-MA,7 Seasons,Dramas,"An emotional story that explores family, ambition, and the human condition."
s852,Movie,The Truth,Liam Nguyen,"Aiko Smith, Kenji Johnson, Noah Muller",Germany,2001-05-04,2001,TV-PG,167 min,"Dramas, International Movies, Anime","An emotional story that explores family, ambition, and the human condition."
s1103,Movie,A Legacy,Noah Silva,"Carlos Diaz, Omar Costa, Omar Rossi, Maria Brown",,"Jan 24, 2019",2019,TV-14,64 min,"Crime TV Shows, Kids' TV","An emotional story that explores family, ambition, and the human condition."
s389,Movie,Hidden Kingdom,Lucas Tanaka,Wei Khan,Canada,2002-05-29,2002,PG,108 min,International Movies,"An emotional story that explores family, ambition, and the human condition."
s23,Movie,Silent World,Lucas Costa,"Liam Nguyen, Omar Muller, Priya Costa, Wei Diaz, Elena Sharma",Nigeria,"Apr 25, 2009",2007,TV-14,120 min,"International Movies, Documentaries, Reality TV","An emotional story that explores family, ambition, and the human condition."
s701,TV Show,The World,Lucas Kim,"Kenji Smith, Priya Rossi, Aiko Muller, Kenji Muller, Carlos Johnson",Canada,"Jun 19, 2022",2021,,1 Seasons,"Comedies, Horror Movies","An emotional story that explores family, ambition, and the human condition."
s916,Movie,Hidden Truth,Noah Diaz,"Lucas Brown, Omar Tanaka, Elena Tanaka, Wei Nguyen",Italy,"Oct 19, 2022",2021,TV-G,135 min,"Stand-Up Comedy, Comedies","An emotional story that explores family, ambition, and the human condition."
s424,TV Show,A Dream,Kenji Diaz,"Noah Diaz, Omar Diaz, Elena Nguyen, Liam Chen",India,"Feb 20, 2015",2014,PG,5 Seasons,"Crime TV Shows, Stand-Up Comedy","An emotional story that explores family, ambition, and the human condition."
s1088,Movie,Hidden Story,Noah Brown,"Fatima Garcia, Kenji Silva, Maria Muller, Omar Brown, Amara Silva",Mexico,"Mar 10, 2006",2006,PG,120 min,"Kids' TV, Romantic Movies, Stand-Up Comedy","An emotional story that explores family, ambition, and the human condition."
s744,TV Show,A Heart,Lucas Muller,"Fatima Silva, Aiko Sharma",Italy,"Oct 27, 2013",2012,TV-14,4 Season,Comedies,"An emotional story that explores family, ambition, and the human condition."
s956,TV Show,Hidden Journey Hidden Journey,Sofia Khan,,  canada  ,"Oct 27, 2000",2000,TV-14,1 Seasons,Sci-Fi & Fantasy,"An emotional story that explores family, ambition, and the human condition."
s307,TV Show,Silent Shadow,Sofia Silva,"Fatima Sharma, Kenji Rossi, Liam Sharma, Noah Silva",  spain  ,"Oct 07, 2013",2012,,2 Seasons,"Dramas, Comedies, Thrillers","An emotional story that explores family, ambition, and the human condition."
s143,TV Show,The Truth,,"Omar Muller, Priya Smith, Maria Silva, Liam Chen",Mexico,"June 14, 2005",2003,PG,1 Seasons,"Kids' TV, Sci-Fi & Fantasy","An emotional story that explores family, ambition, and the human condition."
s51,Movie,A World,,"Lucas Chen, Lucas Costa, Sofia Smith",United Kingdom,"March 06, 2013",2012,PG,64 min,Crime TV Shows,"An emotional story that explores family, ambition, and the human condition."
s721,Movie,Secret Journey,,Omar Nguyen,Canada,"Sep 02, 2016",2016,PG-13,153 min,Romantic Movies,"An emotional story that explores family, ambition, and the human condition."
s761,Movie,Broken Truth,,Wei Chen,United States,2021-09-12,2021,PG-13,125 min,"International Movies, Anime, Action & Adventure","An emotional story that explores family, ambition, and the human condition."
s82,Movie,Midnight Story,Noah Sharma,"Sofia Khan, James Smith",Australia,"March 17, 2004",2002,TV-Y,109 min,International Movies,"An emotional story that explores family, ambition, and the human condition."
s483,Movie,Golden Shadow,,"Priya Kim, Wei Muller",Australia,07/21/2011,2010,,61 min,Documentaries,"An emotional story that explores family, ambition, and the human condition."
s322,Movie,Last Truth,Fatima Sharma,"Carlos Chen, Kenji Rossi",Nigeria,2017-02-24,2016,R,109 min,Dramas,"An emotional story that explores family, ambition, and the human condition."
s1003,TV Show,The City,,Sofia Nguyen,  australia  ,06/12/2002,2002,R,1 Seasons,"Dramas, International Movies, Sci-Fi & Fantasy","An emotional story that explores family, ambition, and the human condition."
s719,Movie,Silent Heart,Liam Muller,,,"May 28, 2012",2011,TV-Y,154 min,"Stand-Up Comedy, Comedies, Sci-Fi & Fantasy","An emotional story that explores family, ambition, and the human condition."
s136,Movie,A World,,"James Brown, Maria Costa, Priya Nguyen, Carlos Johnson, Elena Silva",Germany,04/01/2015,2014,R,147 min,"Horror Movies, Crime TV Shows","An emotional story that explores family, ambition, and the human condition."
s67,Movie,Last Shadow,Elena Brown,,Egypt,07/29/2020,2019,TV-14,96 min,"Documentaries, Dramas","An emotional story that explores family, ambition, and the human condition."
s960,Movie,Hidden Shadow,,"Carlos Khan, Elena Diaz",Germany,"November 13, 2008",2008,NR,140 min,"Reality TV, Comedies, Action & Adventure","An emotional story that explores family, ambition, and the human condition."
s937,Movie,Golden Journey,Lucas Smith,James Muller,Japan,03/28/2000,1998,TV-14,156 min,"Crime TV Shows, Romantic Movies, Anime","An emotional story that explores family, ambition, and the human condition."
s772,TV Show,Last Story,Amara Costa,"Kenji Khan, Amara Rossi, Liam Khan, Lucas Nguyen, Fatima Johnson",Australia,"July 13, 2013",2012,TV-Y,8 Seasons,"Dramas, Action & Adventure","An emotional story that explores family, ambition, and the human condition."
s418,Movie,Silent Legacy,Carlos Brown,"Carlos Kim, Elena Garcia",South Korea,"May 13, 2005",2005,TV-PG,114 min,"Dramas, Comedies, Stand-Up Comedy","An emotional story that explores family, ambition, and the human condition."
s1168,Movie,Midnight Story,Aiko Smith,Maria Costa,Italy,2016-09-04,2016,TV-MA,173 min,Crime TV Shows,"An emotional story that explores family, ambition, and the human condition."
s65,TV Show,The Legacy,Sofia Brown,"Elena Diaz, Lucas Rossi",United Kingdom,"Jan 22, 2020",2019,PG-13,1 Seasons,"Sci-Fi & Fantasy, Thrillers, Documentaries","An emotional story that explores family, ambition, and the human condition."
s944,Movie,Last Shadow,Liam Garcia,"Priya Tanaka, Liam Johnson, Liam Chen, Omar Sharma, Maria Tanaka",Germany,"Mar 27, 2006",2005,TV-MA,93 min,"Dramas, Anime, Horror Movies","An emotional story that explores family, ambition, and the human condition."
s935,Movie,Silent Heart Silent Heart,Liam Chen,Fatima Chen,Brazil,05/04/2007,2005,TV-G,169 min,"Dramas, Comedies, Kids' TV","An emotional story that explores family, ambition, and the human condition."
s1104,Movie,Midnight Kingdom,Elena Silva,"Amara Costa, James Diaz, Sofia Silva, Elena Muller",Spain,"Sep 09, 2012",2012,PG-13,135 min,"Anime, Documentaries, Sci-Fi & Fantasy","An emotional story that explores family, ambition, and the human condition."
s492,TV Show,Silent Shadow Silent Shadow,,"Aiko Khan, Omar Diaz, Noah Brown, Noah Garcia, Wei Kim",Mexico,11/05/2006,2006,TV-14,8 Seasons,"Thrillers, Romantic Movies, Reality TV","An emotional story that explores family, ambition, and the human condition."
s733,Movie,Broken Heart,,"Kenji Garcia, Wei Diaz",Mexico,10/23/2005,2004,TV-PG,83 min,Documentaries,"An emotional story that explores family, ambition, and the human condition."
s836,Movie,The Shadow,Omar Chen,"Fatima Kim, Carlos Khan, Priya Nguyen, Elena Smith, Fatima Brown",  united kingdom  ,02/11/2003,2002,TV-MA,108 min,"Crime TV Shows, Dramas, Stand-Up Comedy","An emotional story that explores family, ambition, and the human condition."
s66,Movie,Midnight Story,,"Priya Sharma, Lucas Silva, Lucas Brown, Noah Muller, Liam Chen",Nigeria,02/17/2020,2018,TV-14,67 min,"Reality TV, Kids' TV, Comedies","An emotional story that explores family, ambition, and the human condition."
s1023,Movie,Rising Dream,,Sofia Khan,Egypt,2019-03-17,2018,R,67 min,"Sci-Fi & Fantasy, Crime TV Shows","An emotional story that explores family, ambition, and the human condition."
s596,Movie,Hidden Story,Lucas Costa,"James Brown, Elena Costa, Carlos Garcia",South Korea,"May 05, 2022",2020,TV-14,110 min,"Crime TV Shows, Reality TV, Horror Movies","An emotional story that explores family, ambition, and the human condition."
s1013,Movie,Rising Legacy,Fatima Diaz,"Elena Diaz, Noah Chen",Japan,"Apr 28, 2012",2010,,130 min,"International Movies, Romantic Movies, Thrillers","An emotional story that explores family, ambition, and the human condition."
s297,Movie,Midnight Truth,Priya Tanaka,,,2006-02-24,2004,PG-13,153 min,"Action & Adventure, Thrillers","An emotional story that explores family, ambition, and the human condition."
s420,Movie,Last World,,"Noah Khan, James Brown",United Kingdom,"January 07, 2003",2001,TV-G,89 min,"International Movies, Documentaries","An emotional story that explores family, ambition, and the human condition."
s439,Movie,Silent Kingdom,Amara Silva,"Wei Chen, Lucas Brown, Fatima Khan",Spain,"May 01, 2020",2018,NR,109 min,"Kids' TV, Reality TV","An emotional story that explores family, ambition, and the human condition."
s262,Movie,Golden Dream,Kenji Chen,Kenji Smith,Italy,2009-09-29,2009,TV-Y,161 min,"Action & Adventure, Thrillers, Kids' TV","An emotional story that explores family, ambition, and the human condition."
s726,Movie,The World,Maria Tanaka,Fatima Muller,France,2012-03-05,2011,R,115 min,Sci-Fi & Fantasy,"An emotional story that explores family, ambition, and the human condition."
s282,TV Show,Hidden Truth,,"Aiko Johnson, Maria Khan, Aiko Garcia",South Korea,2011-09-21,2011,TV-Y,7 Seasons,Documentaries,"An emotional story that explores family, ambition, and the human condition."
s859,TV Show,Last Heart,,"Elena Costa, Wei Diaz, Omar Garcia",Brazil,"June 20, 2018",2018,TV-Y,2 Seasons,Dramas,"An emotional story that explores family, ambition, and the human condition."
s883,TV Show,A City,Sofia Tanaka,"Omar Rossi, Liam Sharma, Noah Rossi, Kenji Sharma",Australia,2016-10-21,2016,R,3 Seasons,Sci-Fi & Fantasy,"An emotional story that explores family, ambition, and the human condition."
s189,Movie,The Story,,"Carlos Kim, Wei Silva, Kenji Costa, Omar Johnson, Elena Diaz",United States,2001-01-09,2000,TV-14,111 min,"Documentaries, Stand-Up Comedy","An emotional story that explores family, ambition, and the human condition."
s930,TV Show,Secret World,,"Carlos Khan, Amara Khan",United Kingdom,2015-10-05,2015,TV-PG,4 Seasons,Reality TV,"An emotional story that explores family, ambition, and the human condition."
s252,Movie,Broken Kingdom,,"Aiko Muller, Carlos Chen, Maria Khan",Nigeria,,2000,NR,168 min,Documentaries,"An emotional story that explores family, ambition, and the human condition."
s784,Movie,Midnight World,Aiko Costa,,  spain  ,"April 14, 2007",2005,TV-MA,159 min,"Action & Adventure, Stand-Up Comedy, Reality TV","An emotional story that explores family, ambition, and the human condition."
s1124,Movie,Secret Kingdom,,"Sofia Johnson, Carlos Johnson",South Korea,"Apr 04, 2012",2011,PG-13,93 min,"Sci-Fi & Fantasy, Romantic Movies","An emotional story that explores family, ambition, and the human condition."
s515,Movie,Last Kingdom,Omar Brown,"Wei Brown, Amara Muller, Aiko Diaz",Japan,"March 03, 2017",2015,PG,187 min,"Romantic Movies, Anime","An emotional story that explores family, ambition, and the human condition."
s619,Movie,The Dream,Noah Garcia,"Fatima Kim, Amara Sharma",,04/11/2006,2005,TV-PG,184 min,"Horror Movies, Dramas, Comedies","An emotional story that explores family, ambition, and the human condition."
s488,TV Show,Hidden Story,Maria Diaz,"Amara Diaz, James Diaz, Aiko Muller, Wei Muller, Amara Sharma",Italy,"December 13, 2009",2008,R,6 Seasons,Comedies,"An emotional story that explores family, ambition, and the human condition."
s274,TV Show,A Legacy,Maria Nguyen,"Kenji Tanaka, Wei Muller, James Brown",France,2004-02-23,2003,TV-PG,3 Seasons,Documentaries,"An emotional story that explores family, ambition, and the human condition."
s997,Movie,A Kingdom,Elena Khan,"Liam Rossi, Maria Sharma, Maria Brown, Wei Smith",United Kingdom,2000-01-06,1999,R,89 min,Horror Movies,"An emotional story that explores family, ambition, and the human condition."
s1191,Movie,Silent World,Elena Chen,"Elena Brown, Fatima Johnson, Maria Muller",India,,2001,PG,116 min,Dramas,"An emotional story that explores family, ambition, and the human condition."
s449,Movie,Golden Kingdom,Priya Silva,"Lucas Costa, Priya Kim, Omar Chen",Australia,"Apr 16, 2016",2015,NR,171 min,"Horror Movies, Reality TV, Comedies","An emotional story that explores family, ambition, and the human condition."
s412,Movie,Secret City,,Maria Muller,Germany,07/13/2009,2008,TV-G,142 min,Crime TV Shows,"An emotional story that explores family, ambition, and the human condition."
s888,TV Show,Secret Legacy,Sofia Sharma,"Fatima Khan, Maria Chen",Spain,"February 14, 2016",2015,PG-13,3 Seasons,"Crime TV Shows, Kids' TV, Reality TV","An emotional story that explores family, ambition, and the human condition."
s751,Movie,Broken World,,"Fatima Nguyen, Elena Nguyen, James Smith, Maria Brown, Noah Smith",  france  ,02/02/2004,2003,TV-Y,187 min,Reality TV,"An emotional story that explores family, ambition, and the human condition."
s971,Movie,Broken Kingdom,Fatima Khan,"Kenji Nguyen, Omar Brown, Maria Costa",,02/13/2009,2008,TV-MA,125 min,Comedies,"An emotional story that explores family, ambition, and the human condition."
s987,TV Show,A Truth,,"Elena Silva, Noah Garcia, Aiko Smith, James Silva, Omar Garcia",Australia,"Mar 14, 2018",2018,TV-14,8 Seasons,"Comedies, Romantic Movies","An emotional story that explores family, ambition, and the human condition."
s150,Movie,Silent Truth,Wei Sharma,,  france  ,2020-07-18,2020,TV-14,93 min,"Comedies, Horror Movies, Crime TV Shows","An emotional story that explores family, ambition, and the human condition."
s219,Movie,Silent Legacy,Fatima Garcia,"James Silva, Lucas Brown",,02/18/2005,2004,TV-MA,90 min,Sci-Fi & Fantasy,"An emotional story that explores family, ambition, and the human condition."
s240,TV Show,Silent City,Amara Kim,"Priya Sharma, Wei Chen, Aiko Tanaka, James Brown",United States,"May 26, 2018",2016,TV-G,8 Seasons,"Thrillers, Stand-Up Comedy, Horror Movies","An emotional story that explores family, ambition, and the human condition."
s752,Movie,Secret Truth,Kenji Chen,,Mexico,04/12/2023,2022,TV-MA,109 min,"Thrillers, Action & Adventure, Stand-Up Comedy","An emotional story that explores family, ambition, and the human condition."
s193,Movie,Hidden Truth,Omar Smith,"Omar Muller, Priya Kim, Lucas Chen, Fatima Brown, Aiko Costa",Brazil,2012-08-09,2011,TV-MA,97 min,"Documentaries, Sci-Fi & Fantasy, Crime TV Shows","An emotional story that explores family, ambition, and the human condition."
s192,Movie,Secret Dream,Kenji Diaz,"Priya Sharma, Fatima Johnson, Carlos Sharma, Noah Garcia",  australia  ,"Oct 18, 2005",2005,TV-14,184 min,"Comedies, Dramas, Kids' TV","An emotional story that explores family, ambition, and the human condition."
s1061,Movie,Broken Shadow,Sofia Garcia,,United States,"Oct 30, 2003",2003,TV-MA,121 min,"International Movies, Horror Movies, Action & Adventure","An emotional story that explores family, ambition, and the human condition."
s737,TV Show,A Kingdom,Noah Sharma,Noah Smith,Canada,"Jan 17, 2008",2006,PG,4 Seasons,Dramas,"An emotional story that explores family, ambition, and the human condition."
s705,Movie,Silent Truth,,"Elena Kim, Omar Costa",Germany,"April 29, 2022",2020,R,113 min,Crime TV Shows,"An emotional story that explores family, ambition, and the human condition."
s738,TV Show,The Kingdom,Sofia Johnson,"Liam Garcia, Priya Muller, Elena Brown",Brazil,"July 08, 2016",2016,TV-MA,6 Seasons,"Comedies, Horror Movies, Romantic Movies","An emotional story that explores family, ambition, and the human condition."
s624,Movie,Rising Dream,Amara Tanaka,"Carlos Diaz, Kenji Rossi",Mexico,"May 31, 2001",2000,TV-PG,98 min,"Horror Movies, Crime TV Shows","An emotional story that explores family, ambition, and the human condition."
s978,TV Show,Broken Heart,Sofia Johnson,"Lucas Chen, Amara Garcia, Noah Muller, Carlos Rossi, Lucas Brown",South Korea,"April 21, 2000",2000,TV-PG,1 Seasons,"International Movies, Documentaries","An emotional story that explores family, ambition, and the human condition."
s741,Movie,Last Kingdom,,Maria Silva,Brazil,2001-04-22,2000,TV-MA,156 min,"Anime, Dramas","An emotional story that explores family, ambition, and the human condition."
s583,Movie,Silent Story,,Maria Chen,Australia,2010-09-08,2010,PG,178 min,"Horror Movies, Romantic Movies, Documentaries","An emotional story that explores family, ambition, and the human condition."
s1132,TV Show,Golden Story,Aiko Rossi,,  india  ,"September 20, 2022",2021,TV-Y,5 Seasons,Sci-Fi & Fantasy,"An emotional story that explores family, ambition, and the human condition."
s324,TV Show,Secret Shadow,Wei Brown,"Aiko Nguyen, Carlos Diaz, Kenji Tanaka, Liam Chen, Liam Johnson",France,07/24/2012,2011,TV-G,8 Seasons,Dramas,"An emotional story that explores family, ambition, and the human condition."
s969,Movie,Midnight Journey,Noah Costa,,  italy  ,07/18/2019,2018,TV-PG,134 min,"Action & Adventure, Dramas","An emotional story that explores family, ambition, and the human condition."
s894,TV Show,A Truth,Carlos Diaz,"Aiko Silva, Amara Khan, Liam Brown",India,"Oct 02, 2003",2002,TV-PG,6 Seasons,Reality TV,"An emotional story that explores family, ambition, and the human condition."
s688,Movie,The Shadow,Aiko Sharma,"Omar Kim, Priya Garcia",,08/11/1999,1998,PG-13,151 min,"Kids' TV, Reality TV, Stand-Up Comedy","An emotional story that explores family, ambition, and the human condition."
s438,Movie,Golden Kingdom,Wei Brown,"Wei Kim, Liam Chen, Omar Kim, Kenji Silva, Sofia Nguyen",  italy  ,"September 03, 2006",2005,TV-PG,127 min,"Action & Adventure, Horror Movies, Reality TV","An emotional story that explores family, ambition, and the human condition."
s807,Movie,Midnight City,,Liam Chen,Italy,"Jan 31, 2005",2003,,138 min,"Sci-Fi & Fantasy, Reality TV, Documentaries","An emotional story that explores family, ambition, and the human condition."
s877,Movie,Broken Kingdom,Elena Muller,"Kenji Muller, Kenji Chen, Amara Garcia, Elena Sharma, Kenji Johnson",South Korea,2007-02-06,2006,TV-G,132 min,"Action & Adventure, Reality TV","An emotional story that explores family, ambition, and the human condition."
s342,Movie,Secret Legacy,,"Priya Diaz, Elena Garcia, Wei Kim, Fatima Khan, Elena Chen",Canada,2005-07-31,2005,NR,127 min,Comedies,"An emotional story that explores family, ambition, and the human condition."
s3,Movie,Hidden Legacy,James Kim,"Maria Nguyen, Aiko Nguyen, Maria Brown",Mexico,03/09/2020,2019,TV-14,71 min,"Anime, Action & Adventure, Kids' TV","An emotional story that explores family, ambition, and the human condition."
s230,Movie,Hidden Heart,Maria Rossi,"Amara Garcia, Amara Khan",United Kingdom,"August 05, 2007",2005,PG-13,135 min,Stand-Up Comedy,"An emotional story that explores family, ambition, and the human condition."
s740,Movie,Hidden Kingdom,Kenji Johnson,Noah Silva,South Korea,2008-07-24,2008,TV-PG,127 min,Crime TV Shows,"An emotional story that explores family, ambition, and the human condition."
s1178,Movie,A Truth,,Priya Smith,France,06/04/2022,2022,TV-14,127 min,Horror Movies,"An emotional story that explores family, ambition, and the human condition."
s77,Movie,Silent Journey,Priya Johnson,"Sofia Costa, Maria Garcia",Brazil,"November 07, 2017",2016,PG,150 min,"Comedies, Thrillers, Sci-Fi & Fantasy","An emotional story that explores family, ambition, and the human condition."
s1127,Movie,Secret Shadow,,"Elena Sharma, Kenji Johnson, Aiko Kim, Carlos Muller",  france  ,"July 16, 2003",2002,TV-Y,137 min,"Crime TV Shows, Documentaries","An emotional story that explores family, ambition, and the human condition."
s372,Movie,Secret World,,"Elena Chen, Elena Muller, Sofia Costa",  brazil  ,"Jul 05, 2001",1999,NR,119 min,"Thrillers, Kids' TV","An emotional story that explores family, ambition, and the human condition."
s181,Movie,Hidden Truth,Kenji Diaz,"Carlos Costa, Elena Brown, Lucas Smith, Noah Garcia, James Brown",  mexico  ,11/05/2010,2010,TV-MA,180 min,"Sci-Fi & Fantasy, International Movies, Documentaries","An emotional story that explores family, ambition, and the human condition."
s745,Movie,Silent Journey,,"Sofia Diaz, Maria Johnson, Carlos Silva, Sofia Chen, Omar Smith",Spain,2018-04-13,2017,TV-Y,177 min,"International Movies, Kids' TV, Anime","An emotional story that explores family, ambition, and the human condition."
s578,TV Show,Golden Legacy,Omar Tanaka,"Aiko Sharma, Fatima Khan, Aiko Kim, Amara Silva",Brazil,2012-12-20,2011,TV-MA,2 Season,"Dramas, Kids' TV, Horror Movies","An emotional story that explores family, ambition, and the human condition."
s770,TV Show,Silent Legacy,Carlos Nguyen,Carlos Johnson,United States,"April 11, 2005",2004,NR,2 Season,"Kids' TV, Dramas","An emotional story that explores family, ambition, and the human condition."
s795,Movie,Last Legacy,Fatima Sharma,"Sofia Silva, Priya Smith, Aiko Garcia, Noah Smith",Mexico,2014-06-06,2013,TV-Y,112 min,"Romantic Movies, Action & Adventure","An emotional story that explores family, ambition, and the human condition."
s1045,TV Show,Silent Dream,Amara Garcia,"Amara Kim, Kenji Tanaka, Elena Smith",Brazil,"Dec 11, 2018",2018,TV-G,3 Seasons,"Action & Adventure, Anime","An emotional story that explores family, ambition, and the human condition."
s1036,Movie,Midnight Shadow,James Kim,"Wei Muller, Noah Kim, Sofia Khan, Sofia Chen",Spain,2013-04-07,2012,TV-14,156 min,"Crime TV Shows, Romantic Movies, Comedies","An emotional story that explores family, ambition, and the human condition."
s870,Movie,A Story,Omar Chen,Maria Khan,  spain  ,07/31/2002,2001,PG-13,179 min,"Action & Adventure, Romantic Movies, Kids' TV","An emotional story that explores family, ambition, and the human condition."
s590,Movie,Secret City,,"Aiko Kim, Elena Nguyen, Sofia Brown",Canada,08/11/2014,2013,NR,174 min,"Horror Movies, Action & Adventure","An emotional story that explores family, ambition, and the human condition."
s1046,TV Show,Silent City,Liam Kim,"Carlos Chen, Amara Johnson, Kenji Diaz, Wei Silva",Japan,"May 24, 2002",2001,R,4 Seasons,Crime TV Shows,"An emotional story that explores family, ambition, and the human condition."
s854,Movie,Golden Legacy,,"Omar Smith, Amara Rossi, Wei Smith, Omar Sharma",Nigeria,,2006,TV-PG,132 min,Anime,"An emotional story that explores family, ambition, and the human condition."
s1011,Movie,Midnight Story,,"Elena Chen, Wei Garcia, Noah Muller",Egypt,"May 17, 2006",2004,TV-MA,102 min,"Sci-Fi & Fantasy, Kids' TV","An emotional story that explores family, ambition, and the human condition."
s931,Movie,Silent Heart,Kenji Sharma,"Lucas Silva, Noah Kim, Noah Diaz, Aiko Rossi",Japan,05/16/2014,2013,PG,165 min,Stand-Up Comedy,"An emotional story that explores family, ambition, and the human condition."
s38,Movie,Midnight Legacy,Elena Muller,Kenji Nguyen,  south korea  ,2015-06-11,2013,R,151 min,"Kids' TV, Action & Adventure","An emotional story that explores family, ambition, and the human condition."
s354,Movie,A World,,Wei Silva,Mexico,,1998,TV-Y,91 min,Horror Movies,"An emotional story that explores family, ambition, and the human condition."
s1119,Movie,Secret Legacy,Fatima Diaz,"Liam Khan, Elena Khan, Sofia Nguyen, Maria Silva",Italy,"November 19, 2002",2002,TV-Y,125 min,"International Movies, Comedies","An emotional story that explores family, ambition, and the human condition."
s237,TV Show,The Legacy,Carlos Tanaka,"Carlos Johnson, James Kim, Carlos Costa, Liam Costa, Elena Smith",France,2012-04-15,2010,R,6 Seasons,"Documentaries, Crime TV Shows","An emotional story that explores family, ambition, and the human condition."
s1068,Movie,Last Heart,Elena Sharma,Noah Silva,United States,08/28/1999,1999,R,77 min,Documentaries,"An emotional story that explores family, ambition, and the human condition."
s500,Movie,Silent Shadow,Aiko Smith,Lucas Johnson,Germany,2012-06-21,2010,TV-Y,170 min,"Action & Adventure, Romantic Movies, Stand-Up Comedy","An emotional story that explores family, ambition, and the human condition."
s554,Movie,A Legacy,Liam Tanaka,"Maria Chen, Amara Chen, Kenji Sharma, Liam Costa, Carlos Khan",Brazil,"June 15, 2009",2007,PG,164 min,Action & Adventure,"An emotional story that explores family, ambition, and the human condition."
s56,Movie,Midnight Legacy,,"Maria Chen, Amara Kim, James Garcia, Amara Muller",South Korea,"January 25, 2013",2012,TV-PG,70 min,Sci-Fi & Fantasy,"An emotional story that explores family, ambition, and the human condition."
s303,Movie,Midnight Journey,Lucas Garcia,"Aiko Rossi, Omar Tanaka, Wei Kim, Fatima Smith, Maria Chen",France,"Nov 23, 2011",2011,TV-14,154 min,Reality TV,"An emotional story that explores family, ambition, and the human condition."
s287,TV Show,Hidden World,,"Omar Khan, Amara Costa, James Muller, Omar Kim, Fatima Costa",,10/31/2002,2001,NR,8 Seasons,"Comedies, Kids' TV, Stand-Up Comedy","An emotional story that explores family, ambition, and the human condition."
s1052,Movie,Secret Shadow,Noah Johnson,Fatima Khan,India,1999-05-19,1998,R,61 min,"Anime, Comedies, Romantic Movies","An emotional story that explores family, ambition, and the human condition."
s220,TV Show,Broken Story,Aiko Sharma,Noah Kim,Spain,"October 20, 2022",2022,NR,6 Seasons,"Comedies, International Movies, Thrillers","An emotional story that explores family, ambition, and the human condition."
s665,Movie,The Kingdom,,"Omar Johnson, Wei Khan, Omar Tanaka",Nigeria,"March 20, 2014",2012,NR,89 min,"Anime, Kids' TV, Comedies","An emotional story that explores family, ambition, and the human condition."
s388,Movie,Hidden City,,"Kenji Costa, Lucas Diaz, Wei Khan, Wei Kim",Brazil,2016-01-24,2015,R,113 min,"Crime TV Shows, Stand-Up Comedy, Dramas","An emotional story that explores family, ambition, and the human condition."
s771,Movie,Last Story Last Story,Aiko Nguyen,"Elena Johnson, Fatima Brown, Wei Costa, Wei Costa, Fatima Muller",Nigeria,2010-05-30,2009,TV-G,157 min,"Thrillers, International Movies, Sci-Fi & Fantasy","An emotional story that explores family, ambition, and the human condition."
s391,Movie,Silent Kingdom,,"Wei Garcia, Wei Rossi",Nigeria,2002-07-06,2002,R,108 min,Romantic Movies,"An emotional story that explores family, ambition, and the human condition."
s353,Movie,Secret Heart,Sofia Sharma,,Japan,"Feb 08, 2020",2020,NR,172 min,"Romantic Movies, International Movies","An emotional story that explores family, ambition, and the human condition."
s194,TV Show,Rising City,,"Amara Diaz, Priya Khan",,"Oct 11, 2022",2022,R,8 Seasons,"Sci-Fi & Fantasy, Horror Movies, Romantic Movies","An emotional story that explores family, ambition, and the human condition."
s236,Movie,Golden Kingdom,Kenji Brown,"Noah Diaz, Maria Costa, Fatima Sharma, Elena Rossi",United Kingdom,,2008,PG-13,136 min,"Thrillers, Romantic Movies","An emotional story that explores family, ambition, and the human condition."
s1062,TV Show,Silent Legacy,Fatima Tanaka,"Kenji Nguyen, Wei Brown, James Smith, Sofia Diaz, Noah Brown",,12/29/2013,2012,PG-13,4 Seasons,"Crime TV Shows, Action & Adventure, Dramas","An emotional story that explores family, ambition, and the human condition."
s481,TV Show,Hidden Story,Amara Kim,,Egypt,,2002,TV-Y,4 Seasons,"Documentaries, Stand-Up Comedy","An emotional story that explores family, ambition, and the human condition."
s568,Movie,Broken Story,Priya Chen,"James Kim, Maria Khan, Aiko Silva, Aiko Tanaka",Australia,2005-09-10,2005,TV-MA,152 min,"Reality TV, Sci-Fi & Fantasy, Kids' TV","An emotional story that explores family, ambition, and the human condition."
s117,TV Show,Last Legacy,Aiko Muller,"Maria Sharma, Amara Diaz, Priya Khan, Maria Silva",,"December 27, 2012",2012,TV-PG,4 Seasons,"Documentaries, Kids' TV, Action & Adventure","An emotional story that explores family, ambition, and the human condition."
s983,Movie,The Heart,Maria Brown,,India,"Feb 01, 2004",2003,TV-Y,66 min,"Thrillers, Reality TV","An emotional story that explores family, ambition, and the human condition."
s654,TV Show,The Shadow,Priya Nguyen,"Fatima Kim, Omar Khan",  germany  ,2000-12-10,1999,PG,4 Seasons,"Action & Adventure, Anime","An emotional story that explores family, ambition, and the human condition."
s1012,Movie,The Dream,Sofia Tanaka,"Lucas Chen, Sofia Rossi",South Korea,"Mar 22, 2018",2016,NR,86 min,"International Movies, Romantic Movies, Reality TV","An emotional story that explores family, ambition, and the human condition."
s1130,TV Show,Hidden Kingdom,James Garcia,"Maria Nguyen, Amara Costa, Maria Johnson, Priya Garcia",United Kingdom,"January 18, 2023",2021,PG-13,7 Seasons,"Anime, Dramas","An emotional story that explores family, ambition, and the human condition."
s802,TV Show,Rising World,Omar Kim,Noah Costa,France,07/07/2016,2016,R,3 Seasons,"Thrillers, Kids' TV, Horror Movies","An emotional story that explores family, ambition, and the human condition."
s814,Movie,Rising Truth,James Brown,James Rossi,Australia,09/04/2003,2002,PG-13,144 min,"Romantic Movies, Anime","An emotional story that explores family, ambition, and the human condition."
s121,Movie,Secret Dream,Priya Brown,"Amara Nguyen, Priya Sharma, Wei Garcia, Sofia Smith",Canada,2009-11-09,2008,TV-G,122 min,"Kids' TV, Comedies, Crime TV Shows","An emotional story that explores family, ambition, and the human condition."
s857,TV Show,A World,Priya Chen,,Canada,"Jun 07, 2015",2013,TV-PG,1 Seasons,International Movies,"An emotional story that explores family, ambition, and the human condition."
s1042,TV Show,Last Journey,,"Wei Brown, Sofia Rossi",South Korea,"Sep 20, 2011",2010,PG,5 Seasons,"Crime TV Shows, Reality TV","An emotional story that explores family, ambition, and the human condition."
s1166,Movie,A Truth,Elena Kim,Maria Garcia,France,"February 06, 2020",2018,TV-MA,68 min,Kids' TV,"An emotional story that explores family, ambition, and the human condition."
s63,Movie,Midnight Dream,Sofia Smith,"Maria Khan, Maria Muller, Kenji Brown",Brazil,"Mar 29, 2004",2003,PG-13,95 min,"Stand-Up Comedy, Anime, Romantic Movies","An emotional story that explores family, ambition, and the human condition."
s697,Movie,Golden Dream,Lucas Rossi,"James Nguyen, Lucas Chen",  south korea  ,"Jul 18, 2015",2015,TV-G,67 min,"Documentaries, Stand-Up Comedy","An emotional story that explores family, ambition, and the human condition."
s454,TV Show,Broken Legacy,Elena Smith,"Aiko Garcia, Amara Kim, Sofia Rossi, Wei Khan, Kenji Nguyen",Brazil,2021-12-25,2021,TV-G,1 Seasons,"Comedies, Sci-Fi & Fantasy","An emotional story that explores family, ambition, and the human condition."
s516,Movie,Broken Shadow,Amara Chen,"Omar Nguyen, Omar Muller, Maria Chen, Omar Smith, Sofia Rossi",Mexico,12/12/2018,2018,TV-14,140 min,International Movies,"An emotional story that explores family, ambition, and the human condition."
s571,TV Show,The Legacy,,"Maria Sharma, Aiko Garcia, Noah Rossi, Aiko Rossi",  australia  ,2020-11-19,2020,R,7 Seasons,"Sci-Fi & Fantasy, Anime, Crime TV Shows","An emotional story that explores family, ambition, and the human condition."
s224,TV Show,Rising Dream,Sofia Nguyen,"Aiko Khan, Amara Garcia, Kenji Muller, Elena Brown, Aiko Muller",Nigeria,09/05/2013,2012,NR,3 Seasons,"Comedies, Dramas, Action & Adventure","An emotional story that explores family, ambition, and the human condition."
s614,Movie,Golden World,Elena Brown,"Elena Chen, Noah Khan, Kenji Diaz, James Costa, Aiko Garcia",United Kingdom,2015-02-23,2014,TV-MA,177 min,Romantic Movies,"An emotional story that explores family, ambition, and the human condition."
s222,Movie,Hidden Legacy,Kenji Smith,,Brazil,06/18/2001,2000,TV-G,174 min,"Documentaries, Dramas, Stand-Up Comedy","An emotional story that explores family, ambition, and the human condition."
s704,TV Show,The Truth,Maria Garcia,"Wei Muller, Elena Diaz, Noah Tanaka",Italy,2013-05-15,2012,NR,8 Season,"Documentaries, Action & Adventure","An emotional story that explores family, ambition, and the human condition."
s831,Movie,Broken Dream,,,Italy,"May 26, 2007",2007,TV-MA,77 min,"Kids' TV, Horror Movies","An emotional story that explores family, ambition, and the human condition."
s466,Movie,Midnight Legacy,Liam Tanaka,"Omar Kim, Elena Garcia, Priya Chen",Germany,03/19/2024,2022,TV-14,184 min,Sci-Fi & Fantasy,"An emotional story that explores family, ambition, and the human condition."
s53,Movie,Silent Kingdom,Wei Garcia,"Kenji Rossi, Noah Diaz, Fatima Brown, Sofia Muller, Carlos Sharma",  south korea  ,"Oct 05, 2002",2000,R,117 min,"Horror Movies, Thrillers","An emotional story that explores family, ambition, and the human condition."
s1117,Movie,Golden City,Maria Johnson,"Amara Rossi, Carlos Khan",South Korea,2008-01-12,2007,PG-13,129 min,"Thrillers, Romantic Movies, Dramas","An emotional story that explores family, ambition, and the human condition."
s486,Movie,Hidden Story,Omar Nguyen,"Noah Sharma, Amara Khan",Mexico,2020-10-22,2019,NR,142 min,Sci-Fi & Fantasy,"An emotional story that explores family, ambition, and the human condition."
s1164,Movie,Last City,James Costa,"Carlos Muller, Omar Silva, Wei Brown, Elena Silva, Lucas Nguyen",Canada,2001-07-20,2000,,174 min,"Action & Adventure, Stand-Up Comedy, Kids' TV","An emotional story that explores family, ambition, and the human condition."
s965,Movie,Hidden Kingdom,,Sofia Nguyen,South Korea,"May 25, 2005",2004,R,121 min,"Stand-Up Comedy, Crime TV Shows","An emotional story that explores family, ambition, and the human condition."
s156,TV Show,Hidden Truth,Liam Chen,"Sofia Johnson, Maria Costa, Maria Rossi, Lucas Garcia, Lucas Silva",Italy,2017-08-05,2016,PG-13,7 Seasons,"Action & Adventure, Crime TV Shows","An emotional story that explores family, ambition, and the human condition."
s963,Movie,Last Heart,Carlos Muller,"Carlos Sharma, James Muller, Wei Garcia, Aiko Rossi",South Korea,"December 04, 2021",2021,TV-PG,77 min,Stand-Up Comedy,"An emotional story that explores family, ambition, and the human condition."
s601,TV Show,A Kingdom,Priya Kim,"Aiko Silva, Elena Diaz, Priya Khan, Fatima Johnson",Japan,03/27/2016,2016,NR,2 Seasons,"Sci-Fi & Fantasy, Kids' TV","An emotional story that explores family, ambition, and the human condition."
s921,Movie,Midnight Truth,Wei Khan,"Carlos Kim, Liam Kim, Kenji Smith, Lucas Sharma, Amara Silva",Australia,"Oct 16, 2010",2010,TV-Y,111 min,"Crime TV Shows, International Movies","An emotional story that explores family, ambition, and the human condition."
s249,Movie,Silent Kingdom,,"Liam Smith, Fatima Khan, Noah Johnson, Kenji Tanaka",,"February 05, 2019",2018,NR,73 min,"Horror Movies, Sci-Fi & Fantasy, Dramas","An emotional story that explores family, ambition, and the human condition."
s442,TV Show,Last Journey,,Sofia Nguyen,United Kingdom,01/14/2020,2019,PG,7 Seasons,"Sci-Fi & Fantasy, Anime","An emotional story that explores family, ambition, and the human condition."
s1107,Movie,Silent Story,Kenji Silva,"Maria Silva, Carlos Smith, Sofia Chen, Aiko Tanaka",  japan  ,2014-07-06,2013,TV-PG,109 min,"Reality TV, Dramas","An emotional story that explores family, ambition, and the human condition."
s1120,Movie,Golden Heart,Amara Khan,"Lucas Silva, Omar Johnson, Liam Brown, Amara Khan",Japan,12/14/2017,2016,TV-PG,185 min,"Documentaries, Stand-Up Comedy","An emotional story that explores family, ambition, and the human condition."
s543,TV Show,Last Shadow,Aiko Nguyen,"Wei Silva, Carlos Diaz",India,2012-10-03,2011,TV-PG,5 Seasons,Reality TV,"An emotional story that explores family, ambition, and the human condition."
s702,Movie,Silent Journey,Amara Silva,"Kenji Silva, Liam Chen, Omar Brown",United Kingdom,"November 16, 2023",2022,TV-PG,135 min,Reality TV,"An emotional story that explores family, ambition, and the human condition."
s118,Movie,Golden World,Lucas Brown,"Kenji Kim, Liam Brown",,2015-01-10,2013,,136 min,Documentaries,"An emotional story that explores family, ambition, and the human condition."
s758,Movie,Secret World,,"Kenji Khan, Liam Smith, Fatima Tanaka, Sofia Johnson, Priya Diaz",,2014-06-29,2012,TV-14,110 min,"Thrillers, Stand-Up Comedy","An emotional story that explores family, ambition, and the human condition."
s629,TV Show,Secret World,Omar Smith,"James Kim, Aiko Diaz",Spain,2018-03-08,2017,PG,3 Season,"Dramas, Action & Adventure, Crime TV Shows","An emotional story that explores family, ambition, and the human condition."
s1183,TV Show,Secret Dream,Omar Tanaka,Omar Smith,,"Mar 13, 2010",2010,TV-G,8 Seasons,"Comedies, Stand-Up Comedy, Dramas","An emotional story that explores family, ambition, and the human condition."
s968,Movie,Midnight Journey,,"Liam Brown, James Sharma, Fatima Brown",Australia,2001-02-22,2000,TV-MA,152 min,Dramas,"An emotional story that explores family, ambition, and the human condition."
s292,TV Show,Last City,,"Priya Silva, Fatima Chen",  brazil  ,"Nov 10, 2021",2021,TV-14,8 Seasons,Romantic Movies,"An emotional story that explores family, ambition, and the human condition."
s1064,TV Show,Golden City,James Khan,"James Tanaka, Lucas Brown, Maria Johnson, Liam Nguyen",Germany,"May 31, 1999",1998,TV-Y,2 Seasons,Action & Adventure,"An emotional story that explores family, ambition, and the human condition."
s382,Movie,Hidden Kingdom,Aiko Costa,"Omar Kim, Noah Silva, Kenji Costa",,2012-08-02,2011,NR,187 min,Horror Movies,"An emotional story that explores family, ambition, and the human condition."
s908,Movie,Broken Legacy,,Kenji Khan,Italy,2003-02-06,2002,TV-PG,76 min,"Horror Movies, Reality TV, Anime","An emotional story that explores family, ambition, and the human condition."
s954,Movie,A Story,Wei Silva,,Brazil,"June 09, 2002",2001,PG-13,150 min,"Kids' TV, Romantic Movies","An emotional story that explores family, ambition, and the human condition."
s201,Movie,Golden Dream,,"Carlos Nguyen, Noah Brown, Sofia Khan",Mexico,2013-10-31,2012,NR,83 min,"Thrillers, International Movies, Sci-Fi & Fantasy","An emotional story that explores family, ambition, and the human condition."
s597,Movie,Silent Dream,Elena Johnson,"Omar Silva, Kenji Muller, Fatima Brown",France,2003-05-15,2003,TV-G,132 min,Crime TV Shows,"An emotional story that explores family, ambition, and the human condition."
s1027,Movie,The Heart,Omar Brown,"Aiko Smith, Liam Sharma",Mexico,"Nov 16, 2002",2002,TV-PG,118 min,"Romantic Movies, Thrillers","An emotional story that explores family, ambition, and the human condition."
s1161,Movie,Broken Legacy,,"Omar Sharma, Priya Muller, Elena Diaz",Brazil,2021-09-20,2020,TV-G,115 min,Horror Movies,"An emotional story that explores family, ambition, and the human condition."
s839,Movie,Hidden Legacy,Elena Sharma,Elena Kim,United Kingdom,2005-12-08,2004,TV-PG,173 min,Dramas,"An emotional story that explores family, ambition, and the human condition."
s900,Movie,Last Journey,,,Australia,"Apr 13, 2002",2001,TV-PG,145 min,"Dramas, Horror Movies","An emotional story that explores family, ambition, and the human condition."
s506,TV Show,Hidden Dream,Omar Diaz,Noah Brown,Italy,11/23/2007,2006,TV-Y,3 Seasons,"Stand-Up Comedy, Documentaries","An emotional story that explores family, ambition, and the human condition."
s349,TV Show,Silent Dream,,"Wei Diaz, Noah Nguyen, Noah Garcia, Amara Tanaka",United States,2001-01-11,2000,PG,6 Seasons,"International Movies, Dramas, Kids' TV","An emotional story that explores family, ambition, and the human condition."
s970,Movie,Rising Kingdom,Omar Chen,"Kenji Tanaka, Liam Silva, Wei Costa",  spain  ,"Oct 13, 2002",2002,PG,80 min,Kids' TV,"An emotional story that explores family, ambition, and the human condition."
s229,TV Show,Midnight Journey,,Lucas Nguyen,Egypt,"Apr 09, 2014",2012,TV-G,2 Seasons,"Action & Adventure, Reality TV","An emotional story that explores family, ambition, and the human condition."
s341,Movie,Rising Heart,Lucas Khan,"Carlos Costa, Wei Nguyen, Amara Nguyen, Noah Rossi, Kenji Garcia",Italy,"December 18, 2009",2009,TV-MA,61 min,"Comedies, Action & Adventure, Anime","An emotional story that explores family, ambition, and the human condition."
s616,TV Show,Midnight Dream,Liam Brown,"Elena Johnson, Priya Silva",Mexico,"Apr 27, 2010",2009,TV-14,2 Seasons,Action & Adventure,"An emotional story that explores family, ambition, and the human condition."
s155,TV Show,Secret City,,"Elena Kim, Wei Nguyen",Japan,03/07/2002,2001,NR,8 Season,"Reality TV, Dramas","An emotional story that explores family, ambition, and the human condition."
s1128,Movie,Midnight World,Carlos Rossi,"Kenji Kim, Maria Johnson, James Smith, Elena Silva, Kenji Costa",Italy,2001-10-13,2000,TV-14,146 min,"Kids' TV, Dramas","An emotional story that explores family, ambition, and the human condition."
s799,TV Show,A City,,,France,"Feb 18, 2003",2002,NR,1 Seasons,"Crime TV Shows, Reality TV, International Movies","An emotional story that explores family, ambition, and the human condition."
s78,TV Show,Golden City,Kenji Rossi,"Liam Muller, Omar Nguyen",,"Jul 23, 2009",2009,R,6 Seasons,"Kids' TV, International Movies","An emotional story that explores family, ambition, and the human condition."
s288,TV Show,Last Legacy,,"Elena Diaz, Aiko Johnson, Amara Johnson, Aiko Khan, Fatima Costa",Mexico,2014-01-19,2013,TV-14,1 Seasons,"Stand-Up Comedy, Kids' TV","An emotional story that explores family, ambition, and the human condition."
s323,TV Show,Hidden Heart,Aiko Silva,"James Brown, Sofia Brown",  united kingdom  ,2003-01-07,2001,TV-G,6 Seasons,"Thrillers, Comedies, Documentaries","An emotional story that explores family, ambition, and the human condition."
s861,TV Show,Rising Heart,Carlos Tanaka,"Elena Silva, Maria Rossi, Liam Brown, Wei Chen, Sofia Garcia",Canada,07/30/2005,2005,PG,6 Seasons,"Reality TV, Romantic Movies","An emotional story that explores family, ambition, and the human condition."
s901,Movie,Broken Shadow,Amara Johnson,"Kenji Kim, Amara Sharma, Fatima Nguyen, Carlos Brown",Nigeria,"Apr 29, 2016",2016,TV-G,146 min,Sci-Fi & Fantasy,"An emotional story that explores family, ambition, and the human condition."
s834,TV Show,Last Dream,Fatima Sharma,"Sofia Muller, Elena Nguyen, Wei Brown, James Silva, Maria Muller",Nigeria,2001-03-03,2000,NR,4 Seasons,"Comedies, Thrillers","An emotional story that explores family, ambition, and the human condition."
s83,TV Show,Broken Legacy,,"Noah Silva, Maria Brown, Noah Sharma",France,"July 08, 2005",2003,PG,3 Seasons,"Horror Movies, Sci-Fi & Fantasy, Action & Adventure","An emotional story that explores family, ambition, and the human condition."
s830,Movie,Hidden Legacy,James Smith,Priya Nguyen,Italy,2019-04-08,2018,TV-14,116 min,"Dramas, Stand-Up Comedy","An emotional story that explores family, ambition, and the human condition."
s465,Movie,Secret Kingdom,Carlos Sharma,"Liam Muller, Liam Costa, Aiko Silva, Wei Tanaka",Italy,02/21/2020,2018,R,179 min,"Thrillers, Romantic Movies, Reality TV","An emotional story that explores family, ambition, and the human condition."
s884,Movie,Last City,Lucas Smith,"Amara Rossi, Noah Muller, Sofia Sharma",South Korea,08/15/2011,2009,TV-14,129 min,"Sci-Fi & Fantasy, Romantic Movies, Horror Movies","An emotional story that explores family, ambition, and the human condition."
s793,Movie,Silent Dream,Priya Chen,Noah Smith,Nigeria,"October 02, 2000",2000,TV-14,166 min,"Stand-Up Comedy, Dramas","An emotional story that explores family, ambition, and the human condition."
s1195,TV Show,Golden Dream,Carlos Smith,"Omar Sharma, Lucas Tanaka, Fatima Kim, Carlos Silva, Fatima Tanaka",  brazil  ,2015-10-03,2014,NR,1 Seasons,Anime,"An emotional story that explores family, ambition, and the human condition."
s833,Movie,Broken World,Sofia Garcia,"Lucas Rossi, Maria Khan, James Khan, Lucas Rossi",Japan,"May 30, 2003",2002,R,183 min,Dramas,"An emotional story that explores family, ambition, and the human condition."
s334,Movie,Hidden Kingdom,,"Wei Johnson, Wei Nguyen, Liam Smith, Maria Brown",France,11/01/2011,2009,TV-PG,136 min,Action & Adventure,"An emotional story that explores family, ambition, and the human condition."
s11,Movie,Secret Dream,,,Italy,2015-10-17,2014,PG-13,112 min,Dramas,"An emotional story that explores family, ambition, and the human condition."
s739,Movie,Last Truth,,"Priya Kim, Amara Sharma, Carlos Diaz",  australia  ,"Dec 17, 2014",2014,PG,109 min,Dramas,"An emotional story that explores family, ambition, and the human condition."
s471,Movie,A Legacy,Aiko Chen,,Nigeria,"October 24, 2009",2009,PG-13,169 min,International Movies,"An emotional story that explores family, ambition, and the human condition."
s33,Movie,Midnight Story,James Silva,"Maria Nguyen, Maria Brown, Priya Garcia, Sofia Kim",  united kingdom  ,"January 05, 2016",2015,TV-Y,121 min,"Crime TV Shows, Sci-Fi & Fantasy, Reality TV","An emotional story that explores family, ambition, and the human condition."
s819,Movie,Hidden Legacy,James Costa,"Wei Diaz, Liam Johnson, Carlos Nguyen, Wei Kim",  india  ,04/01/2019,2019,TV-G,157 min,"Documentaries, Romantic Movies","An emotional story that explores family, ambition, and the human condition."
s414,Movie,Last Truth,Carlos Brown,"Liam Sharma, Maria Silva",  brazil  ,"Jan 07, 2003",2001,NR,113 min,"Action & Adventure, Romantic Movies, Reality TV","An emotional story that explores family, ambition, and the human condition."
s581,Movie,Golden Dream,Sofia Kim,"Priya Kim, Kenji Tanaka, Lucas Nguyen, Sofia Costa, Fatima Costa",Egypt,"Sep 23, 2016",2016,NR,137 min,"Reality TV, Dramas, Action & Adventure","An emotional story that explores family, ambition, and the human condition."
s383,Movie,A World,Priya Chen,"James Sharma, James Garcia, Kenji Diaz, Kenji Diaz, Priya Brown",South Korea,"Jul 12, 2016",2016,TV-G,139 min,"Thrillers, Comedies","An emotional story that explores family, ambition, and the human condition."
s864,Movie,Rising World,Noah Diaz,"Kenji Rossi, Maria Diaz, Sofia Costa, Liam Chen, Kenji Tanaka",Italy,2006-10-30,2005,R,174 min,"Horror Movies, Sci-Fi & Fantasy, Documentaries","An emotional story that explores family, ambition, and the human condition."
s797,Movie,Silent Kingdom,,"Sofia Tanaka, Noah Johnson, Noah Garcia",Australia,09/23/2003,2002,TV-14,70 min,"Sci-Fi & Fantasy, Action & Adventure","An emotional story that explores family, ambition, and the human condition."
s1157,Movie,Rising Dream,,"Amara Silva, Maria Sharma, Kenji Muller, Aiko Johnson, Kenji Sharma",  australia  ,"November 25, 2019",2018,PG-13,125 min,"Reality TV, Dramas, Romantic Movies","An emotional story that explores family, ambition, and the human condition."
s878,Movie,Secret City,,Kenji Garcia,France,"Oct 06, 2003",2002,TV-PG,71 min,Stand-Up Comedy,"An emotional story that explores family, ambition, and the human condition."
s1163,TV Show,The Truth,,,Spain,2001-12-27,2001,TV-PG,4 Seasons,"Romantic Movies, Documentaries, Dramas","An emotional story that explores family, ambition, and the human condition."
s379,TV Show,Hidden Story,,"Carlos Tanaka, Aiko Silva, Kenji Muller, Maria Sharma",,2017-02-23,2016,TV-14,1 Seasons,Kids' TV,"An emotional story that explores family, ambition, and the human condition."
s90,TV Show,Last Dream,Priya Sharma,"Fatima Silva, Kenji Smith, Omar Johnson",Australia,"Jan 31, 2010",2009,TV-PG,3 Seasons,Reality TV,"An emotional story that explores family, ambition, and the human condition."
s829,Movie,Midnight Heart,Carlos Smith,"Omar Muller, Carlos Costa",Canada,2008-07-25,2007,NR,129 min,"Action & Adventure, Documentaries, Horror Movies","An emotional story that explores family, ambition, and the human condition."
s602,Movie,Broken Truth,,,Italy,2014-04-18,2013,TV-Y,144 min,Reality TV,"An emotional story that explores family, ambition, and the human condition."
s214,TV Show,Midnight Kingdom,Maria Garcia,"Noah Smith, James Johnson, Liam Muller, Lucas Garcia",Australia,09/25/2001,2000,TV-PG,3 Seasons,Kids' TV,"An emotional story that explores family, ambition, and the human condition."
s333,Movie,Broken Kingdom,Wei Chen,"Elena Tanaka, Noah Brown, Carlos Rossi",,2002-07-12,2001,TV-G,75 min,"Stand-Up Comedy, Crime TV Shows, International Movies","An emotional story that explores family, ambition, and the human condition."
s134,TV Show,The Legacy,,,Australia,2013-01-19,2011,TV-PG,2 Seasons,"Action & Adventure, International Movies","An emotional story that explores family, ambition, and the human condition."
s347,TV Show,Hidden Truth,Kenji Muller,"Fatima Silva, Carlos Kim",Brazil,"Apr 12, 2016",2015,NR,3 Seasons,"Documentaries, Sci-Fi & Fantasy, Horror Movies","An emotional story that explores family, ambition, and the human condition."
s899,TV Show,Last Story,Elena Khan,Wei Silva,  canada  ,10/24/2001,2000,TV-PG,3 Seasons,Dramas,"An emotional story that explores family, ambition, and the human condition."
s8,TV Show,Broken Heart,Amara Tanaka,"Kenji Kim, Fatima Sharma, Omar Muller, Priya Garcia",India,"June 10, 2002",2001,TV-MA,7 Seasons,Comedies,"An emotional story that explores family, ambition, and the human condition."
s882,TV Show,A Truth,Aiko Rossi,"Priya Khan, Lucas Chen, James Sharma, Lucas Smith, Lucas Chen",,"August 23, 2005",2005,TV-G,8 Seasons,Action & Adventure,"An emotional story that explores family, ambition, and the human condition."
s321,TV Show,A City,Fatima Brown,"Amara Khan, Priya Diaz, James Johnson, James Kim, Kenji Chen",Nigeria,08/05/2021,2021,TV-14,5 Seasons,Documentaries,"An emotional story that explores family, ambition, and the human condition."
s1081,Movie,A Journey,,"Maria Brown, Liam Chen, James Garcia, Liam Khan",Japan,01/07/2015,2013,NR,112 min,"Horror Movies, Reality TV","An emotional story that explores family, ambition, and the human condition."
s188,Movie,Broken Dream,Maria Muller,,India,"December 15, 2012",2012,PG-13,180 min,"Comedies, International Movies, Thrillers","An emotional story that explores family, ambition, and the human condition."
s635,Movie,Broken Kingdom,Priya Smith,Fatima Rossi,Italy,10/15/2007,2005,PG,123 min,"Horror Movies, Stand-Up Comedy","An emotional story that explores family, ambition, and the human condition."
s553,Movie,Hidden Story,James Garcia,"Fatima Smith, Omar Rossi, Kenji Khan, Carlos Brown",France,10/17/2016,2016,TV-G,156 min,"International Movies, Anime","An emotional story that explores family, ambition, and the human condition."
s305,Movie,Golden Kingdom,Priya Johnson,"Noah Diaz, James Garcia, Fatima Sharma",France,2019-03-09,2017,TV-Y,127 min,Reality TV,"An emotional story that explores family, ambition, and the human condition."
s32,TV Show,Rising Truth,,"Fatima Chen, Carlos Smith",United Kingdom,"Nov 13, 2002",2002,TV-G,4 Seasons,Reality TV,"An emotional story that explores family, ambition, and the human condition."
s876,TV Show,Secret Legacy,,"Fatima Smith, Priya Brown, Maria Costa, James Muller, Priya Smith",South Korea,"Jul 27, 2014",2013,TV-14,8 Seasons,Thrillers,"An emotional story that explores family, ambition, and the human condition."
s685,Movie,Rising World,Elena Nguyen,"Fatima Tanaka, Carlos Costa, Noah Chen",,"September 02, 2000",1999,NR,172 min,"Dramas, Thrillers","An emotional story that explores family, ambition, and the human condition."
s1089,Movie,Midnight Kingdom,,"Wei Costa, Liam Smith",Japan,"Apr 21, 2023",2021,TV-G,71 min,"Kids' TV, Documentaries","An emotional story that explores family, ambition, and the human condition."
s241,TV Show,Secret Dream,,"Amara Khan, Liam Rossi, Amara Rossi, Sofia Muller",Italy,"May 08, 2019",2019,R,5 Season,"Kids' TV, Romantic Movies, Stand-Up Comedy","An emotional story that explores family, ambition, and the human condition."
s68,Movie,A Legacy,,"Amara Nguyen, Wei Johnson, Amara Sharma, Priya Rossi",,"Oct 20, 2020",2020,NR,98 min,"Comedies, Sci-Fi & Fantasy","An emotional story that explores family, ambition, and the human condition."
s175,TV Show,Rising Story,Maria Johnson,"Fatima Silva, James Muller",Mexico,2011-07-17,2010,TV-G,5 Seasons,"Horror Movies, Comedies","An emotional story that explores family, ambition, and the human condition."
s767,TV Show,Silent City,Wei Rossi,"Aiko Nguyen, Amara Tanaka, Fatima Muller, Sofia Johnson, Kenji Khan",Egypt,03/31/2007,2005,TV-G,6 Season,"International Movies, Romantic Movies, Kids' TV","An emotional story that explores family, ambition, and the human condition."
s1194,TV Show,Secret Journey,Lucas Chen,"Wei Silva, Amara Johnson, Sofia Sharma, Fatima Tanaka",Nigeria,"March 31, 2023",2022,PG-13,4 Seasons,"Romantic Movies, Anime","An emotional story that explores family, ambition, and the human condition."
s246,Movie,Last Journey,,"Elena Rossi, Carlos Khan, Omar Garcia, James Garcia, Liam Chen",France,"Aug 23, 2001",1999,PG,60 min,Comedies,"An emotional story that explores family, ambition, and the human condition."
s57,Movie,A Shadow,Sofia Sharma,"Lucas Muller, Maria Khan",France,"April 08, 2019",2017,TV-MA,134 min,Documentaries,"An emotional story that explores family, ambition, and the human condition."
s631,Movie,A Story,,"Elena Muller, Omar Garcia, James Johnson",  nigeria  ,"Feb 22, 2001",2000,TV-14,142 min,Stand-Up Comedy,"An emotional story that explores family, ambition, and the human condition."
s584,Movie,A World,,"James Smith, Liam Johnson, Liam Brown, Elena Garcia",France,"May 25, 2005",2003,TV-Y,124 min,"Dramas, International Movies","An emotional story that explores family, ambition, and the human condition."
s1048,Movie,Rising Dream,Wei Johnson,"Elena Nguyen, James Silva, Aiko Johnson",Spain,"October 27, 2003",2002,TV-G,100 min,"Crime TV Shows, Horror Movies, Romantic Movies","An emotional story that explores family, ambition, and the human condition."
s146,Movie,The Kingdom,James Muller,"Omar Rossi, Aiko Johnson, Wei Khan",Italy,"Jun 24, 2018",2018,NR,119 min,"Comedies, Horror Movies","An emotional story that explores family, ambition, and the human condition."
s91,Movie,Silent City,Omar Silva,Carlos Rossi,Italy,2024-03-01,2022,TV-PG,94 min,"Thrillers, International Movies, Documentaries","An emotional story that explores family, ambition, and the human condition."
s1138,Movie,Silent Dream,Maria Garcia,"Wei Tanaka, Wei Muller",United Kingdom,10/31/2002,2001,NR,170 min,Horror Movies,"An emotional story that explores family, ambition, and the human condition."
s393,Movie,Last Shadow,Carlos Brown,"Maria Khan, Wei Diaz, Priya Tanaka, Wei Costa",United States,2011-01-11,2009,PG,130 min,"Thrillers, International Movies","An emotional story that explores family, ambition, and the human condition."
s893,Movie,The City,Maria Chen,"Amara Nguyen, Priya Khan",Egypt,01/25/2008,2006,TV-G,114 min,Kids' TV,"An emotional story that explores family, ambition, and the human condition."
s683,Movie,Golden Shadow,Liam Brown,Fatima Sharma,United States,"Apr 24, 2009",2008,PG-13,142 min,"Documentaries, Action & Adventure","An emotional story that explores family, ambition, and the human condition."
s311,Movie,Golden Dream,Aiko Tanaka,"Maria Costa, Amara Garcia, Elena Silva, Maria Khan, Wei Smith",United States,12/28/2015,2014,,154 min,"Crime TV Shows, Dramas","An emotional story that explores family, ambition, and the human condition."
s360,TV Show,The Kingdom,Priya Smith,Lucas Silva,Brazil,"Nov 16, 2021",2020,TV-G,1 Season,"Dramas, International Movies","An emotional story that explores family, ambition, and the human condition."
s94,Movie,Midnight Legacy,,"Priya Diaz, Sofia Khan",Germany,"Aug 07, 2018",2016,TV-14,95 min,"Thrillers, Kids' TV, Stand-Up Comedy","An emotional story that explores family, ambition, and the human condition."
s1129,TV Show,A Truth,,"Carlos Muller, Omar Diaz",France,"October 02, 2022",2022,TV-G,1 Seasons,"Anime, Comedies, Thrillers","An emotional story that explores family, ambition, and the human condition."
s1047,TV Show,Broken Dream,Sofia Silva,"Liam Chen, Omar Rossi, Elena Johnson, Noah Costa, Elena Smith",Egypt,09/09/2004,2004,TV-MA,2 Seasons,"Crime TV Shows, Romantic Movies","An emotional story that explores family, ambition, and the human condition."
s377,Movie,Broken Heart,James Khan,"Carlos Diaz, James Sharma",Egypt,2020-06-22,2019,NR,118 min,"Horror Movies, Crime TV Shows","An emotional story that explores family, ambition, and the human condition."
s244,TV Show,Rising Truth,Liam Smith,"Sofia Nguyen, Kenji Nguyen, Wei Chen",United Kingdom,2004-11-24,2004,TV-PG,6 Seasons,Action & Adventure,"An emotional story that explores family, ambition, and the human condition."
s315,Movie,Last Shadow,Elena Nguyen,"Elena Brown, Carlos Nguyen",United Kingdom,"Nov 27, 2021",2020,R,166 min,"Thrillers, Reality TV","An emotional story that explores family, ambition, and the human condition."
s88,Movie,Rising Shadow,Noah Brown,"Elena Khan, Lucas Johnson, Wei Silva, James Silva",India,"May 09, 2008",2007,NR,178 min,"Kids' TV, Stand-Up Comedy","An emotional story that explores family, ambition, and the human condition."
s215,TV Show,The Journey,Fatima Nguyen,"Omar Silva, Noah Sharma, Wei Diaz, Noah Chen, Sofia Rossi",Brazil,04/03/2010,2008,TV-G,1 Seasons,"Documentaries, Sci-Fi & Fantasy, Comedies","An emotional story that explores family, ambition, and the human condition."
s445,Movie,Last World,,,Canada,"July 06, 2011",2010,TV-G,82 min,Dramas,"An emotional story that explores family, ambition, and the human condition."
s174,Movie,Rising Truth,,"Noah Muller, Amara Diaz, Sofia Garcia",Brazil,"May 14, 2008",2006,NR,186 min,"Dramas, Reality TV, Anime","An emotional story that explores family, ambition, and the human condition."
s426,Movie,Last Heart,Carlos Tanaka,"James Rossi, Aiko Garcia, Elena Smith, Liam Brown",Brazil,"March 18, 2005",2004,TV-MA,162 min,"Comedies, International Movies","An emotional story that explores family, ambition, and the human condition."
s1063,Movie,Rising Truth,,"Maria Garcia, Noah Smith, Kenji Muller, Maria Diaz, Noah Rossi",Mexico,2006-01-24,2005,TV-PG,148 min,Crime TV Shows,"An emotional story that explores family, ambition, and the human condition."
s119,Movie,A Truth,Wei Khan,"Maria Silva, Kenji Nguyen, Priya Muller, Kenji Khan",Australia,"Feb 07, 2006",2005,PG-13,62 min,"Crime TV Shows, Comedies, Anime","An emotional story that explores family, ambition, and the human condition."
s120,Movie,A Heart,,"Liam Brown, Sofia Chen, Sofia Brown, Liam Chen, Priya Kim",Italy,"Sep 04, 2001",2001,TV-G,184 min,"Dramas, Horror Movies, Reality TV","An emotional story that explores family, ambition, and the human condition."
s1035,Movie,The Truth,Carlos Smith,Aiko Smith,  germany  ,2017-02-03,2016,TV-PG,60 min,"Romantic Movies, Kids' TV, Action & Adventure","An emotional story that explores family, ambition, and the human condition."
s1096,Movie,Last Truth,Sofia Costa,"Omar Diaz, Noah Kim, Omar Nguyen",France,"April 07, 2022",2021,PG,109 min,"Kids' TV, Crime TV Shows","An emotional story that explores family, ambition, and the human condition."
s1,Movie,The Shadow,,"Maria Rossi, Liam Smith, James Garcia, Aiko Tanaka, Noah Rossi",,2002-02-17,2000,PG-13,160 min,Sci-Fi & Fantasy,"An emotional story that explores family, ambition, and the human condition."
s395,Movie,Golden Journey,Carlos Rossi,"Carlos Tanaka, Sofia Rossi",Egypt,2013-05-30,2013,TV-14,173 min,"Documentaries, Romantic Movies, Action & Adventure","An emotional story that explores family, ambition, and the human condition."
s402,TV Show,Silent City,Priya Kim,"Aiko Chen, Lucas Kim",India,05/14/2010,2009,PG-13,8 Seasons,Stand-Up Comedy,"An emotional story that explores family, ambition, and the human condition."
s405,Movie,Broken Journey,Wei Nguyen,"Priya Kim, Priya Chen",United Kingdom,"August 07, 2010",2008,TV-G,178 min,"Reality TV, Documentaries, Thrillers","An emotional story that explores family, ambition, and the human condition."
s880,Movie,A Heart A Heart,Aiko Nguyen,"Lucas Garcia, Kenji Muller, Fatima Chen",,"Jun 16, 2013",2012,TV-MA,65 min,"Sci-Fi & Fantasy, International Movies, Anime","An emotional story that explores family, ambition, and the human condition."
s891,TV Show,Rising Truth,,James Costa,  spain  ,"April 01, 2016",2015,PG-13,5 Seasons,"Horror Movies, Documentaries, International Movies","An emotional story that explores family, ambition, and the human condition."
s163,Movie,The Truth,Aiko Khan,"Kenji Muller, Kenji Johnson",Mexico,"Nov 18, 2016",2016,TV-G,109 min,Stand-Up Comedy,"An emotional story that explores family, ambition, and the human condition."
s115,Movie,Hidden Story,Omar Costa,"Noah Smith, Lucas Khan, Amara Costa, Lucas Muller",  italy  ,"March 02, 2004",2002,TV-Y,98 min,"Sci-Fi & Fantasy, Romantic Movies","An emotional story that explores family, ambition, and the human condition."
s671,TV Show,Golden City,Fatima Tanaka,"Omar Rossi, Priya Muller, Fatima Chen",India,"February 10, 2022",2020,PG-13,7 Seasons,"Thrillers, Kids' TV","An emotional story that explores family, ambition, and the human condition."
s151,TV Show,Silent Journey,Sofia Costa,Maria Khan,Canada,03/30/2024,2022,TV-14,8 Seasons,Romantic Movies,"An emotional story that explores family, ambition, and the human condition."
s842,Movie,Rising Truth,Maria Sharma,"Omar Johnson, Lucas Diaz",France,"September 13, 2020",2020,PG-13,60 min,"Romantic Movies, Dramas, Stand-Up Comedy","An emotional story that explores family, ambition, and the human condition."
s982,Movie,Silent World,James Kim,"Priya Khan, Aiko Khan",  brazil  ,2004-02-28,2002,TV-MA,115 min,"Action & Adventure, Sci-Fi & Fantasy","An emotional story that explores family, ambition, and the human condition."
s562,Movie,A Truth,James Khan,"Sofia Kim, Priya Kim",  japan  ,"Aug 26, 2018",2016,TV-PG,112 min,"Horror Movies, Stand-Up Comedy","An emotional story that explores family, ambition, and the human condition."
s369,Movie,Golden Dream,,"James Garcia, Fatima Smith, Noah Garcia",Spain,"October 28, 2002",2001,PG-13,160 min,Documentaries,"An emotional story that explores family, ambition, and the human condition."
s544,Movie,Last World,Liam Khan,"Aiko Khan, Amara Muller, Noah Nguyen",  france  ,"November 18, 2004",2004,NR,180 min,"Anime, Action & Adventure, Thrillers","An emotional story that explores family, ambition, and the human condition."
s478,TV Show,Golden Shadow,,,Italy,"Jul 02, 2021",2020,TV-14,8 Season,Action & Adventure,"An emotional story that explores family, ambition, and the human condition."
s1152,Movie,Silent Truth,Wei Tanaka,,Japan,2019-11-30,2019,TV-G,170 min,"Sci-Fi & Fantasy, Kids' TV","An emotional story that explores family, ambition, and the human condition."
s533,Movie,Golden City,Priya Smith,"Wei Sharma, Maria Smith",Canada,"June 02, 1999",1998,TV-PG,76 min,Horror Movies,"An emotional story that explores family, ambition, and the human condition."
s626,Movie,Golden Truth,Fatima Diaz,"Maria Johnson, Noah Chen, Omar Costa",  south korea  ,2013-03-25,2012,PG-13,68 min,"Reality TV, Documentaries, Comedies","An emotional story that explores family, ambition, and the human condition."
s1022,Movie,Secret Shadow,Lucas Tanaka,"Sofia Silva, Priya Rossi, Lucas Smith, Wei Khan",Nigeria,"Dec 30, 2003",2002,TV-MA,65 min,"Stand-Up Comedy, Thrillers","An emotional story that explores family, ambition, and the human condition."
s513,TV Show,Golden Heart,Maria Diaz,"Fatima Garcia, Fatima Muller, Noah Garcia, Omar Khan",Australia,"Feb 11, 2006",2004,R,2 Seasons,"Anime, Crime TV Shows","An emotional story that explores family, ambition, and the human condition."
s840,Movie,A Dream,James Sharma,Omar Muller,France,"Apr 19, 1999",1998,NR,109 min,"Romantic Movies, Crime TV Shows","An emotional story that explores family, ambition, and the human condition."
s73,TV Show,A Dream,Noah Silva,Fatima Kim,Spain,"October 03, 2009",2008,PG,4 Seasons,"Romantic Movies, International Movies, Anime","An emotional story that explores family, ambition, and the human condition."
s808,Movie,Broken World,,,France,"September 15, 2022",2021,TV-14,113 min,International Movies,"An emotional story that explores family, ambition, and the human condition."
s259,Movie,A Truth,,"Noah Garcia, Elena Sharma, Wei Silva",India,2003-07-30,2001,TV-MA,167 min,Documentaries,"An emotional story that explores family, ambition, and the human condition."
s625,TV Show,Hidden World,Kenji Garcia,James Smith,  egypt  ,"Feb 11, 2000",1999,PG-13,1 Seasons,Horror Movies,"An emotional story that explores family, ambition, and the human condition."
s827,Movie,Secret Heart,,"Priya Smith, Liam Costa, Elena Chen, Omar Rossi, Aiko Chen",Germany,"Jul 12, 2007",2005,TV-MA,123 min,Dramas,"An emotional story that explores family, ambition, and the human condition."
s235,Movie,Secret World,Lucas Silva,"Amara Chen, Amara Diaz, Kenji Smith, Liam Rossi, Omar Kim",France,2020-01-29,2018,TV-MA,66 min,Romantic Movies,"An emotional story that explores family, ambition, and the human condition."
s136,Movie,A World,,"James Brown, Maria Costa, Priya Nguyen, Carlos Johnson, Elena Silva",Germany,04/01/2015,2014,R,147 min,"Horror Movies, Crime TV Shows","An emotional story that explores family, ambition, and the human condition."
s617,TV Show,Silent Kingdom,Amara Silva,"Carlos Muller, Carlos Silva, Elena Rossi, Carlos Garcia",South Korea,"Oct 23, 2013",2012,TV-MA,3 Season,"Thrillers, Comedies","An emotional story that explores family, ambition, and the human condition."
s517,Movie,The Truth,Noah Nguyen,"Fatima Brown, Fatima Johnson, Wei Chen",,07/26/2020,2019,PG,122 min,Horror Movies,"An emotional story that explores family, ambition, and the human condition."
s1072,Movie,Silent Legacy,Sofia Garcia,"Maria Smith, James Diaz",Nigeria,2001-02-24,1999,TV-PG,128 min,Thrillers,"An emotional story that explores family, ambition, and the human condition."
s837,Movie,Broken Heart,Liam Silva,"Wei Tanaka, Elena Chen, Carlos Nguyen, Elena Sharma",Germany,08/20/2012,2011,,184 min,Thrillers,"An emotional story that explores family, ambition, and the human condition."
s843,Movie,Secret Truth,Carlos Costa,"Noah Tanaka, Noah Silva, Wei Khan, Lucas Tanaka, Liam Costa",Italy,10/01/2006,2006,TV-G,179 min,"International Movies, Stand-Up Comedy","An emotional story that explores family, ambition, and the human condition."
s803,Movie,The World,Carlos Muller,,Spain,"October 06, 2007",2007,TV-Y,168 min,Sci-Fi & Fantasy,"An emotional story that explores family, ambition, and the human condition."
s810,Movie,The City,Lucas Silva,"Maria Rossi, Maria Brown, Fatima Kim",,2021-02-13,2020,TV-14,154 min,"Sci-Fi & Fantasy, Stand-Up Comedy","An emotional story that explores family, ambition, and the human condition."
s593,TV Show,Secret City,Liam Nguyen,Liam Silva,Germany,07/10/2022,2021,,8 Seasons,"Stand-Up Comedy, Kids' TV","An emotional story that explores family, ambition, and the human condition."
s1079,TV Show,Last Legacy,Noah Diaz,"Lucas Muller, Noah Chen, Omar Chen, Aiko Sharma, Noah Kim",  spain  ,"September 11, 2017",2016,TV-14,1 Season,"Documentaries, Stand-Up Comedy, Sci-Fi & Fantasy","An emotional story that explores family, ambition, and the human condition."
s502,Movie,Silent City,Sofia Kim,"Wei Rossi, Liam Sharma, Kenji Garcia",India,01/26/2002,2000,R,62 min,"Stand-Up Comedy, International Movies","An emotional story that explores family, ambition, and the human condition."
s539,Movie,Hidden City,,Liam Nguyen,United States,10/19/2023,2022,R,91 min,"Crime TV Shows, Stand-Up Comedy, Dramas","An emotional story that explores family, ambition, and the human condition."
s946,Movie,Last Story,,"Liam Smith, Fatima Costa, Aiko Silva, Wei Muller",Nigeria,"January 26, 2009",2007,TV-G,113 min,"Anime, Documentaries","An emotional story that explores family, ambition, and the human condition."
s729,Movie,Rising Shadow,,,Australia,"July 07, 2015",2014,PG-13,111 min,"Crime TV Shows, Sci-Fi & Fantasy, Dramas","An emotional story that explores family, ambition, and the human condition."
s582,Movie,A Legacy,Kenji Tanaka,"Liam Silva, Aiko Costa",Nigeria,1999-07-19,1999,,111 min,"Reality TV, Stand-Up Comedy, Documentaries","An emotional story that explores family, ambition, and the human condition."
s344,Movie,Broken City,James Kim,"Omar Rossi, James Kim",Nigeria,11/13/2018,2017,PG,130 min,"Dramas, International Movies","An emotional story that explores family, ambition, and the human condition."
s977,TV Show,Golden City,Wei Smith,"Lucas Silva, Kenji Nguyen, Maria Johnson",Mexico,"March 13, 2023",2022,TV-G,1 Seasons,Dramas,"An emotional story that explores family, ambition, and the human condition."
s890,TV Show,Secret Shadow,Aiko Rossi,"Carlos Smith, Noah Johnson, Kenji Nguyen, Kenji Diaz",United Kingdom,2022-03-07,2020,R,5 Seasons,"Anime, Kids' TV, Reality TV","An emotional story that explores family, ambition, and the human condition."
s294,Movie,Hidden Heart,,,Australia,2009-05-30,2009,TV-14,161 min,"Romantic Movies, Documentaries, Thrillers","An emotional story that explores family, ambition, and the human condition."
s365,Movie,Broken Kingdom,,,  south korea  ,"March 13, 2007",2005,TV-G,170 min,"Crime TV Shows, Reality TV","An emotional story that explores family, ambition, and the human condition."
s898,Movie,Golden Dream,,Aiko Smith,France,2001-12-06,2001,PG,167 min,Thrillers,"An emotional story that explores family, ambition, and the human condition."
s660,Movie,Silent Kingdom,Maria Tanaka,Priya Brown,Canada,2022-06-28,2021,TV-Y,84 min,Dramas,"An emotional story that explores family, ambition, and the human condition."
s15,Movie,Midnight World,Elena Smith,,  france  ,11/05/2011,2011,TV-G,175 min,"Stand-Up Comedy, Romantic Movies, Kids' TV","An emotional story that explores family, ambition, and the human condition."
s687,Movie,Secret Kingdom,,Carlos Smith,Canada,09/16/2006,2006,R,109 min,Comedies,"An emotional story that explores family, ambition, and the human condition."
s87,Movie,Silent World,Priya Costa,"Fatima Kim, Lucas Nguyen, Amara Kim, Kenji Johnson, Amara Silva",Canada,03/19/2007,2006,R,185 min,"Stand-Up Comedy, Thrillers, Horror Movies","An emotional story that explores family, ambition, and the human condition."
s371,Movie,Golden City,Sofia Costa,Maria Chen,United Kingdom,05/10/2019,2018,R,118 min,Sci-Fi & Fantasy,"An emotional story that explores family, ambition, and the human condition."
s166,Movie,Last Truth,Lucas Johnson,,Mexico,,2004,PG,64 min,Horror Movies,"An emotional story that explores family, ambition, and the human condition."
s132,Movie,Broken Dream,,"Wei Silva, Maria Silva, Maria Muller, Omar Tanaka, Lucas Chen",South Korea,2009-09-10,2007,R,167 min,Documentaries,"An emotional story that explores family, ambition, and the human condition."
s336,Movie,Midnight Kingdom,,Amara Tanaka,Canada,"Nov 23, 2011",2011,TV-G,61 min,Thrillers,"An emotional story that explores family, ambition, and the human condition."
s60,TV Show,A World,Aiko Costa,"Amara Nguyen, Kenji Nguyen, Wei Tanaka",France,2013-08-06,2011,TV-G,7 Seasons,"Crime TV Shows, Anime, Sci-Fi & Fantasy","An emotional story that explores family, ambition, and the human condition."
s710,Movie,Golden Dream,,"Omar Johnson, Aiko Garcia, Fatima Chen, Wei Kim, Omar Rossi",India,"Aug 27, 2001",2001,NR,98 min,Romantic Movies,"An emotional story that explores family, ambition, and the human condition."
s1034,Movie,Midnight Heart,Kenji Muller,Maria Brown,France,"August 28, 2007",2005,R,92 min,"Sci-Fi & Fantasy, Dramas","An emotional story that explores family, ambition, and the human condition."
s677,Movie,Silent Journey,Kenji Diaz,,United States,,1999,TV-G,106 min,"Comedies, Romantic Movies","An emotional story that explores family, ambition, and the human condition."
s355,Movie,Golden Shadow,Maria Smith,"Sofia Tanaka, Priya Muller, Lucas Muller, Liam Garcia, Carlos Smith",Germany,"September 22, 2005",2004,TV-14,118 min,Sci-Fi & Fantasy,"An emotional story that explores family, ambition, and the human condition."
s1014,Movie,Hidden City,Elena Johnson,"Amara Khan, Maria Johnson, Sofia Brown",United Kingdom,09/17/2016,2016,TV-Y,152 min,Sci-Fi & Fantasy,"An emotional story that explores family, ambition, and the human condition."
s425,Movie,Silent Shadow,,"Wei Diaz, Noah Chen, Aiko Silva, Lucas Garcia, Elena Silva",Canada,"November 04, 2014",2013,NR,101 min,"Action & Adventure, Documentaries, Crime TV Shows","An emotional story that explores family, ambition, and the human condition."
s293,TV Show,Last Story,,"Noah Khan, Kenji Diaz, Carlos Sharma, Omar Silva, Lucas Rossi",Nigeria,"December 04, 2018",2018,NR,4 Seasons,International Movies,"An emotional story that explores family, ambition, and the human condition."
s42,Movie,Hidden Legacy,Priya Garcia,"James Diaz, Wei Brown, Elena Kim, Wei Garcia",France,10/09/2022,2020,NR,97 min,"Horror Movies, Anime","An emotional story that explores family, ambition, and the human condition."
s1082,TV Show,Golden Story,Wei Silva,"James Smith, James Brown, Noah Sharma",Nigeria,"February 10, 2002",2001,TV-Y,2 Seasons,"Horror Movies, International Movies","An emotional story that explores family, ambition, and the human condition."
s330,Movie,Silent Shadow,,"Priya Khan, Amara Diaz, Omar Johnson, Sofia Chen, Aiko Nguyen",,"October 06, 2009",2008,TV-Y,75 min,Romantic Movies,"An emotional story that explores family, ambition, and the human condition."
s615,Movie,A Shadow A Shadow,,"Wei Brown, Elena Tanaka, Fatima Costa",United States,2006-07-06,2004,PG-13,162 min,Anime,"An emotional story that explores family, ambition, and the human condition."
s430,Movie,Rising Journey,,"James Rossi, James Johnson, Amara Tanaka",South Korea,"Mar 06, 2013",2011,NR,106 min,"Kids' TV, Sci-Fi & Fantasy","An emotional story that explores family, ambition, and the human condition."
s80,TV Show,Rising Shadow,Aiko Johnson,"Carlos Sharma, Maria Diaz, James Chen, Priya Brown",Canada,01/31/2002,2001,TV-PG,4 Seasons,"Kids' TV, Reality TV","An emotional story that explores family, ambition, and the human condition."
s694,TV Show,Midnight City,Carlos Chen,"Maria Sharma, Sofia Tanaka, Amara Silva, James Brown, Elena Khan",Brazil,2003-01-15,2001,R,5 Seasons,"Anime, Horror Movies","An emotional story that explores family, ambition, and the human condition."
s29,Movie,Midnight Truth,Priya Sharma,"Carlos Khan, Elena Tanaka, Elena Costa, Maria Silva, Omar Sharma",Spain,,2008,TV-PG,102 min,"Documentaries, Horror Movies","An emotional story that explores family, ambition, and the human condition."
s708,TV Show,Golden City,Omar Muller,Fatima Garcia,France,"December 08, 2004",2004,PG-13,6 Season,"Reality TV, Sci-Fi & Fantasy","An emotional story that explores family, ambition, and the human condition."
s1025,TV Show,A World,Elena Khan,"Omar Brown, Elena Sharma, Wei Kim",Nigeria,12/03/2022,2022,TV-14,7 Seasons,"Horror Movies, Kids' TV, Stand-Up Comedy","An emotional story that explores family, ambition, and the human condition."
s1187,Movie,Secret Story,Fatima Kim,,South Korea,2012-10-24,2012,TV-PG,144 min,"Kids' TV, Reality TV, Documentaries","An emotional story that explores family, ambition, and the human condition."
s255,TV Show,Rising World,Noah Khan,"Sofia Tanaka, Wei Garcia, Carlos Rossi",Germany,"June 26, 2007",2006,TV-MA,7 Seasons,Romantic Movies,"An emotional story that explores family, ambition, and the human condition."
s161,Movie,Midnight Shadow,Fatima Sharma,"Carlos Kim, Noah Nguyen, Sofia Brown, Sofia Garcia",,12/15/2009,2008,TV-14,108 min,"Comedies, Horror Movies","An emotional story that explores family, ambition, and the human condition."
s459,Movie,The Dream,,"Elena Diaz, Sofia Khan, Fatima Chen, Sofia Brown, Aiko Muller",Canada,2021-09-17,2021,TV-Y,143 min,"Action & Adventure, Romantic Movies, Horror Movies","An emotional story that explores family, ambition, and the human condition."
s384,Movie,Secret Story,Elena Chen,Sofia Garcia,India,"September 23, 2010",2010,TV-PG,67 min,"Horror Movies, Action & Adventure","An emotional story that explores family, ambition, and the human condition."
s314,TV Show,Broken World,Carlos Rossi,"Wei Costa, James Kim, Amara Muller, Elena Chen, Sofia Sharma",Egypt,2018-05-24,2016,TV-MA,3 Seasons,"Documentaries, Horror Movies, Thrillers","An emotional story that explores family, ambition, and the human condition."
s85,Movie,Silent Journey,Liam Rossi,Sofia Sharma,Mexico,2008-06-08,2007,TV-Y,184 min,Reality TV,"An emotional story that explores family, ambition, and the human condition."
s575,Movie,Broken Journey,Liam Khan,"Priya Johnson, Carlos Smith",Canada,"October 06, 2019",2018,TV-Y,129 min,"Kids' TV, Reality TV","An emotional story that explores family, ambition, and the human condition."
s763,TV Show,Secret World,Aiko Muller,"James Costa, Sofia Sharma",  nigeria  ,2004-07-06,2002,NR,3 Seasons,"Romantic Movies, Kids' TV","An emotional story that explores family, ambition, and the human condition."
s137,TV Show,Secret World,,,Canada,"December 06, 2000",2000,TV-Y,3 Seasons,"Stand-Up Comedy, International Movies, Comedies","An emotional story that explores family, ambition, and the human condition."
s112,Movie,Broken City,Priya Chen,,South Korea,2001-10-27,2001,R,148 min,"Comedies, Action & Adventure","An emotional story that explores family, ambition, and the human condition."
s195,Movie,Silent Journey,Maria Diaz,"Elena Diaz, Carlos Rossi, Noah Rossi",Mexico,1999-01-08,1998,R,137 min,"Romantic Movies, Horror Movies, Sci-Fi & Fantasy","An emotional story that explores family, ambition, and the human condition."
s853,Movie,Silent Legacy,Noah Johnson,"Fatima Nguyen, Sofia Nguyen, Wei Garcia, Wei Rossi",Nigeria,"Apr 29, 2021",2021,TV-PG,148 min,Stand-Up Comedy,"An emotional story that explores family, ambition, and the human condition."
s179,TV Show,Hidden Story,Omar Chen,"Amara Nguyen, Wei Garcia",Australia,"Jul 15, 1999",1998,PG,6 Seasons,"Thrillers, Sci-Fi & Fantasy","An emotional story that explores family, ambition, and the human condition."
s556,TV Show,Golden Truth,Liam Silva,"Carlos Muller, Kenji Smith",Italy,"May 14, 2020",2020,TV-PG,2 Season,"International Movies, Thrillers","An emotional story that explores family, ambition, and the human condition."
s724,Movie,A Dream,Carlos Diaz,"Omar Kim, Noah Costa, Omar Rossi, Omar Costa, Sofia Khan",United Kingdom,2000-08-24,1998,TV-G,64 min,"Horror Movies, International Movies","An emotional story that explores family, ambition, and the human condition."
s860,TV Show,The Legacy,Omar Nguyen,"Fatima Brown, Omar Rossi, Maria Rossi, Noah Tanaka",India,"July 11, 2023",2021,TV-Y,5 Seasons,"Dramas, Action & Adventure, Crime TV Shows","An emotional story that explores family, ambition, and the human condition."
s497,Movie,Rising Shadow,James Rossi,Aiko Nguyen,Italy,"Jul 24, 2006",2005,TV-14,136 min,"Crime TV Shows, Documentaries, Kids' TV","An emotional story that explores family, ambition, and the human condition."
s904,TV Show,Silent Shadow,Omar Tanaka,"Maria Rossi, Sofia Rossi, Carlos Diaz",Australia,"May 31, 2018",2018,TV-Y,2 Seasons,"International Movies, Documentaries, Sci-Fi & Fantasy","An emotional story that explores family, ambition, and the human condition."
s806,Movie,A Story,Kenji Kim,"Carlos Kim, James Costa",South Korea,"Feb 10, 2019",2017,TV-Y,65 min,International Movies,"An emotional story that explores family, ambition, and the human condition."
s130,Movie,A Heart,Sofia Silva,Elena Nguyen,France,04/27/2020,2019,R,117 min,"Romantic Movies, Comedies","An emotional story that explores family, ambition, and the human condition."
s716,TV Show,Silent Dream,Priya Costa,"Kenji Sharma, Liam Tanaka",Germany,12/03/2004,2004,PG-13,5 Seasons,"Kids' TV, Sci-Fi & Fantasy, International Movies","An emotional story that explores family, ambition, and the human condition."
s338,Movie,Midnight Journey,Sofia Diaz,"Aiko Diaz, James Muller, James Brown, Sofia Khan",France,11/12/2016,2016,TV-Y,167 min,Action & Adventure,"An emotional story that explores family, ambition, and the human condition."
s190,TV Show,Golden Heart,Noah Chen,"Sofia Nguyen, Carlos Tanaka",Mexico,"August 13, 2023",2022,TV-14,3 Seasons,"Comedies, Documentaries","An emotional story that explores family, ambition, and the human condition."
s609,TV Show,A Legacy,,"James Muller, James Kim, Fatima Garcia, Wei Smith, Noah Smith",,08/07/2012,2012,TV-PG,7 Seasons,Anime,"An emotional story that explores family, ambition, and the human condition."
s125,Movie,Midnight Legacy,Sofia Smith,Amara Sharma,Brazil,2010-08-27,2009,TV-G,181 min,"Horror Movies, International Movies","An emotional story that explores family, ambition, and the human condition."
s196,Movie,Silent Truth Silent Truth,Priya Chen,"Kenji Silva, Aiko Chen, Wei Chen, Fatima Rossi, Amara Nguyen",Canada,2011-10-18,2011,TV-PG,79 min,"Reality TV, Romantic Movies, Dramas","An emotional story that explores family, ambition, and the human condition."
s227,Movie,Secret Truth,,"Amara Garcia, Lucas Kim, Sofia Khan, Kenji Sharma",South Korea,09/26/2021,2021,NR,78 min,"Thrillers, Horror Movies, Sci-Fi & Fantasy","An emotional story that explores family, ambition, and the human condition."
s690,Movie,Secret Heart,,,Japan,"February 14, 2018",2016,TV-G,169 min,"Comedies, Sci-Fi & Fantasy, Horror Movies","An emotional story that explores family, ambition, and the human condition."
s269,Movie,Secret Truth,Kenji Diaz,"Noah Smith, Kenji Smith, Elena Garcia",,06/03/2006,2006,PG-13,107 min,"Documentaries, Dramas","An emotional story that explores family, ambition, and the human condition."
s153,TV Show,Silent Story,,"Wei Khan, Omar Brown, Fatima Chen, Priya Smith",Spain,"July 21, 1999",1999,PG,3 Seasons,"Romantic Movies, Sci-Fi & Fantasy, Crime TV Shows","An emotional story that explores family, ambition, and the human condition."
s910,Movie,A Heart,James Smith,"Elena Nguyen, Aiko Diaz, Elena Chen, Maria Nguyen, Kenji Garcia",  united kingdom  ,06/12/2001,2001,TV-14,96 min,"Horror Movies, Kids' TV, Action & Adventure","An emotional story that explores family, ambition, and the human condition."
s585,TV Show,Golden Journey,,"Noah Chen, Wei Diaz",  united states  ,2008-03-04,2006,TV-Y,2 Season,Action & Adventure,"An emotional story that explores family, ambition, and the human condition."
s951,Movie,Midnight Story,Maria Tanaka,"James Rossi, Omar Garcia, Fatima Tanaka, Noah Nguyen, Kenji Nguyen",United States,"Jul 27, 1998",1998,PG-13,103 min,Anime,"An emotional story that explores family, ambition, and the human condition."
s104,Movie,Broken Truth,Kenji Kim,"Amara Kim, Amara Sharma, Priya Chen, Amara Johnson",United Kingdom,"February 12, 2016",2014,TV-14,116 min,"Dramas, Sci-Fi & Fantasy, Reality TV","An emotional story that explores family, ambition, and the human condition."
s594,Movie,Secret Truth,,"Wei Sharma, Elena Chen",Nigeria,2010-09-23,2010,R,130 min,"Comedies, Documentaries","An emotional story that explores family, ambition, and the human condition."
s1121,TV Show,Broken Story,,"Maria Chen, Kenji Sharma, Elena Kim, Amara Costa",Canada,08/04/2008,2007,PG,7 Seasons,"Stand-Up Comedy, Romantic Movies, Documentaries","An emotional story that explores family, ambition, and the human condition."
s787,TV Show,Last Kingdom,,"Kenji Muller, Wei Costa, Fatima Nguyen, James Rossi",United Kingdom,,2000,R,8 Seasons,"Reality TV, Horror Movies, Sci-Fi & Fantasy","An emotional story that explores family, ambition, and the human condition."
s1019,Movie,A Story,Elena Tanaka,"Elena Costa, Aiko Johnson",United States,2001-07-25,2000,R,158 min,"Comedies, Romantic Movies, Horror Movies","An emotional story that explores family, ambition, and the human condition."
s885,Movie,The World,Kenji Khan,Wei Smith,  australia  ,2017-01-16,2016,PG-13,145 min,"Anime, Thrillers, International Movies","An emotional story that explores family, ambition, and the human condition."
s777,TV Show,Golden World,Liam Chen,Fatima Chen,Germany,"Mar 03, 2011",2009,TV-Y,3 Seasons,Kids' TV,"An emotional story that explores family, ambition, and the human condition."
s949,TV Show,Rising Story,Lucas Khan,"Elena Nguyen, Lucas Khan",Italy,"Nov 11, 2006",2005,,7 Seasons,"Sci-Fi & Fantasy, Kids' TV","An emotional story that explores family, ambition, and the human condition."
s850,Movie,Silent Story,Omar Tanaka,"Carlos Diaz, Kenji Chen, Amara Costa, Aiko Kim, Aiko Rossi",France,,2016,TV-G,108 min,"Sci-Fi & Fantasy, Action & Adventure","An emotional story that explores family, ambition, and the human condition."
s895,Movie,Last Journey,,"Carlos Brown, Aiko Kim",France,2008-04-07,2006,NR,150 min,Dramas,"An emotional story that explores family, ambition, and the human condition."
s228,Movie,Golden Legacy,Elena Diaz,"Sofia Muller, Aiko Brown",Italy,"September 16, 2021",2020,PG-13,179 min,"Dramas, Kids' TV, Action & Adventure","An emotional story that explores family, ambition, and the human condition."
s1143,Movie,Hidden Journey,Fatima Khan,"Sofia Rossi, Carlos Diaz, Lucas Smith",France,2022-02-03,2020,TV-MA,174 min,"International Movies, Horror Movies, Action & Adventure","An emotional story that explores family, ambition, and the human condition."
s302,TV Show,Secret City,,"Aiko Chen, Maria Brown",  nigeria  ,"June 04, 2010",2009,TV-MA,4 Seasons,"Kids' TV, Crime TV Shows, Dramas","An emotional story that explores family, ambition, and the human condition."
s855,TV Show,Last Kingdom,Lucas Garcia,"Amara Smith, Kenji Khan, Sofia Garcia, Liam Garcia",Germany,"August 17, 2000",1999,PG,8 Seasons,"Stand-Up Comedy, Thrillers, Reality TV","An emotional story that explores family, ambition, and the human condition."
s276,Movie,Hidden Heart,,Priya Costa,United States,"November 19, 2020",2020,TV-14,171 min,"Crime TV Shows, Action & Adventure","An emotional story that explores family, ambition, and the human condition."
s127,TV Show,Midnight City,Maria Kim,Fatima Kim,  united kingdom  ,"July 06, 2012",2011,TV-MA,4 Seasons,Thrillers,"An emotional story that explores family, ambition, and the human condition."
s406,Movie,Broken Journey,Elena Diaz,"Amara Diaz, James Costa",United Kingdom,"Oct 15, 2010",2009,NR,76 min,"Horror Movies, Romantic Movies","An emotional story that explores family, ambition, and the human condition."
s776,Movie,The Dream,Noah Tanaka,"Wei Tanaka, Amara Muller, Priya Khan, James Muller",Spain,"Oct 14, 2001",1999,TV-G,120 min,"Horror Movies, International Movies","An emotional story that explores family, ambition, and the human condition."
s822,TV Show,Hidden Kingdom,Liam Johnson,"Kenji Kim, Kenji Diaz, Wei Sharma",Canada,"October 11, 2005",2004,PG,3 Seasons,"Dramas, Anime, Kids' TV","An emotional story that explores family, ambition, and the human condition."
s712,TV Show,A Dream,James Garcia,"Amara Silva, Amara Chen",Egypt,"November 03, 2022",2022,R,7 Seasons,"Dramas, Stand-Up Comedy, Comedies","An emotional story that explores family, ambition, and the human condition."
s766,Movie,Golden Truth,Kenji Chen,"Elena Silva, Lucas Brown, Elena Nguyen, Aiko Nguyen, Aiko Muller",Italy,"April 01, 2007",2006,PG,81 min,Kids' TV,"An emotional story that explores family, ambition, and the human condition."
s684,Movie,Secret Story,Amara Sharma,"Priya Chen, Liam Smith",United Kingdom,2006-02-28,2005,TV-Y,167 min,Crime TV Shows,"An emotional story that explores family, ambition, and the human condition."
s750,TV Show,Broken World,Lucas Silva,"Kenji Costa, James Nguyen, James Nguyen",Spain,2017-11-14,2016,TV-Y,4 Season,Dramas,"An emotional story that explores family, ambition, and the human condition."
s1146,TV Show,The World,,"Wei Tanaka, Carlos Muller, James Johnson",,06/24/1999,1999,TV-Y,3 Seasons,"Comedies, Horror Movies, Kids' TV","An emotional story that explores family, ambition, and the human condition."
s37,Movie,Last Story,Carlos Chen,"Kenji Nguyen, Priya Garcia, Priya Khan, Liam Khan",India,2003-11-03,2002,NR,168 min,Thrillers,"An emotional story that explores family, ambition, and the human condition."
s140,Movie,Secret Story,,"Lucas Kim, Carlos Nguyen",  australia  ,09/06/2017,2017,TV-MA,101 min,"International Movies, Reality TV, Action & Adventure","An emotional story that explores family, ambition, and the human condition."
s304,Movie,The World,,"James Diaz, Maria Costa, Aiko Costa, Noah Nguyen, Amara Sharma",Australia,2018-05-08,2017,NR,179 min,Romantic Movies,"An emotional story that explores family, ambition, and the human condition."
s268,Movie,Silent Dream,Kenji Smith,,Japan,05/18/2015,2013,TV-14,90 min,"Anime, Crime TV Shows","An emotional story that explores family, ambition, and the human condition."
s835,Movie,Midnight Kingdom,,"Wei Johnson, Maria Garcia, Noah Kim, Lucas Nguyen, Kenji Muller",India,"Mar 03, 2022",2021,TV-G,79 min,"Kids' TV, Crime TV Shows","An emotional story that explores family, ambition, and the human condition."
s534,Movie,Secret Legacy,Carlos Silva,"Sofia Diaz, Carlos Khan, Sofia Johnson, Liam Costa",Germany,"Nov 30, 2006",2005,PG-13,65 min,"Comedies, Action & Adventure, Kids' TV","An emotional story that explores family, ambition, and the human condition."
s546,Movie,Silent World,,"Sofia Rossi, Amara Brown, Amara Brown, Priya Nguyen",Brazil,"May 10, 2005",2003,R,64 min,"Comedies, Romantic Movies, Sci-Fi & Fantasy","An emotional story that explores family, ambition, and the human condition."
s213,Movie,A Kingdom,,"Amara Silva, Sofia Kim, Liam Silva",Nigeria,2007-02-15,2005,TV-PG,113 min,Action & Adventure,"An emotional story that explores family, ambition, and the human condition."
s897,Movie,Secret World,James Chen,"Sofia Silva, Liam Brown, Fatima Chen, Priya Johnson, Fatima Diaz",Italy,"Aug 21, 2009",2009,R,93 min,Action & Adventure,"An emotional story that explores family, ambition, and the human condition."
s469,Movie,A Story,Liam Tanaka,"James Kim, Lucas Nguyen, Sofia Smith",  france  ,"December 30, 2023",2022,TV-MA,144 min,Thrillers,"An emotional story that explores family, ambition, and the human condition."
s199,Movie,Silent Truth,Noah Muller,Priya Kim,Australia,2017-12-19,2016,TV-MA,114 min,"Kids' TV, Romantic Movies, Documentaries","An emotional story that explores family, ambition, and the human condition."
s1049,Movie,The Story,,"Fatima Smith, Aiko Brown, Maria Johnson, Sofia Johnson",  united states  ,"March 25, 2011",2009,NR,133 min,"Documentaries, Reality TV","An emotional story that explores family, ambition, and the human condition."
s868,Movie,Golden City,Fatima Johnson,"Liam Brown, Carlos Nguyen, Priya Chen, Maria Nguyen, Omar Tanaka",,"January 05, 2018",2017,TV-Y,142 min,Reality TV,"An emotional story that explores family, ambition, and the human condition."
s673,TV Show,Midnight Kingdom,,"Aiko Smith, Omar Kim, Sofia Smith, James Garcia",Australia,01/15/2005,2004,PG,2 Seasons,Action & Adventure,"An emotional story that explores family, ambition, and the human condition."
s917,Movie,A World,Lucas Brown,"Maria Tanaka, Liam Muller, Carlos Johnson, Maria Smith",Canada,"Mar 05, 2014",2013,TV-PG,156 min,Anime,"An emotional story that explores family, ambition, and the human condition."
s528,TV Show,Midnight Shadow,,"Priya Brown, Carlos Brown, Maria Tanaka, Liam Muller, Carlos Sharma",Brazil,2014-04-30,2014,NR,4 Seasons,"Comedies, Thrillers, Documentaries","An emotional story that explores family, ambition, and the human condition."
s676,Movie,The Story,Priya Rossi,"Amara Garcia, Sofia Nguyen",South Korea,2021-02-15,2020,PG-13,188 min,Romantic Movies,"An emotional story that explores family, ambition, and the human condition."
s1075,TV Show,Broken City,,"Lucas Muller, Kenji Khan",Nigeria,"April 20, 2014",2013,TV-G,4 Seasons,"Horror Movies, Crime TV Shows","An emotional story that explores family, ambition, and the human condition."
s815,TV Show,Rising Truth,James Khan,"Wei Smith, Elena Johnson, Omar Silva",Egypt,2010-02-12,2008,PG-13,1 Seasons,"Documentaries, Reality TV","An emotional story that explores family, ambition, and the human condition."
s242,Movie,Broken World,Aiko Silva,"Lucas Nguyen, Carlos Sharma, Wei Brown",  italy  ,2011-12-23,2010,NR,83 min,Action & Adventure,"An emotional story that explores family, ambition, and the human condition."
s343,Movie,Broken Legacy,,"Liam Johnson, Aiko Chen, Lucas Brown, Liam Costa, Liam Costa",Egypt,"December 12, 2020",2020,NR,155 min,Comedies,"An emotional story that explores family, ambition, and the human condition."
s550,Movie,Secret Legacy,James Rossi,"Omar Garcia, Kenji Tanaka, Wei Sharma, Aiko Smith",  south korea  ,01/21/2015,2014,TV-G,159 min,International Movies,"An emotional story that explores family, ambition, and the human condition."
s387,TV Show,A Heart,Wei Smith,"James Brown, Aiko Sharma, Aiko Garcia",France,2003-08-09,2003,TV-G,8 Seasons,Stand-Up Comedy,"An emotional story that explores family, ambition, and the human condition."
s1125,Movie,Secret Truth,,"Kenji Costa, Carlos Smith, Aiko Brown, Elena Rossi, Carlos Muller",India,2012-11-24,2011,TV-G,167 min,Crime TV Shows,"An emotional story that explores family, ambition, and the human condition."
s967,Movie,A Kingdom,,Noah Costa,India,10/04/2015,2014,PG-13,118 min,Dramas,"An emotional story that explores family, ambition, and the human condition."
s207,TV Show,Silent Legacy,Carlos Chen,"Priya Diaz, Aiko Tanaka",Egypt,12/18/2018,2018,TV-14,3 Seasons,Comedies,"An emotional story that explores family, ambition, and the human condition."
s296,TV Show,Broken Dream,Maria Chen,"Elena Muller, Fatima Garcia, Omar Rossi, Lucas Brown",South Korea,"Nov 09, 2021",2021,TV-Y,8 Season,"Kids' TV, Thrillers","An emotional story that explores family, ambition, and the human condition."
s696,Movie,A World,Amara Tanaka,Fatima Chen,  japan  ,2001-10-12,2001,TV-Y,147 min,"Reality TV, Horror Movies, Thrillers","An emotional story that explores family, ambition, and the human condition."
s1092,Movie,Hidden Journey,Lucas Brown,"Elena Johnson, Amara Muller, Kenji Kim",Mexico,09/15/2003,2002,TV-14,164 min,"Sci-Fi & Fantasy, Thrillers, Romantic Movies","An emotional story that explores family, ambition, and the human condition."
s74,TV Show,The Kingdom,Noah Johnson,"James Chen, Elena Rossi",  spain  ,2019-11-30,2018,TV-MA,3 Seasons,"Action & Adventure, Anime, Thrillers","An emotional story that explores family, ambition, and the human condition."
s606,Movie,Last Journey,James Costa,"Maria Kim, Fatima Garcia",France,"Aug 04, 2008",2006,R,173 min,"Thrillers, International Movies, Kids' TV","An emotional story that explores family, ambition, and the human condition."
s105,Movie,Secret Kingdom,,"James Rossi, Kenji Kim, Omar Rossi",Mexico,"August 05, 2006",2005,PG-13,141 min,"International Movies, Dramas, Kids' TV","An emotional story that explores family, ambition, and the human condition."
s996,TV Show,Golden Shadow,Sofia Diaz,"Elena Johnson, Noah Silva",United Kingdom,"Dec 04, 2005",2005,TV-PG,1 Seasons,Anime,"An emotional story that explores family, ambition, and the human condition."
s1026,Movie,The Journey,Amara Chen,James Johnson,  japan  ,03/18/2024,2022,PG,144 min,"Sci-Fi & Fantasy, Romantic Movies","An emotional story that explores family, ambition, and the human condition."
s1193,Movie,Rising Dream,,"Lucas Smith, Liam Kim, Kenji Rossi, Fatima Chen, Wei Chen",Canada,"August 26, 2011",2011,TV-MA,108 min,Sci-Fi & Fantasy,"An emotional story that explores family, ambition, and the human condition."
s17,Movie,Secret City,Omar Brown,,Japan,"Jun 10, 2020",2018,TV-14,95 min,"Reality TV, Dramas","An emotional story that explores family, ambition, and the human condition."
s440,Movie,Rising Heart,Liam Muller,"Amara Garcia, Aiko Khan",,"Aug 06, 2011",2010,TV-MA,65 min,"Horror Movies, Sci-Fi & Fantasy","An emotional story that explores family, ambition, and the human condition."
s92,TV Show,Golden City,Amara Chen,,France,2018-12-22,2017,NR,3 Seasons,"Comedies, Romantic Movies","An emotional story that explores family, ambition, and the human condition."
s89,Movie,A Truth,,,Canada,2011-03-03,2010,TV-PG,150 min,Kids' TV,"An emotional story that explores family, ambition, and the human condition."
s1059,Movie,Midnight Dream,Liam Brown,"Wei Tanaka, Fatima Diaz, Lucas Rossi, Liam Costa",,"August 20, 2021",2021,PG-13,121 min,Action & Adventure,"An emotional story that explores family, ambition, and the human condition."
s909,TV Show,Broken Heart,Amara Johnson,"Wei Nguyen, Sofia Diaz, Carlos Kim, Lucas Chen",,"June 10, 2020",2019,NR,3 Seasons,"Comedies, Documentaries","An emotional story that explores family, ambition, and the human condition."
s451,TV Show,A Legacy,Omar Nguyen,Wei Diaz,Italy,08/22/2002,2001,TV-G,2 Seasons,Stand-Up Comedy,"An emotional story that explores family, ambition, and the human condition."
s718,TV Show,Broken Truth,Wei Garcia,"Carlos Diaz, Lucas Silva, Sofia Tanaka, Kenji Brown",Australia,"Jun 27, 2008",2007,PG,7 Seasons,Reality TV,"An emotional story that explores family, ambition, and the human condition."
s103,Movie,Rising Legacy,Omar Sharma,"Lucas Nguyen, Fatima Costa, Aiko Khan, Fatima Brown",,,2010,TV-Y,153 min,"Action & Adventure, Documentaries","An emotional story that explores family, ambition, and the human condition."
s239,TV Show,Last Journey,Liam Brown,"Wei Johnson, Aiko Garcia, Wei Chen",,"Jul 20, 2006",2005,R,8 Seasons,"Dramas, Horror Movies, Comedies","An emotional story that explores family, ambition, and the human condition."
s69,Movie,Midnight Kingdom,Lucas Rossi,Elena Costa,  germany  ,05/24/2009,2008,PG,146 min,Crime TV Shows,"An emotional story that explores family, ambition, and the human condition."
s943,TV Show,A Truth,James Tanaka,"Wei Nguyen, Sofia Sharma, Carlos Chen, Kenji Nguyen, Fatima Khan",Brazil,"March 28, 2016",2014,TV-14,6 Seasons,International Movies,"An emotional story that explores family, ambition, and the human condition."
s247,TV Show,Golden Legacy,Lucas Brown,Carlos Sharma,Brazil,"Aug 13, 2008",2007,TV-14,8 Seasons,"Stand-Up Comedy, Anime, Kids' TV","An emotional story that explores family, ambition, and the human condition."
s939,Movie,Hidden Journey,,"Amara Muller, Sofia Kim, Omar Kim, Elena Kim",  egypt  ,2004-03-28,2003,TV-G,159 min,Horror Movies,"An emotional story that explores family, ambition, and the human condition."
s240,TV Show,Silent City,Amara Kim,"Priya Sharma, Wei Chen, Aiko Tanaka, James Brown",United States,"May 26, 2018",2016,TV-G,8 Seasons,"Thrillers, Stand-Up Comedy, Horror Movies","An emotional story that explores family, ambition, and the human condition."
s158,Movie,Silent Legacy,Kenji Garcia,"Omar Nguyen, Liam Diaz",Germany,2000-06-27,2000,NR,127 min,"Dramas, Action & Adventure, Documentaries","An emotional story that explores family, ambition, and the human condition."
s480,Movie,The Truth,,"Wei Johnson, Wei Johnson, Maria Garcia, Carlos Johnson, Amara Khan",Brazil,07/19/2004,2002,PG,97 min,"Stand-Up Comedy, Horror Movies","An emotional story that explores family, ambition, and the human condition."
s839,Movie,Hidden Legacy,Elena Sharma,Elena Kim,United Kingdom,2005-12-08,2004,TV-PG,173 min,Dramas,"An emotional story that explores family, ambition, and the human condition."
s646,Movie,Secret Story,,"Elena Chen, Noah Khan",Nigeria,2020-12-04,2019,,128 min,"Stand-Up Comedy, Romantic Movies, Kids' TV","An emotional story that explores family, ambition, and the human condition."
s6,TV Show,A World,Fatima Garcia,"Priya Smith, Amara Costa",Germany,"Jun 06, 2018",2016,TV-PG,7 Seasons,"Sci-Fi & Fantasy, Kids' TV, Dramas","An emotional story that explores family, ambition, and the human condition."
s1099,TV Show,Golden Journey,Priya Garcia,"Elena Costa, Lucas Muller, Sofia Garcia, Amara Smith",Spain,"Nov 20, 2010",2009,PG-13,2 Seasons,"International Movies, Horror Movies, Romantic Movies","An emotional story that explores family, ambition, and the human condition."
s872,TV Show,Silent Story,Kenji Khan,"Priya Smith, Maria Silva",Mexico,2017-11-23,2016,TV-14,6 Seasons,Horror Movies,"An emotional story that explores family, ambition, and the human condition."
s966,Movie,Hidden Story,Liam Smith,"Carlos Muller, Elena Garcia, Elena Nguyen",South Korea,"January 18, 2021",2020,NR,89 min,"Anime, Documentaries","An emotional story that explores family, ambition, and the human condition."
s19,TV Show,Midnight Journey,Amara Johnson,"Noah Garcia, Liam Costa, Sofia Tanaka, Carlos Smith, Amara Brown",,2017-08-08,2015,PG,3 Season,"Horror Movies, Anime, Comedies","An emotional story that explores family, ambition, and the human condition."
s1018,Movie,Broken Shadow,Amara Brown,Priya Brown,South Korea,,2016,R,185 min,"Action & Adventure, Documentaries","An emotional story that explores family, ambition, and the human condition."
s122,Movie,Rising Legacy,Lucas Diaz,"Liam Garcia, Amara Nguyen",Canada,"October 11, 2009",2009,TV-14,161 min,Documentaries,"An emotional story that explores family, ambition, and the human condition."
s947,Movie,Midnight Dream,,James Tanaka,  germany  ,2005-08-15,2005,TV-Y,88 min,Reality TV,"An emotional story that explores family, ambition, and the human condition."
s662,Movie,A Heart,,"Lucas Brown, James Silva",Japan,2002-03-17,2000,TV-14,151 min,Action & Adventure,"An emotional story that explores family, ambition, and the human condition."
s1017,TV Show,Hidden Heart,Noah Rossi,"Carlos Nguyen, Priya Garcia",Australia,"March 11, 2013",2013,TV-PG,2 Seasons,"Thrillers, Anime","An emotional story that explores family, ambition, and the human condition."
s275,Movie,Hidden Heart,,"Priya Muller, Elena Johnson, Priya Smith",,"Feb 23, 2021",2021,NR,147 min,"Anime, Kids' TV","An emotional story that explores family, ambition, and the human condition."
s434,Movie,Golden Shadow,Elena Johnson,"Aiko Diaz, Amara Brown, Fatima Chen, Omar Sharma",United Kingdom,"Oct 11, 2002",2001,TV-MA,179 min,"Action & Adventure, Reality TV","An emotional story that explores family, ambition, and the human condition."
s812,Movie,Midnight World,Sofia Johnson,"Liam Diaz, Sofia Muller, Priya Silva, Omar Muller, Liam Rossi",Italy,02/03/2006,2004,TV-MA,83 min,Comedies,"An emotional story that explores family, ambition, and the human condition."
s1151,Movie,The Journey,Fatima Brown,,Egypt,2024-11-15,2022,PG,162 min,"Crime TV Shows, International Movies","An emotional story that explores family, ambition, and the human condition."
s312,TV Show,Broken Truth,Lucas Sharma,"Fatima Sharma, Noah Johnson",Japan,"August 01, 2009",2008,NR,8 Seasons,International Movies,"An emotional story that explores family, ambition, and the human condition."
s1135,Movie,Hidden Truth,,"Kenji Diaz, Amara Khan, Liam Sharma, Fatima Kim, Omar Brown",Japan,"November 09, 2015",2015,TV-Y,178 min,"Action & Adventure, Sci-Fi & Fantasy","An emotional story that explores family, ambition, and the human condition."
s1147,Movie,Silent Shadow,James Brown,"Sofia Johnson, Liam Smith, Wei Silva, Wei Khan",Canada,02/09/2004,2002,PG-13,116 min,"Action & Adventure, Documentaries","An emotional story that explores family, ambition, and the human condition."
s781,Movie,Secret Truth,Priya Diaz,"Amara Costa, Elena Khan, Wei Rossi, Noah Costa",  united kingdom  ,03/05/2011,2010,TV-MA,174 min,"Documentaries, Action & Adventure, Dramas","An emotional story that explores family, ambition, and the human condition."
s547,TV Show,Hidden Dream,,"Omar Rossi, Amara Muller, Aiko Rossi",United Kingdom,"Nov 15, 1999",1999,TV-G,3 Seasons,"Action & Adventure, Thrillers","An emotional story that explores family, ambition, and the human condition."
s182,TV Show,The Legacy,,"Elena Tanaka, Amara Kim, Noah Brown, Aiko Muller, Lucas Johnson",France,02/13/2016,2015,TV-MA,7 Seasons,Stand-Up Comedy,"An emotional story that explores family, ambition, and the human condition."
s185,Movie,Rising World,Omar Tanaka,"Fatima Silva, Aiko Johnson, Sofia Muller",Germany,1999-02-26,1998,R,153 min,Anime,"An emotional story that explores family, ambition, and the human condition."
s407,Movie,Golden Dream,Carlos Silva,"Amara Nguyen, Noah Brown",Japan,12/22/2000,2000,TV-PG,186 min,"Action & Adventure, Thrillers, Stand-Up Comedy","An emotional story that explores family, ambition, and the human condition."
s720,TV Show,Rising Story,,"Maria Smith, Carlos Smith, Omar Rossi",France,"Nov 10, 2017",2017,TV-14,5 Seasons,"Sci-Fi & Fantasy, Crime TV Shows","An emotional story that explores family, ambition, and the human condition."
s1024,Movie,The Truth,Maria Silva,Carlos Sharma,Mexico,09/25/2007,2007,TV-G,150 min,Romantic Movies,"An emotional story that explores family, ambition, and the human condition."
s607,TV Show,Midnight Legacy,Noah Brown,"Kenji Rossi, Fatima Nguyen, James Rossi, James Diaz, Lucas Khan",Nigeria,"Mar 28, 2000",1998,R,3 Season,"Sci-Fi & Fantasy, Reality TV, Action & Adventure","An emotional story that explores family, ambition, and the human condition."
s693,Movie,Golden Truth,,James Rossi,United States,2001-10-17,2001,PG-13,175 min,"Reality TV, Kids' TV, Comedies","An emotional story that explores family, ambition, and the human condition."
s521,Movie,Secret Heart,,"Carlos Chen, Aiko Kim, Omar Garcia, Noah Nguyen",  canada  ,"Sep 10, 2006",2005,PG-13,185 min,"Romantic Movies, Anime, Crime TV Shows","An emotional story that explores family, ambition, and the human condition."
s866,Movie,Midnight Legacy,Liam Costa,"Priya Khan, Lucas Sharma, Liam Rossi",Brazil,"Mar 05, 2019",2017,R,76 min,"Horror Movies, Crime TV Shows","An emotional story that explores family, ambition, and the human condition."
s1004,Movie,The Truth,Fatima Tanaka,"James Chen, Aiko Khan",,04/12/2000,1999,TV-MA,171 min,Crime TV Shows,"An emotional story that explores family, ambition, and the human condition."
s381,Movie,Golden Truth,Sofia Smith,"Kenji Costa, Omar Sharma, Fatima Diaz",Nigeria,"Apr 24, 2001",2000,TV-Y,152 min,"Romantic Movies, Anime","An emotional story that explores family, ambition, and the human condition."
s428,Movie,The World,,"Amara Johnson, Sofia Muller, Sofia Khan",France,"October 19, 2002",2002,R,116 min,Stand-Up Comedy,"An emotional story that explores family, ambition, and the human condition."
s79,TV Show,Midnight Heart,Wei Kim,"Maria Muller, Kenji Chen, Sofia Rossi, Wei Chen, Kenji Rossi",Australia,10/31/2020,2020,TV-Y,5 Seasons,"Anime, Dramas, Thrillers","An emotional story that explores family, ambition, and the human condition."
s1010,Movie,Secret City,,"Fatima Smith, Fatima Garcia, Carlos Tanaka",  united kingdom  ,"September 06, 2017",2016,TV-G,136 min,"Crime TV Shows, Thrillers","An emotional story that explores family, ambition, and the human condition."
s1199,Movie,Silent City,Carlos Kim,"Kenji Kim, Kenji Smith, Aiko Muller",India,"June 12, 2006",2005,TV-MA,181 min,"Horror Movies, Dramas","An emotional story that explores family, ambition, and the human condition."
s608,TV Show,The Story,Maria Brown,"Lucas Brown, Liam Diaz, Priya Chen, Elena Khan",France,"Aug 29, 2013",2012,R,3 Seasons,Horror Movies,"An emotional story that explores family, ambition, and the human condition."
s1077,Movie,Secret City,Liam Silva,"Amara Tanaka, Sofia Silva",  india  ,"October 05, 1999",1998,TV-14,180 min,"Crime TV Shows, International Movies","An emotional story that explores family, ambition, and the human condition."
s1105,TV Show,The City,Fatima Costa,"Amara Kim, Sofia Brown, Amara Nguyen, Wei Garcia, Noah Costa",South Korea,2007-03-13,2006,TV-14,6 Seasons,Action & Adventure,"An emotional story that explores family, ambition, and the human condition."
s1065,Movie,A Legacy,,"Kenji Smith, Maria Sharma",Brazil,07/06/2001,2000,PG,113 min,"Thrillers, Crime TV Shows, Dramas","An emotional story that explores family, ambition, and the human condition."
s959,TV Show,Midnight Kingdom,Omar Kim,"Carlos Silva, Amara Nguyen, Priya Johnson, Elena Sharma, Omar Chen",United States,12/30/2002,2001,TV-PG,1 Seasons,"Romantic Movies, Comedies","An emotional story that explores family, ambition, and the human condition."
s560,Movie,Last City,Liam Muller,"Liam Costa, Sofia Silva",Japan,09/01/2006,2004,NR,148 min,"Documentaries, Romantic Movies","An emotional story that explores family, ambition, and the human condition."
s847,Movie,Hidden Legacy,,"Maria Johnson, Priya Diaz, Aiko Nguyen, Wei Sharma",United States,"August 19, 2016",2014,TV-14,84 min,Dramas,"An emotional story that explores family, ambition, and the human condition."
s691,TV Show,The Dream,Liam Sharma,"Fatima Garcia, Carlos Tanaka, Priya Costa",Italy,"Nov 25, 2016",2015,TV-PG,3 Seasons,"Action & Adventure, Crime TV Shows","An emotional story that explores family, ambition, and the human condition."
s1180,Movie,Rising World,Omar Garcia,Carlos Rossi,  australia  ,2010-01-16,2009,TV-Y,78 min,"Anime, Documentaries","An emotional story that explores family, ambition, and the human condition."
s1133,Movie,Midnight City,,Maria Diaz,Italy,1999-07-27,1998,TV-PG,140 min,"Comedies, Romantic Movies","An emotional story that explores family, ambition, and the human condition."
s437,Movie,The Journey,,"Wei Smith, Omar Tanaka, James Tanaka, Liam Brown",Mexico,"March 08, 2018",2017,PG-13,91 min,"Comedies, Crime TV Shows","An emotional story that explores family, ambition, and the human condition."
s491,TV Show,Silent Dream,,Sofia Brown,,2018-02-21,2016,PG,5 Seasons,Thrillers,"An emotional story that explores family, ambition, and the human condition."
s322,Movie,Last Truth,Fatima Sharma,"Carlos Chen, Kenji Rossi",Nigeria,2017-02-24,2016,R,109 min,Dramas,"An emotional story that explores family, ambition, and the human condition."
s1114,TV Show,Secret Journey,,"Noah Brown, Elena Khan",Brazil,"Oct 23, 2007",2005,TV-14,6 Seasons,International Movies,"An emotional story that explores family, ambition, and the human condition."
s70,Movie,A World,,"Lucas Muller, Noah Smith, Liam Nguyen, Priya Smith, Kenji Brown",France,"September 03, 2001",2001,PG,132 min,Dramas,"An emotional story that explores family, ambition, and the human condition."
s809,Movie,A Truth,Aiko Khan,"Kenji Nguyen, Wei Nguyen, Elena Tanaka, Amara Brown, Maria Tanaka",Brazil,"July 21, 2001",2001,PG,90 min,"Kids' TV, Comedies, Romantic Movies","An emotional story that explores family, ambition, and the human condition."
s12,Movie,Rising Journey,,"Omar Nguyen, Noah Chen, James Muller, Maria Nguyen, Wei Garcia",Mexico,"February 07, 2020",2018,TV-Y,130 min,"Crime TV Shows, Reality TV, Kids' TV","An emotional story that explores family, ambition, and the human condition."
s145,Movie,Rising Journey,Sofia Nguyen,"Fatima Costa, Elena Nguyen, Wei Chen, Aiko Rossi",Brazil,"Sep 25, 2008",2007,R,100 min,"Kids' TV, International Movies","An emotional story that explores family, ambition, and the human condition."
s918,Movie,Rising Heart,,Noah Sharma,Nigeria,2006-01-20,2004,TV-14,100 min,"Dramas, Romantic Movies, Anime","An emotional story that explores family, ambition, and the human condition."
s640,Movie,Hidden Legacy,Fatima Johnson,"Amara Rossi, Sofia Tanaka",Canada,"June 17, 2003",2002,TV-PG,60 min,"Horror Movies, Comedies, Kids' TV","An emotional story that explores family, ambition, and the human condition."
s177,Movie,Silent Legacy,Priya Diaz,"Maria Garcia, Lucas Kim, Aiko Smith, Fatima Khan",Nigeria,"Dec 29, 2002",2002,TV-Y,89 min,International Movies,"An emotional story that explores family, ambition, and the human condition."
s995,TV Show,Rising Truth,Sofia Brown,"Sofia Nguyen, Priya Brown, Carlos Johnson",,2003-02-22,2001,TV-G,3 Seasons,"Crime TV Shows, Thrillers, Sci-Fi & Fantasy","An emotional story that explores family, ambition, and the human condition."
s441,TV Show,Midnight Story,Omar Costa,"Elena Tanaka, James Diaz",Brazil,2000-08-19,2000,TV-14,1 Season,"Crime TV Shows, Comedies, Thrillers","An emotional story that explores family, ambition, and the human condition."
s522,Movie,Golden Story,Omar Silva,"Kenji Sharma, Priya Johnson, Kenji Brown",Germany,06/03/2013,2013,TV-G,161 min,"Documentaries, Anime","An emotional story that explores family, ambition, and the human condition."
s1005,TV Show,Secret Legacy,Kenji Costa,,Australia,"Apr 22, 2006",2004,R,7 Seasons,Action & Adventure,"An emotional story that explores family, ambition, and the human condition."
s144,Movie,Hidden World,,,United States,"Aug 27, 2012",2011,TV-14,131 min,Anime,"An emotional story that explores family, ambition, and the human condition."
s754,TV Show,Rising Shadow,,"Maria Costa, Wei Costa",Brazil,"May 27, 2022",2021,R,8 Seasons,Anime,"An emotional story that explores family, ambition, and the human condition."
s520,Movie,Last World,Amara Muller,Amara Diaz,  italy  ,"August 10, 2011",2010,TV-MA,153 min,Action & Adventure,"An emotional story that explores family, ambition, and the human condition."
s823,Movie,A Truth,Elena Smith,"James Brown, Sofia Johnson",Japan,"Feb 22, 2006",2005,R,80 min,"Dramas, Reality TV","An emotional story that explores family, ambition, and the human condition."
s429,Movie,A Kingdom,Carlos Diaz,"Noah Diaz, Wei Smith",South Korea,12/18/2012,2011,TV-14,141 min,"Comedies, Thrillers","An emotional story that explores family, ambition, and the human condition."
s613,Movie,Broken Kingdom,Fatima Muller,"Carlos Sharma, Lucas Johnson, Carlos Johnson, Kenji Diaz",,"Apr 07, 2004",2004,TV-MA,165 min,"Dramas, Reality TV, International Movies","An emotional story that explores family, ambition, and the human condition."
s1033,Movie,Hidden World,Aiko Muller,"Kenji Johnson, Aiko Johnson, James Diaz",Egypt,"March 24, 2016",2014,NR,183 min,Romantic Movies,"An emotional story that explores family, ambition, and the human condition."
s157,Movie,Broken Journey,Amara Tanaka,,France,2003-11-17,2003,TV-14,176 min,Action & Adventure,"An emotional story that explores family, ambition, and the human condition."
s540,Movie,Golden City,Fatima Muller,,South Korea,"Jan 07, 2009",2008,TV-14,69 min,Thrillers,"An emotional story that explores family, ambition, and the human condition."
s462,TV Show,A Story,,"Omar Chen, Maria Garcia, Priya Nguyen",Egypt,2016-03-09,2016,TV-14,5 Seasons,Anime,"An emotional story that explores family, ambition, and the human condition."
s577,Movie,Midnight Kingdom,Maria Khan,"Elena Chen, Elena Chen, Sofia Silva, Sofia Tanaka",Spain,08/25/2019,2017,TV-PG,113 min,Reality TV,"An emotional story that explores family, ambition, and the human condition."
s256,Movie,Hidden Truth,Priya Rossi,"Elena Tanaka, Amara Johnson, Kenji Johnson",Italy,2017-12-31,2017,PG-13,141 min,"Anime, Stand-Up Comedy, Thrillers","An emotional story that explores family, ambition, and the human condition."
s980,Movie,The Heart,Aiko Garcia,"Elena Rossi, Sofia Rossi, Omar Smith, Maria Garcia, Lucas Silva",,2022-11-07,2022,R,101 min,Sci-Fi & Fantasy,"An emotional story that explores family, ambition, and the human condition."
s1007,Movie,Golden Truth,Sofia Rossi,Maria Chen,Spain,06/01/2019,2018,TV-14,65 min,Romantic Movies,"An emotional story that explores family, ambition, and the human condition."
s561,Movie,Silent Shadow,Omar Nguyen,"James Muller, Elena Khan, Lucas Sharma",Mexico,2013-05-17,2011,TV-MA,63 min,"Documentaries, Action & Adventure, Crime TV Shows","An emotional story that explores family, ambition, and the human condition."
s209,Movie,Last Story,Priya Khan,Kenji Tanaka,India,07/20/2007,2006,TV-G,129 min,"Horror Movies, Reality TV, Action & Adventure","An emotional story that explores family, ambition, and the human condition."
s911,TV Show,Rising Dream,Carlos Costa,,India,11/19/2006,2005,TV-PG,3 Seasons,"Dramas, Reality TV, Romantic Movies","An emotional story that explores family, ambition, and the human condition."
s2,TV Show,Broken Legacy,,Maria Brown,Egypt,"July 09, 2014",2014,TV-Y,4 Seasons,Kids' TV,"An emotional story that explores family, ambition, and the human condition."
s270,Movie,A Journey,Elena Tanaka,Amara Garcia,  australia  ,"Sep 18, 2012",2010,TV-PG,107 min,"International Movies, Thrillers","An emotional story that explores family, ambition, and the human condition."
s266,Movie,A Truth,Wei Kim,"Carlos Johnson, Amara Tanaka",Nigeria,"Apr 06, 2008",2008,TV-Y,122 min,"Documentaries, Anime","An emotional story that explores family, ambition, and the human condition."
s915,Movie,Secret City,,James Khan,Japan,"October 31, 2016",2015,NR,159 min,"Action & Adventure, Romantic Movies, Crime TV Shows","An emotional story that explores family, ambition, and the human condition."
s231,TV Show,Broken Kingdom,Fatima Khan,"Liam Costa, Elena Garcia, Elena Johnson, Aiko Diaz",Australia,09/03/2003,2001,PG,4 Season,"Crime TV Shows, Action & Adventure, Horror Movies","An emotional story that explores family, ambition, and the human condition."
s684,Movie,Secret Story,Amara Sharma,"Priya Chen, Liam Smith",United Kingdom,2006-02-28,2005,TV-Y,167 min,Crime TV Shows,"An emotional story that explores family, ambition, and the human condition."
s1198,Movie,The Shadow,,Sofia Chen,South Korea,"Jan 04, 2008",2007,R,65 min,"Dramas, Stand-Up Comedy, Thrillers","An emotional story that explores family, ambition, and the human condition."
s865,TV Show,Midnight Story,,Fatima Muller,Canada,"Jun 01, 1999",1999,PG,4 Seasons,"Kids' TV, Thrillers, Romantic Movies","An emotional story that explores family, ambition, and the human condition."
s1067,TV Show,A World,Liam Diaz,"Sofia Tanaka, Liam Khan, Liam Costa, Maria Muller",Italy,2009-07-13,2008,TV-MA,5 Seasons,"Anime, Thrillers","An emotional story that explores family, ambition, and the human condition."
s874,Movie,A Story,Aiko Garcia,"Fatima Khan, Amara Chen, Noah Johnson, Liam Chen, Omar Diaz",,2016-06-17,2014,PG,137 min,Stand-Up Comedy,"An emotional story that explores family, ambition, and the human condition."
s1086,TV Show,Silent Heart,Lucas Diaz,"James Rossi, Fatima Sharma, Kenji Kim, Aiko Rossi, Carlos Kim",,"March 23, 2024",2022,TV-Y,4 Season,Action & Adventure,"An emotional story that explores family, ambition, and the human condition."
s399,Movie,Midnight Story,Liam Khan,"Fatima Nguyen, Aiko Khan, Kenji Brown",United States,,2008,TV-Y,135 min,"Reality TV, Action & Adventure, Dramas","An emotional story that explores family, ambition, and the human condition."
s1165,Movie,Silent Kingdom,Elena Khan,"Sofia Costa, Carlos Costa, Liam Costa",  united kingdom  ,"March 27, 2018",2017,R,88 min,International Movies,"An emotional story that explores family, ambition, and the human condition."
s46,TV Show,Secret Heart,Amara Johnson,"Kenji Garcia, Omar Kim",France,"January 27, 2018",2017,PG,7 Seasons,"Romantic Movies, Action & Adventure, Documentaries","An emotional story that explores family, ambition, and the human condition."
s162,TV Show,Golden Shadow,Omar Kim,"Noah Johnson, Aiko Costa",,"Aug 20, 2022",2020,TV-G,1 Seasons,"International Movies, Romantic Movies","An emotional story that explores family, ambition, and the human condition."
s992,Movie,Midnight Heart,Omar Sharma,Elena Silva,Japan,"Dec 03, 2005",2004,TV-Y,78 min,"Kids' TV, Romantic Movies, Action & Adventure","An emotional story that explores family, ambition, and the human condition."
s728,Movie,Hidden Kingdom,,Priya Johnson,Mexico,,2017,PG,175 min,"Romantic Movies, Anime","An emotional story that explores family, ambition, and the human condition."
s630,Movie,Hidden Journey,,"James Diaz, Kenji Silva, Amara Brown, Fatima Khan",Egypt,06/28/2000,1999,NR,170 min,Thrillers,"An emotional story that explores family, ambition, and the human condition."
s289,Movie,Rising Shadow,Kenji Diaz,Aiko Costa,  india  ,05/27/2016,2016,TV-PG,135 min,"Action & Adventure, Documentaries","An emotional story that explores family, ambition, and the human condition."
s1060,Movie,Rising Story Rising Story,Noah Brown,,United States,"February 22, 2000",1999,TV-PG,104 min,"Kids' TV, Anime, Comedies","An emotional story that explores family, ambition, and the human condition."
s1188,Movie,Secret Dream,Kenji Khan,,South Korea,"Feb 19, 2024",2022,TV-PG,173 min,"Romantic Movies, Reality TV","An emotional story that explores family, ambition, and the human condition."
s576,TV Show,Secret Truth,Maria Garcia,"Amara Sharma, Amara Rossi, Priya Smith",South Korea,2023-08-28,2022,TV-MA,6 Seasons,"Horror Movies, International Movies, Kids' TV","An emotional story that explores family, ambition, and the human condition."
s851,Movie,The Heart,James Garcia,"Fatima Silva, Wei Costa, Liam Chen, Carlos Garcia",France,"Jul 31, 2009",2009,R,169 min,"Horror Movies, Comedies","An emotional story that explores family, ambition, and the human condition."
s912,Movie,Rising Story,Aiko Nguyen,"Lucas Diaz, Liam Kim, Liam Silva",South Korea,"Aug 06, 2022",2020,TV-PG,178 min,Crime TV Shows,"An emotional story that explores family, ambition, and the human condition."
s1101,Movie,Silent Legacy,Sofia Costa,"Kenji Sharma, Aiko Garcia",Germany,"May 31, 2002",2002,PG,187 min,"Anime, International Movies, Reality TV","An emotional story that explores family, ambition, and the human condition."
s933,Movie,Secret Legacy,,"Maria Nguyen, Lucas Nguyen, Priya Garcia",France,"May 07, 2009",2008,R,178 min,"Kids' TV, Reality TV","An emotional story that explores family, ambition, and the human condition."
s248,TV Show,Silent Truth,Carlos Brown,"Carlos Muller, Sofia Rossi, Fatima Costa",Australia,"May 14, 2022",2020,R,1 Season,"International Movies, Documentaries, Dramas","An emotional story that explores family, ambition, and the human condition."
s477,TV Show,Secret Kingdom,,Noah Garcia,Italy,"Jan 18, 2007",2005,PG-13,2 Seasons,"Documentaries, Action & Adventure","An emotional story that explores family, ambition, and the human condition."
s86,TV Show,The Truth,,,United Kingdom,2001-09-09,2000,TV-MA,3 Season,"Action & Adventure, Kids' TV, Documentaries","An emotional story that explores family, ambition, and the human condition."
s470,Movie,Broken Shadow,Liam Garcia,"Priya Rossi, James Brown, Carlos Diaz",Spain,"March 16, 2002",2001,,125 min,Reality TV,"An emotional story that explores family, ambition, and the human condition."
s226,Movie,A Story,,"Elena Khan, Lucas Diaz, James Nguyen, Sofia Silva",  brazil  ,"December 10, 2005",2005,R,100 min,"Romantic Movies, Documentaries, Sci-Fi & Fantasy","An emotional story that explores family, ambition, and the human condition."
s775,Movie,Golden World,Omar Khan,Noah Tanaka,United Kingdom,"July 10, 2009",2009,TV-PG,127 min,"Dramas, Anime, International Movies","An emotional story that explores family, ambition, and the human condition."
s332,Movie,Broken Story,Maria Johnson,"Sofia Chen, Liam Kim, Liam Garcia",,"May 07, 2021",2019,NR,142 min,"Anime, Kids' TV, Comedies","An emotional story that explores family, ambition, and the human condition."
s234,Movie,Last Story,Aiko Kim,Maria Diaz,,,2002,TV-14,82 min,"Thrillers, Reality TV","An emotional story that explores family, ambition, and the human condition."
s589,Movie,Midnight Legacy,Sofia Muller,"Lucas Costa, Wei Khan, Liam Khan",Australia,"Feb 22, 2010",2009,TV-MA,185 min,Anime,"An emotional story that explores family, ambition, and the human condition."
s476,Movie,Broken World,Priya Silva,Kenji Brown,South Korea,2020-10-10,2020,TV-14,79 min,"Dramas, Anime, Documentaries","An emotional story that explores family, ambition, and the human condition."
s600,Movie,The Legacy,Carlos Johnson,"Noah Johnson, Elena Muller",Brazil,"December 18, 2011",2011,NR,187 min,"Sci-Fi & Fantasy, Documentaries, Horror Movies","An emotional story that explores family, ambition, and the human condition."
s422,Movie,The Kingdom,,"Liam Garcia, Omar Sharma",,06/28/2007,2006,TV-Y,133 min,Kids' TV,"An emotional story that explores family, ambition, and the human condition."
s183,Movie,Hidden Story,Amara Diaz,"Noah Diaz, Sofia Tanaka, Lucas Diaz, Aiko Silva, Priya Chen",India,"September 01, 2009",2008,NR,85 min,"Action & Adventure, Reality TV","An emotional story that explores family, ambition, and the human condition."
s989,TV Show,Last Story,Lucas Brown,Fatima Sharma,Japan,2004-08-17,2003,PG,6 Seasons,Action & Adventure,"An emotional story that explores family, ambition, and the human condition."
s1001,Movie,Rising Legacy,Amara Rossi,"Amara Chen, Lucas Sharma, Wei Muller, Elena Garcia",  australia  ,06/29/2007,2006,TV-Y,144 min,Action & Adventure,"An emotional story that explores family, ambition, and the human condition."
s50,Movie,Secret Legacy,Noah Costa,"James Brown, Carlos Tanaka, Maria Nguyen",India,"July 25, 2011",2009,R,125 min,Sci-Fi & Fantasy,"An emotional story that explores family, ambition, and the human condition."
s1140,TV Show,Golden Heart,Priya Costa,"Sofia Chen, Omar Nguyen, James Johnson, Omar Brown, Carlos Garcia",Italy,2009-09-28,2009,TV-MA,4 Season,Kids' TV,"An emotional story that explores family, ambition, and the human condition."
s1030,Movie,Secret City,Liam Johnson,Priya Tanaka,Australia,"Jun 19, 2023",2021,NR,173 min,Romantic Movies,"An emotional story that explores family, ambition, and the human condition."
s530,Movie,Silent Shadow,Elena Chen,,Australia,2001-08-11,2001,PG,97 min,"Documentaries, Horror Movies, Thrillers","An emotional story that explores family, ambition, and the human condition."
s487,Movie,Last Truth,Sofia Muller,"Noah Costa, Sofia Costa, Carlos Smith, Lucas Nguyen, Liam Chen",United States,11/09/2011,2011,TV-14,144 min,"Crime TV Shows, Comedies","An emotional story that explores family, ambition, and the human condition."
s498,TV Show,Rising Shadow,,Sofia Sharma,France,03/18/2002,2001,TV-MA,7 Seasons,Documentaries,"An emotional story that explores family, ambition, and the human condition."
s107,Movie,Broken Dream,,,Spain,"October 31, 2015",2014,TV-MA,141 min,Documentaries,"An emotional story that explores family, ambition, and the human condition."
s444,Movie,Hidden Journey,,"Sofia Nguyen, Maria Nguyen, Amara Sharma, Priya Khan, Kenji Kim",South Korea,"August 29, 2013",2012,PG,103 min,"Sci-Fi & Fantasy, Horror Movies, Dramas","An emotional story that explores family, ambition, and the human condition."
s647,Movie,Secret Truth,,"Amara Garcia, Sofia Costa, Fatima Muller",United Kingdom,03/25/2004,2004,PG,89 min,"Romantic Movies, Action & Adventure, Documentaries","An emotional story that explores family, ambition, and the human condition."
s1037,Movie,Silent Dream,,,United States,"Apr 14, 2011",2011,TV-Y,109 min,Anime,"An emotional story that explores family, ambition, and the human condition."
s727,TV Show,A World,Liam Diaz,Amara Johnson,United Kingdom,"July 04, 2008",2008,TV-MA,8 Season,"Dramas, Comedies, Horror Movies","An emotional story that explores family, ambition, and the human condition."
s191,TV Show,Silent Legacy,Aiko Garcia,Omar Tanaka,Spain,06/30/2012,2010,TV-Y,5 Seasons,Dramas,"An emotional story that explores family, ambition, and the human condition."
s283,TV Show,Silent City,,"Carlos Tanaka, Fatima Chen, James Diaz",  france  ,10/16/2000,1999,PG-13,3 Seasons,"Action & Adventure, Sci-Fi & Fantasy, Anime","An emotional story that explores family, ambition, and the human condition."
s30,TV Show,Golden Shadow,Carlos Muller,,India,2022-02-04,2020,TV-G,3 Season,"Sci-Fi & Fantasy, Dramas","An emotional story that explores family, ambition, and the human condition."
s170,Movie,A Story,,"Aiko Khan, Amara Brown, Carlos Chen, James Muller, Priya Costa",Italy,"April 14, 2007",2007,TV-G,137 min,Comedies,"An emotional story that explores family, ambition, and the human condition."
s1002,TV Show,Broken Story,Wei Sharma,"Kenji Silva, Fatima Tanaka, Sofia Sharma, Carlos Rossi, Amara Kim",United States,"July 29, 2017",2016,TV-G,7 Seasons,"Sci-Fi & Fantasy, Romantic Movies","An emotional story that explores family, ambition, and the human condition."
s101,Movie,Silent Journey,Noah Muller,"Carlos Tanaka, Fatima Kim",,"Sep 11, 2003",2002,TV-Y,120 min,"Crime TV Shows, Reality TV, Dramas","An emotional story that explores family, ambition, and the human condition."
s198,TV Show,Hidden City,Wei Rossi,"Wei Diaz, Kenji Khan, Omar Sharma",India,,2000,NR,6 Seasons,"Romantic Movies, Action & Adventure, Crime TV Shows","An emotional story that explores family, ambition, and the human condition."
s496,TV Show,Golden City,Amara Kim,"Elena Tanaka, Sofia Nguyen",Japan,2011-02-16,2010,TV-Y,4 Seasons,Crime TV Shows,"An emotional story that explores family, ambition, and the human condition."
s648,TV Show,Midnight Legacy,Liam Garcia,"James Sharma, Sofia Kim, Kenji Muller, Lucas Brown",  india  ,09/22/2006,2006,R,5 Seasons,"Reality TV, International Movies, Horror Movies","An emotional story that explores family, ambition, and the human condition."
s988,Movie,Golden World,Liam Diaz,"Kenji Nguyen, Omar Rossi",Canada,"February 06, 2007",2007,PG-13,101 min,"Romantic Movies, International Movies","An emotional story that explores family, ambition, and the human condition."
s45,TV Show,Silent Shadow,Priya Garcia,"Fatima Rossi, Carlos Diaz, Carlos Smith, Elena Kim, Liam Silva",,2003-01-14,2002,PG-13,7 Season,Crime TV Shows,"An emotional story that explores family, ambition, and the human condition."
s711,Movie,Rising Shadow,Elena Tanaka,"James Brown, Aiko Rossi",Canada,2006-09-28,2006,PG-13,146 min,"Documentaries, Crime TV Shows","An emotional story that explores family, ambition, and the human condition."
s374,Movie,A Shadow,Sofia Smith,"Fatima Brown, Priya Sharma, Liam Brown, Fatima Johnson, Priya Khan",United States,"January 29, 2003",2001,NR,150 min,"Kids' TV, Anime, Comedies","An emotional story that explores family, ambition, and the human condition."
s679,Movie,Broken Shadow,,"Noah Garcia, Aiko Nguyen",United States,2002-09-27,2001,R,101 min,Sci-Fi & Fantasy,"An emotional story that explores family, ambition, and the human condition."
s567,TV Show,Midnight City,Wei Rossi,"Carlos Kim, Aiko Smith, Elena Tanaka, Sofia Silva",United States,"May 30, 2019",2017,TV-PG,7 Seasons,"Reality TV, Kids' TV, Horror Movies","An emotional story that explores family, ambition, and the human condition."
s848,TV Show,Midnight Truth,Amara Smith,"Maria Smith, Carlos Khan, Wei Smith, Omar Tanaka, Liam Smith",Brazil,"July 15, 2018",2018,PG,8 Seasons,"Crime TV Shows, Action & Adventure, Kids' TV","An emotional story that explores family, ambition, and the human condition."
s461,Movie,Last Story,Wei Tanaka,"Carlos Tanaka, Noah Nguyen",Nigeria,04/17/2015,2014,TV-PG,87 min,"Dramas, Anime, Crime TV Shows","An emotional story that explores family, ambition, and the human condition."
s40,TV Show,Silent Heart,,"Noah Diaz, Omar Chen, Elena Garcia, Carlos Johnson, Lucas Nguyen",Italy,05/29/2018,2018,TV-G,4 Seasons,Thrillers,"An emotional story that explores family, ambition, and the human condition."
s435,TV Show,Hidden Heart,,"Maria Diaz, Noah Chen, Amara Johnson, Lucas Smith",South Korea,"March 12, 2019",2019,TV-14,5 Seasons,"Action & Adventure, Anime","An emotional story that explores family, ambition, and the human condition."
s974,Movie,Secret Journey,Lucas Kim,"Priya Nguyen, Wei Silva, Aiko Khan",  south korea  ,01/07/2016,2015,TV-PG,163 min,"Anime, Action & Adventure","An emotional story that explores family, ambition, and the human condition."
s1008,Movie,Midnight Kingdom,Fatima Rossi,Sofia Chen,  spain  ,2001-08-10,2000,TV-Y,115 min,"Thrillers, Horror Movies","An emotional story that explores family, ambition, and the human condition."
s457,TV Show,Broken Shadow,Omar Nguyen,,  egypt  ,"July 24, 2017",2015,NR,2 Seasons,Anime,"An emotional story that explores family, ambition, and the human condition."
s261,TV Show,The Legacy,James Diaz,"Maria Nguyen, Carlos Nguyen, James Tanaka",Australia,2023-07-19,2022,TV-PG,7 Seasons,"Action & Adventure, Documentaries","An emotional story that explores family, ambition, and the human condition."
s36,Movie,Midnight Truth,Carlos Sharma,"Amara Brown, Carlos Muller, Noah Sharma",  australia  ,"June 19, 2022",2021,TV-MA,116 min,"Reality TV, International Movies, Crime TV Shows","An emotional story that explores family, ambition, and the human condition."
s828,Movie,Last Journey,Liam Sharma,James Costa,,2011-10-08,2009,TV-14,128 min,Kids' TV,"An emotional story that explores family, ambition, and the human condition."
s310,Movie,Silent World,Priya Muller,"James Brown, Carlos Sharma, Sofia Brown, Sofia Kim, Fatima Johnson",  japan  ,02/10/2001,2000,TV-MA,123 min,"Horror Movies, Romantic Movies, Comedies","An emotional story that explores family, ambition, and the human condition."
s277,TV Show,A Kingdom,Sofia Tanaka,,Japan,"Feb 06, 2012",2010,R,7 Seasons,Crime TV Shows,"An emotional story that explores family, ambition, and the human condition."
s637,Movie,Last Dream,Elena Kim,"Sofia Chen, Aiko Garcia",,"May 09, 2002",2001,TV-PG,60 min,"Reality TV, Kids' TV","An emotional story that explores family, ambition, and the human condition."
s655,TV Show,Silent World,Maria Rossi,"Fatima Costa, Fatima Kim",Nigeria,"Dec 19, 2019",2019,NR,6 Seasons,"Reality TV, Stand-Up Comedy, Action & Adventure","An emotional story that explores family, ambition, and the human condition."
s623,Movie,Secret Truth,Kenji Johnson,"Noah Nguyen, Lucas Johnson, Liam Khan, Kenji Silva",United Kingdom,2022-12-28,2021,R,156 min,"Kids' TV, Action & Adventure","An emotional story that explores family, ambition, and the human condition."
s845,Movie,Rising Dream,James Chen,"Amara Sharma, Kenji Brown, James Kim",United Kingdom,"Apr 19, 2011",2009,PG-13,186 min,"Comedies, Anime, Action & Adventure","An emotional story that explores family, ambition, and the human condition."
s394,Movie,Hidden Kingdom,,"Omar Rossi, Wei Tanaka, Lucas Brown, Carlos Johnson",Brazil,"September 27, 2019",2017,TV-Y,93 min,"Documentaries, Reality TV, Thrillers","An emotional story that explores family, ambition, and the human condition."
s108,TV Show,Hidden Story,Kenji Costa,"Sofia Kim, James Chen, Omar Nguyen, Fatima Smith, Aiko Rossi",Egypt,"May 05, 2001",2000,TV-Y,7 Seasons,"Kids' TV, Horror Movies, Romantic Movies","An emotional story that explores family, ambition, and the human condition."
s350,Movie,Golden Shadow,Priya Smith,"Lucas Rossi, Liam Smith",France,,1998,TV-14,146 min,Romantic Movies,"An emotional story that explores family, ambition, and the human condition."
s525,Movie,The Journey,,"Lucas Johnson, Noah Garcia, Kenji Smith",Japan,"Sep 26, 2017",2016,TV-PG,165 min,"Horror Movies, Romantic Movies","An emotional story that explores family, ambition, and the human condition."
s785,Movie,Last Kingdom,Priya Brown,"James Garcia, Sofia Johnson",  india  ,"Oct 28, 2005",2005,TV-MA,173 min,"Action & Adventure, Stand-Up Comedy","An emotional story that explores family, ambition, and the human condition."
s48,Movie,Midnight World,Amara Kim,"Elena Kim, Fatima Garcia, Kenji Tanaka, Priya Smith",Germany,2017-08-01,2015,PG-13,96 min,"Romantic Movies, Comedies, Action & Adventure","An emotional story that explores family, ambition, and the human condition."
s204,Movie,The Legacy,,"Lucas Brown, Fatima Kim, Liam Brown",  germany  ,03/05/2010,2009,PG-13,142 min,Crime TV Shows,"An emotional story that explores family, ambition, and the human condition."
s22,Movie,A Story,Aiko Diaz,"Liam Tanaka, Wei Kim, Amara Smith, Omar Johnson",  italy  ,2017-01-04,2016,R,85 min,Thrillers,"An emotional story that explores family, ambition, and the human condition."
s403,Movie,Silent Kingdom,Kenji Diaz,"Elena Tanaka, Omar Rossi, Lucas Costa",Mexico,2003-01-18,2001,R,120 min,"Comedies, International Movies","An emotional story that explores family, ambition, and the human condition."
s1108,Movie,Broken Heart,,"Sofia Johnson, Lucas Khan, Amara Costa, Kenji Brown, Omar Rossi",Japan,2021-09-24,2021,PG-13,164 min,International Movies,"An emotional story that explores family, ambition, and the human condition."
s1155,Movie,A Kingdom,Kenji Costa,"Kenji Nguyen, Priya Kim, Liam Tanaka, Fatima Tanaka",Canada,"February 17, 2008",2007,TV-Y,75 min,"Kids' TV, Stand-Up Comedy, International Movies","An emotional story that explores family, ambition, and the human condition."
s990,Movie,Golden Truth,,"Liam Nguyen, Kenji Smith",Nigeria,,2018,PG-13,81 min,"Sci-Fi & Fantasy, Stand-Up Comedy","An emotional story that explores family, ambition, and the human condition."
s742,TV Show,Golden Heart,Liam Johnson,"Amara Garcia, Maria Diaz, Wei Brown, Lucas Nguyen, James Smith",Egypt,"September 11, 2015",2014,TV-MA,6 Seasons,"Action & Adventure, Anime","An emotional story that explores family, ambition, and the human condition."
s1148,TV Show,Golden World,,Carlos Smith,United Kingdom,2019-03-30,2017,TV-G,2 Seasons,"Action & Adventure, Crime TV Shows","An emotional story that explores family, ambition, and the human condition."
s34,Movie,Rising Dream,Elena Rossi,"Sofia Rossi, James Rossi, Amara Garcia",Canada,"Aug 13, 2006",2006,TV-PG,89 min,Romantic Movies,"An emotional story that explores family, ambition, and the human condition."
s788,TV Show,A Journey,,"Fatima Chen, Lucas Diaz, Sofia Sharma, Elena Smith, Lucas Garcia",  spain  ,07/15/2023,2022,TV-Y,3 Seasons,"Sci-Fi & Fantasy, Action & Adventure","An emotional story that explores family, ambition, and the human condition."
s924,TV Show,The City,James Brown,"Sofia Costa, James Smith, Elena Muller, Wei Silva, Noah Nguyen",  germany  ,"Oct 22, 2009",2008,TV-MA,6 Seasons,"Thrillers, International Movies","An emotional story that explores family, ambition, and the human condition."
s1044,Movie,Midnight World,Elena Johnson,"Elena Tanaka, Maria Khan, Aiko Rossi, Noah Diaz, Aiko Johnson",United Kingdom,,2016,PG-13,73 min,Anime,"An emotional story that explores family, ambition, and the human condition."
s1181,TV Show,The Heart,Priya Diaz,"Liam Khan, Wei Johnson, Noah Chen, Carlos Brown",France,02/28/2014,2012,,2 Seasons,Stand-Up Comedy,"An emotional story that explores family, ambition, and the human condition."
s580,TV Show,Broken Shadow,Amara Chen,Wei Kim,Spain,2024-03-10,2022,TV-MA,7 Seasons,"Reality TV, Romantic Movies, Dramas","An emotional story that explores family, ambition, and the human condition."
s482,Movie,Broken Kingdom,Kenji Muller,"Omar Muller, Wei Silva, Omar Kim, Fatima Costa",Australia,11/21/2012,2012,TV-14,154 min,"Sci-Fi & Fantasy, Thrillers","An emotional story that explores family, ambition, and the human condition."
s932,TV Show,A Dream,Priya Khan,"Maria Smith, Fatima Costa, James Muller, Elena Kim",,2006-08-22,2006,TV-G,7 Seasons,Sci-Fi & Fantasy,"An emotional story that explores family, ambition, and the human condition."
s357,TV Show,Silent Shadow,Liam Khan,"Sofia Nguyen, Noah Silva",,"July 17, 2019",2017,TV-14,7 Seasons,Stand-Up Comedy,"An emotional story that explores family, ambition, and the human condition."
s760,Movie,Broken Legacy,Priya Costa,"Liam Rossi, Wei Diaz, Maria Muller",Italy,2014-09-05,2013,TV-MA,134 min,"Crime TV Shows, Kids' TV, Anime","An emotional story that explores family, ambition, and the human condition."
s93,Movie,Last City,James Silva,"Lucas Silva, Fatima Silva, Sofia Diaz, Sofia Smith",Japan,"May 23, 2017",2017,NR,118 min,"Sci-Fi & Fantasy, International Movies, Stand-Up Comedy","An emotional story that explores family, ambition, and the human condition."
s1176,Movie,Silent Story,Omar Johnson,"Omar Garcia, Kenji Rossi, Sofia Kim, Priya Garcia",Brazil,2002-08-07,2001,TV-MA,65 min,"Crime TV Shows, Stand-Up Comedy, Anime","An emotional story that explores family, ambition, and the human condition."
s804,Movie,A City,Elena Rossi,"Sofia Kim, Liam Muller",United Kingdom,2010-06-05,2008,TV-MA,74 min,"Dramas, Crime TV Shows","An emotional story that explores family, ambition, and the human condition."
s746,Movie,Hidden Story,Wei Muller,"Liam Kim, Sofia Tanaka, Wei Khan, Sofia Garcia, Carlos Smith",Italy,"May 12, 2016",2015,R,172 min,"Sci-Fi & Fantasy, Action & Adventure","An emotional story that explores family, ambition, and the human condition."
s280,Movie,The World,,Sofia Khan,Germany,05/27/2012,2010,TV-14,144 min,Anime,"An emotional story that explores family, ambition, and the human condition."
s765,Movie,Midnight Journey,Lucas Brown,"Fatima Kim, Priya Rossi, James Smith, Kenji Garcia, Wei Silva",United Kingdom,"Jul 16, 2018",2017,TV-Y,77 min,"Crime TV Shows, Romantic Movies","An emotional story that explores family, ambition, and the human condition."
s605,Movie,Secret World,,"Amara Sharma, Noah Khan, Maria Johnson, Elena Rossi, Aiko Diaz",Brazil,"May 14, 2003",2002,TV-G,80 min,"Crime TV Shows, Romantic Movies","An emotional story that explores family, ambition, and the human condition."
s538,TV Show,Midnight World,James Kim,"Liam Smith, Amara Diaz, Carlos Silva, Kenji Smith",  egypt  ,2021-08-29,2019,NR,4 Seasons,Dramas,"An emotional story that explores family, ambition, and the human condition."
s401,Movie,A Legacy,Omar Sharma,Amara Brown,Canada,,2004,TV-14,144 min,"Reality TV, Anime","An emotional story that explores family, ambition, and the human condition."
s258,Movie,A Legacy,,"Liam Rossi, Liam Tanaka, Sofia Tanaka, Noah Chen",  south korea  ,2018-12-23,2017,PG,156 min,"Stand-Up Comedy, Documentaries, Action & Adventure","An emotional story that explores family, ambition, and the human condition."
s945,Movie,Broken Kingdom,Priya Kim,"Elena Brown, Elena Brown, Aiko Rossi",United Kingdom,2010-02-27,2009,TV-MA,136 min,"Action & Adventure, Kids' TV, Documentaries","An emotional story that explores family, ambition, and the human condition."
s1097,Movie,Rising Heart,,"James Johnson, Priya Sharma, Aiko Diaz, Maria Johnson",Nigeria,"February 28, 2019",2018,PG,111 min,"Anime, Dramas","An emotional story that explores family, ambition, and the human condition."
s1162,Movie,Rising Shadow,,,Australia,"May 19, 2022",2021,R,108 min,"Anime, Stand-Up Comedy","An emotional story that explores family, ambition, and the human condition."
s495,Movie,Secret Heart,Carlos Tanaka,"Liam Nguyen, Noah Johnson",India,"Feb 28, 2020",2019,PG,108 min,"Crime TV Shows, Kids' TV","An emotional story that explores family, ambition, and the human condition."
s773,TV Show,The Journey,Fatima Kim,"Maria Tanaka, Wei Kim",Italy,"January 24, 2005",2004,PG,4 Seasons,"Thrillers, Dramas","An emotional story that explores family, ambition, and the human condition."
s551,TV Show,Broken City,Elena Garcia,Fatima Kim,Mexico,2015-11-28,2015,TV-MA,6 Seasons,"Anime, Reality TV","An emotional story that explores family, ambition, and the human condition."
s202,Movie,Broken City,Amara Tanaka,"Maria Tanaka, Noah Brown",Nigeria,"February 13, 2022",2021,TV-PG,155 min,"Crime TV Shows, Romantic Movies","An emotional story that explores family, ambition, and the human condition."
s313,Movie,Midnight Truth,,Amara Nguyen,Australia,"Aug 15, 2004",2003,TV-14,147 min,"Reality TV, International Movies, Kids' TV","An emotional story that explores family, ambition, and the human condition."
s291,TV Show,Rising Story,Omar Johnson,"Aiko Sharma, Fatima Silva, Lucas Nguyen",,"Sep 19, 2022",2021,PG-13,6 Seasons,Action & Adventure,"An emotional story that explores family, ambition, and the human condition."
s764,Movie,Hidden Truth,Amara Nguyen,"Fatima Muller, Sofia Tanaka",  brazil  ,"October 08, 2008",2007,TV-PG,111 min,"Anime, Sci-Fi & Fantasy, Documentaries","An emotional story that explores family, ambition, and the human condition."
s1137,TV Show,Broken City,Noah Sharma,Omar Smith,,"January 22, 2000",1998,TV-14,3 Seasons,"Action & Adventure, Kids' TV","An emotional story that explores family, ambition, and the human condition."
s950,TV Show,A Kingdom,Elena Silva,Aiko Silva,Australia,2004-02-04,2002,PG,3 Season,"Documentaries, Stand-Up Comedy, Reality TV","An emotional story that explores family, ambition, and the human condition."
s184,Movie,Midnight Journey,Wei Smith,"Sofia Smith, Lucas Costa, Kenji Rossi",France,10/18/2020,2019,TV-PG,164 min,"Comedies, Sci-Fi & Fantasy, Kids' TV","An emotional story that explores family, ambition, and the human condition."
s1177,Movie,Secret Heart,,,United Kingdom,03/26/2014,2012,TV-G,120 min,"Documentaries, Stand-Up Comedy, Action & Adventure","An emotional story that explores family, ambition, and the human condition."
s1069,TV Show,Last Truth,,"Sofia Nguyen, Liam Silva",United Kingdom,2014-11-11,2014,TV-G,7 Seasons,"Crime TV Shows, Reality TV","An emotional story that explores family, ambition, and the human condition."
s1031,TV Show,Secret Heart,Omar Costa,,Egypt,"Jun 24, 2010",2009,NR,2 Seasons,"Anime, Documentaries, Comedies","An emotional story that explores family, ambition, and the human condition."
s251,Movie,Golden World,,"Maria Chen, Carlos Nguyen, James Khan",Mexico,"November 29, 2022",2021,PG-13,149 min,"Reality TV, Horror Movies, Stand-Up Comedy","An emotional story that explores family, ambition, and the human condition."
s824,TV Show,A World,Priya Sharma,"Omar Garcia, Elena Brown, Fatima Chen, Carlos Silva, Carlos Costa",Japan,12/28/1999,1998,TV-G,8 Season,"Crime TV Shows, Documentaries, Thrillers","An emotional story that explores family, ambition, and the human condition."
s1100,Movie,Midnight Dream,Carlos Smith,"Elena Johnson, Liam Diaz",France,09/25/2006,2006,TV-G,88 min,"Anime, Documentaries, Comedies","An emotional story that explores family, ambition, and the human condition."
s941,Movie,Broken World,,"Elena Muller, Maria Silva, Omar Khan, Sofia Smith",United States,"May 31, 2011",2009,TV-G,150 min,"Crime TV Shows, Dramas","An emotional story that explores family, ambition, and the human condition."
s392,Movie,Secret Shadow,Kenji Tanaka,"Maria Khan, Liam Brown, Wei Sharma, Priya Brown",Brazil,,2022,TV-14,136 min,"Crime TV Shows, Kids' TV","An emotional story that explores family, ambition, and the human condition."
s1093,Movie,Golden Heart,,"Noah Rossi, Kenji Smith, Elena Sharma, Amara Tanaka, Priya Muller",,"August 27, 2023",2022,PG-13,102 min,"Kids' TV, Crime TV Shows","An emotional story that explores family, ambition, and the human condition."
s1192,TV Show,Last Shadow,Wei Muller,"Elena Costa, Priya Khan, Kenji Sharma, James Kim, Aiko Kim",,,2007,TV-PG,1 Seasons,"Anime, Dramas","An emotional story that explores family, ambition, and the human condition."
s905,Movie,Last City,Wei Chen,"Liam Kim, Fatima Kim",Australia,"February 09, 2018",2017,R,182 min,International Movies,"An emotional story that explores family, ambition, and the human condition."
s731,Movie,Last Shadow,Fatima Kim,,United Kingdom,"September 04, 2009",2009,TV-MA,79 min,"Documentaries, Reality TV","An emotional story that explores family, ambition, and the human condition."
s555,Movie,A Dream,Fatima Costa,"Liam Brown, James Chen, Amara Silva",Brazil,01/16/2008,2007,NR,66 min,Stand-Up Comedy,"An emotional story that explores family, ambition, and the human condition."
s367,Movie,The Journey,Noah Kim,"Sofia Costa, Noah Johnson, Wei Chen",Australia,"Nov 13, 2015",2014,NR,164 min,"Reality TV, Dramas, Romantic Movies","An emotional story that explores family, ambition, and the human condition."
s346,Movie,Midnight World,James Smith,"Sofia Silva, Aiko Nguyen, Lucas Silva, Amara Brown, Noah Garcia",Egypt,"November 13, 2000",1999,TV-MA,174 min,"Horror Movies, Documentaries","An emotional story that explores family, ambition, and the human condition."
s536,Movie,Rising Kingdom,Lucas Brown,"Carlos Nguyen, Noah Khan, Noah Garcia",Egypt,2022-12-30,2022,TV-G,123 min,"Sci-Fi & Fantasy, International Movies, Anime","An emotional story that explores family, ambition, and the human condition."
s665,Movie,The Kingdom,,"Omar Johnson, Wei Khan, Omar Tanaka",Nigeria,"March 20, 2014",2012,NR,89 min,"Anime, Kids' TV, Comedies","An emotional story that explores family, ambition, and the human condition."
s920,Movie,Silent City,,"Amara Brown, Liam Khan",Egypt,01/15/2016,2015,TV-14,186 min,Horror Movies,"An emotional story that explores family, ambition, and the human condition."
s212,Movie,Broken Kingdom,Sofia Tanaka,"Wei Johnson, Carlos Khan, Fatima Kim, Noah Sharma, Lucas Diaz",India,"Feb 20, 2018",2016,PG,138 min,"Anime, Crime TV Shows","An emotional story that explores family, ambition, and the human condition."
s503,TV Show,Rising Shadow,,"Amara Muller, Noah Garcia, James Khan",Brazil,"Oct 28, 2007",2007,NR,8 Seasons,International Movies,"An emotional story that explores family, ambition, and the human condition."
s538,TV Show,Midnight World,James Kim,"Liam Smith, Amara Diaz, Carlos Silva, Kenji Smith",  egypt  ,2021-08-29,2019,NR,4 Seasons,Dramas,"An emotional story that explores family, ambition, and the human condition."
s1007,Movie,Golden Truth,Sofia Rossi,Maria Chen,Spain,06/01/2019,2018,TV-14,65 min,Romantic Movies,"An emotional story that explores family, ambition, and the human condition."
s176,TV Show,The Kingdom,,Lucas Rossi,Mexico,2002-04-17,2001,PG,8 Season,Reality TV,"An emotional story that explores family, ambition, and the human condition."
